x	T1	T2	T3
0.12399999797344208	32.514686584472656	32.6048496826436	25.89413833618164
1.0119999647140503	25.89413833618164	26.885932799929137	25.89413833618164
3.2829999923706055	25.89413833618164	25.89413833618164	25.89413833618164
3.388000011444092	32.514686584472656	25.89413833618164	25.89413833618164
3.493000030517578	25.89413833618164	32.514686584472656	25.89413833618164
3.5969998836517334	25.89413833618164	25.89413833618164	25.89413833618164
3.7019999027252197	25.89413833618164	25.89413833618164	25.89413833618164
3.821000099182129	25.89413833618164	32.4595194048357	25.89413833618164
3.9130001068115234	32.514686584472656	25.89413833618164	25.89413833618164
4.014999866485596	25.89413833618164	25.89413833618164	25.89413833618164
4.120999813079834	25.89413833618164	25.89413833618164	25.89413833618164
4.228000164031982	32.514686584472656	25.89413833618164	25.89413833618164
4.334000110626221	25.89413833618164	25.89413833618164	25.89413833618164
4.439000129699707	32.514686584472656	32.514686584472656	25.89413833618164
4.544000148773193	25.89413833618164	25.89413833618164	25.89413833618164
4.64900016784668	32.514686584472656	25.89413833618164	25.89413833618164
4.754000186920166	25.89413833618164	25.89413833618164	25.89413833618164
4.869999885559082	32.514686584472656	32.514686584472656	25.89413833618164
4.97599983215332	32.514686584472656	25.89413833618164	25.89413833618164
5.080999851226807	32.514686584472656	32.514686584472656	25.89413833618164
5.184999942779541	32.514686584472656	32.514686584472656	25.89413833618164
5.291999816894531	32.514686584472656	32.514686584472656	25.89413833618164
5.396999835968018	25.89413833618164	32.514686584472656	25.89413833618164
5.501999855041504	25.89413833618164	25.956591843080787	25.89413833618164
5.609000205993652	25.89413833618164	32.514686584472656	25.89413833618164
5.714000225067139	25.89413833618164	25.89413833618164	25.89413833618164
5.822999954223633	32.514686584472656	32.514686584472656	25.89413833618164
5.922999858856201	25.89413833618164	25.89413833618164	25.89413833618164
6.0279998779296875	32.514686584472656	25.89413833618164	25.89413833618164
6.133999824523926	32.514686584472656	25.89413833618164	25.89413833618164
6.239999771118164	32.514686584472656	25.89413833618164	32.514686584472656
6.3460001945495605	32.514686584472656	32.514686584472656	25.89413833618164
6.452000141143799	32.514686584472656	32.514686584472656	32.514686584472656
6.558000087738037	32.514686584472656	25.89413833618164	25.89413833618164
6.663000106811523	32.514686584472656	25.89413833618164	25.89413833618164
6.769000053405762	32.514686584472656	32.514686584472656	25.89413833618164
6.872000217437744	25.89413833618164	25.89413833618164	25.89413833618164
6.9770002365112305	25.89413833618164	32.45223307757351	25.89413833618164
7.084000110626221	32.514686584472656	25.956008207064087	25.89413833618164
7.189000129699707	32.514686584472656	25.89413833618164	25.89413833618164
7.294000148773193	25.89413833618164	25.89413833618164	25.89413833618164
7.400000095367432	32.514686584472656	32.514686584472656	25.89413833618164
7.502999782562256	32.514686584472656	32.514686584472656	25.89413833618164
7.607999801635742	25.89413833618164	25.89413833618164	25.89413833618164
7.716000080108643	32.514686584472656	25.89413833618164	32.514686584472656
7.827000141143799	32.514686584472656	25.89413833618164	25.89413833618164
7.926000118255615	32.514686584472656	25.89413833618164	25.89413833618164
8.029999732971191	32.514686584472656	25.89413833618164	25.89413833618164
8.13599967956543	25.89413833618164	25.89413833618164	25.89413833618164
8.241000175476074	25.89413833618164	32.514686584472656	25.89413833618164
8.345000267028809	32.514686584472656	25.89413833618164	25.89413833618164
8.449999809265137	32.514686584472656	25.89413833618164	25.89413833618164
8.555999755859375	32.514686584472656	32.514686584472656	25.89413833618164
8.65999984741211	25.89413833618164	32.514686584472656	25.89413833618164
8.767000198364258	25.89413833618164	25.89413833618164	25.89413833618164
8.880000114440918	32.514686584472656	25.89413833618164	25.89413833618164
8.982999801635742	25.89413833618164	25.89413833618164	25.89413833618164
9.08899974822998	32.514686584472656	25.89413833618164	25.89413833618164
9.194000244140625	25.89413833618164	25.89413833618164	32.514686584472656
9.298999786376953	25.89413833618164	25.89413833618164	25.89413833618164
9.406000137329102	25.89413833618164	25.89413833618164	25.89413833618164
9.51099967956543	25.89413833618164	32.514686584472656	25.89413833618164
9.614999771118164	32.514686584472656	25.89413833618164	25.89413833618164
9.720999717712402	32.514686584472656	25.89413833618164	32.514686584472656
9.82800006866455	32.514686584472656	25.89413833618164	25.89413833618164
9.932000160217285	32.514686584472656	25.89413833618164	25.89413833618164
10.03600025177002	32.514686584472656	25.89413833618164	25.89413833618164
10.142000198364258	25.89413833618164	25.89413833618164	25.89413833618164
10.246999740600586	25.89413833618164	32.514686584472656	25.89413833618164
10.352999687194824	25.89413833618164	25.95603743520709	25.89413833618164
10.458999633789062	25.89413833618164	25.89413833618164	32.45220329526216
10.562999725341797	32.514686584472656	32.514686584472656	25.89413833618164
10.668000221252441	25.89413833618164	25.89413833618164	25.89413833618164
10.772000312805176	32.514686584472656	25.89413833618164	25.89413833618164
10.885000228881836	25.89413833618164	32.514686584472656	25.89413833618164
10.98900032043457	25.89413833618164	32.514686584472656	25.89413833618164
11.095999717712402	25.89413833618164	25.89413833618164	25.89413833618164
11.199999809265137	25.89413833618164	25.89413833618164	25.89413833618164
11.305000305175781	32.514686584472656	32.514686584472656	25.89413833618164
11.407999992370605	32.514686584472656	25.89413833618164	25.89413833618164
11.512999534606934	32.514686584472656	32.45220329526216	25.89413833618164
11.616999626159668	32.514686584472656	25.957823138958823	25.89413833618164
11.723999977111816	25.89413833618164	25.89413833618164	32.514686584472656
11.840999603271484	32.514686584472656	25.89413833618164	25.9502673497954
11.932999610900879	25.89413833618164	25.89413833618164	25.89413833618164
12.039999961853027	32.514686584472656	32.514686584472656	25.89413833618164
12.142999649047852	25.89413833618164	25.89413833618164	25.89413833618164
12.24899959564209	32.514686584472656	32.45278748544721	32.45278748544721
12.354999542236328	25.89413833618164	32.514686584472656	32.514686584472656
12.460000038146973	32.514686584472656	32.514686584472656	25.89413833618164
12.5649995803833	25.89413833618164	32.514686584472656	25.89413833618164
12.668999671936035	25.89413833618164	25.89413833618164	25.89413833618164
12.77299976348877	32.514686584472656	25.89413833618164	25.89413833618164
12.895000457763672	32.514686584472656	25.89413833618164	25.89413833618164
12.99899959564209	32.514686584472656	25.89413833618164	25.89413833618164
13.104000091552734	32.514686584472656	25.89413833618164	25.89413833618164
13.211000442504883	25.89413833618164	25.89413833618164	25.89413833618164
13.314000129699707	25.89413833618164	25.89413833618164	25.89413833618164
13.418999671936035	32.514686584472656	25.89413833618164	25.89413833618164
13.52299976348877	32.514686584472656	32.514686584472656	25.89413833618164
13.628000259399414	25.89413833618164	25.89413833618164	25.89413833618164
13.732999801635742	32.514686584472656	32.514686584472656	25.89413833618164
13.845000267028809	25.89413833618164	32.514686584472656	32.514686584472656
13.944999694824219	25.89413833618164	25.89413833618164	25.89413833618164
14.052000045776367	25.89413833618164	25.89413833618164	32.514686584472656
14.156000137329102	25.89413833618164	25.89413833618164	25.89413833618164
14.260000228881836	25.89413833618164	25.89413833618164	32.4516681052337
14.366000175476074	25.89413833618164	25.89413833618164	25.95656206076944
14.472000122070312	32.514686584472656	25.89413833618164	25.89413833618164
14.576000213623047	25.89413833618164	32.514686584472656	25.89413833618164
14.682000160217285	25.89413833618164	25.89413833618164	25.89413833618164
14.788000106811523	25.89413833618164	25.89413833618164	25.89413833618164
14.894000053405762	25.89413833618164	25.89413833618164	25.89413833618164
14.99899959564209	32.514686584472656	25.89413833618164	25.89413833618164
15.104000091552734	32.514686584472656	25.89413833618164	25.89413833618164
15.210000038146973	25.89413833618164	25.89413833618164	25.89413833618164
15.315999984741211	25.89413833618164	25.89413833618164	25.89413833618164
15.420999526977539	32.514686584472656	25.89413833618164	25.89413833618164
15.527000427246094	25.89413833618164	25.89413833618164	25.89413833618164
15.630999565124512	25.89413833618164	25.89413833618164	25.89413833618164
15.736000061035156	32.514686584472656	25.89413833618164	25.89413833618164
15.845999717712402	32.514686584472656	32.514686584472656	25.89413833618164
15.947999954223633	32.514686584472656	25.89413833618164	25.89413833618164
16.05299949645996	25.89413833618164	25.89413833618164	32.45214429332821
16.158000946044922	32.514686584472656	25.89413833618164	25.89413833618164
16.261999130249023	25.89413833618164	25.89413833618164	25.89413833618164
16.368000030517578	25.89413833618164	25.89413833618164	32.514686584472656
16.464000701904297	25.89413833618164	25.89413833618164	25.89413833618164
16.555999755859375	32.514686584472656	25.89413833618164	25.89413833618164
16.66200065612793	25.89413833618164	32.514686584472656	25.89413833618164
16.753999710083008	32.514686584472656	25.965289065951207	25.89413833618164
16.878000259399414	32.514686584472656	25.89413833618164	25.89413833618164
16.985000610351562	32.514686584472656	32.514686584472656	25.89413833618164
17.086000442504883	25.89413833618164	25.89413833618164	25.89413833618164
17.19099998474121	25.89413833618164	32.514686584472656	25.89413833618164
17.29599952697754	25.89413833618164	32.514686584472656	25.89413833618164
17.399999618530273	32.514686584472656	32.514686584472656	25.89413833618164
17.506000518798828	25.89413833618164	25.95597842748638	25.89413833618164
17.604000091552734	25.89413833618164	25.89413833618164	25.89413833618164
17.708999633789062	25.89413833618164	25.89413833618164	25.89413833618164
17.850000381469727	32.514686584472656	32.514686584472656	32.514686584472656
17.92099952697754	32.514686584472656	25.89413833618164	25.89413833618164
18.027999877929688	32.514686584472656	32.514686584472656	32.514686584472656
18.134000778198242	32.514686584472656	32.514686584472656	25.89413833618164
18.23900032043457	25.89413833618164	25.89413833618164	25.89413833618164
18.3439998626709	25.89413833618164	25.89413833618164	25.89413833618164
18.450000762939453	25.89413833618164	25.89413833618164	25.89413833618164
18.555999755859375	32.514686584472656	25.89413833618164	25.89413833618164
18.66200065612793	25.89413833618164	25.89413833618164	25.89413833618164
18.767000198364258	32.514686584472656	25.89413833618164	25.89413833618164
18.902999877929688	25.89413833618164	32.514686584472656	25.89413833618164
19.006000518798828	32.514686584472656	25.89413833618164	25.89413833618164
19.11199951171875	32.514686584472656	25.89413833618164	25.89413833618164
19.216999053955078	32.514686584472656	25.89413833618164	32.514686584472656
19.32200050354004	32.514686584472656	25.89413833618164	25.956561499152482
19.43000030517578	32.514686584472656	32.514686584472656	25.89413833618164
19.531999588012695	32.514686584472656	32.514686584472656	25.89413833618164
19.63800048828125	25.89413833618164	25.89413833618164	25.89413833618164
19.743000030517578	25.89413833618164	32.514686584472656	25.89413833618164
19.868000030517578	32.514686584472656	25.89413833618164	25.89413833618164
19.95400047302246	32.514686584472656	25.89413833618164	25.89413833618164
20.059999465942383	25.89413833618164	25.89413833618164	25.89413833618164
20.165000915527344	25.89413833618164	32.514686584472656	25.89413833618164
20.270000457763672	32.514686584472656	25.9565626223965	25.89413833618164
20.375999450683594	25.89413833618164	32.514686584472656	25.89413833618164
20.481000900268555	32.514686584472656	25.956561499152482	25.89413833618164
20.586000442504883	32.514686584472656	25.89413833618164	25.89413833618164
20.69099998474121	32.514686584472656	32.514686584472656	25.89413833618164
20.797000885009766	25.89413833618164	25.89413833618164	25.89413833618164
20.920000076293945	25.89413833618164	25.89413833618164	25.89413833618164
21.016000747680664	25.89413833618164	32.514686584472656	25.89413833618164
21.121000289916992	32.514686584472656	25.89413833618164	25.89413833618164
21.225000381469727	25.89413833618164	25.89413833618164	25.89413833618164
21.329999923706055	32.514686584472656	25.89413833618164	25.89413833618164
21.437000274658203	32.514686584472656	25.89413833618164	25.89413833618164
21.54199981689453	32.514686584472656	32.514686584472656	25.89413833618164
21.64699935913086	32.514686584472656	25.89413833618164	25.89413833618164
21.750999450683594	25.89413833618164	25.89413833618164	25.89413833618164
21.874000549316406	25.89413833618164	32.514686584472656	25.89413833618164
21.961999893188477	32.514686584472656	25.89413833618164	25.89413833618164
22.06599998474121	32.514686584472656	25.89413833618164	32.4516681052337
22.187999725341797	32.514686584472656	25.89413833618164	25.89413833618164
22.29599952697754	25.89413833618164	32.514686584472656	32.514686584472656
22.43600082397461	32.514686584472656	25.89413833618164	25.941066537495196
22.525999069213867	32.514686584472656	25.89413833618164	25.89413833618164
22.631999969482422	25.89413833618164	25.89413833618164	25.89413833618164
22.735000610351562	25.89413833618164	25.89413833618164	25.89413833618164
22.871999740600586	32.514686584472656	32.514686584472656	25.89413833618164
22.93400001525879	32.514686584472656	25.89413833618164	25.89413833618164
23.04199981689453	25.89413833618164	25.89413833618164	25.89413833618164
23.145999908447266	32.514686584472656	32.514686584472656	25.89413833618164
23.250999450683594	32.514686584472656	32.514686584472656	25.89413833618164
23.3439998626709	25.89413833618164	25.89413833618164	25.89413833618164
23.448999404907227	25.89413833618164	25.89413833618164	25.89413833618164
23.554000854492188	32.514686584472656	25.89413833618164	25.89413833618164
23.659000396728516	25.89413833618164	25.89413833618164	25.89413833618164
23.756000518798828	25.89413833618164	32.514686584472656	25.89413833618164
23.885000228881836	25.89413833618164	32.514686584472656	25.89413833618164
23.96500015258789	32.514686584472656	25.975829232221024	25.89413833618164
24.070999145507812	32.514686584472656	32.514686584472656	25.89413833618164
24.174999237060547	25.89413833618164	32.514686584472656	25.89413833618164
24.280000686645508	25.89413833618164	25.89413833618164	25.89413833618164
24.384000778198242	32.514686584472656	25.89413833618164	25.89413833618164
24.489999771118164	32.514686584472656	32.514686584472656	25.89413833618164
24.593000411987305	25.89413833618164	25.89413833618164	25.89413833618164
24.697999954223633	32.514686584472656	25.89413833618164	25.89413833618164
24.80299949645996	32.514686584472656	32.514686584472656	25.89413833618164
24.934999465942383	32.514686584472656	32.514686584472656	25.89413833618164
25.040000915527344	25.89413833618164	25.89413833618164	25.89413833618164
25.143999099731445	32.514686584472656	25.89413833618164	25.89413833618164
25.249000549316406	32.514686584472656	25.89413833618164	25.89413833618164
25.354999542236328	32.514686584472656	25.89413833618164	25.89413833618164
25.459999084472656	32.514686584472656	25.89413833618164	25.89413833618164
25.565000534057617	32.514686584472656	25.89413833618164	25.89413833618164
25.655000686645508	32.514686584472656	25.89413833618164	25.89413833618164
25.76099967956543	32.514686584472656	32.514686584472656	25.89413833618164
25.88800048828125	32.514686584472656	32.514686584472656	25.89413833618164
25.95800018310547	25.89413833618164	25.89413833618164	32.514686584472656
26.055999755859375	32.514686584472656	32.514686584472656	25.89413833618164
26.15999984741211	25.89413833618164	25.89413833618164	25.89413833618164
26.263999938964844	25.89413833618164	25.89413833618164	25.89413833618164
26.368999481201172	25.89413833618164	25.89413833618164	25.89413833618164
26.46500015258789	32.514686584472656	25.89413833618164	25.89413833618164
26.56999969482422	32.514686584472656	25.89413833618164	25.89413833618164
26.674999237060547	25.89413833618164	32.514686584472656	25.89413833618164
26.77899932861328	25.89413833618164	25.89413833618164	25.89413833618164
26.889999389648438	25.89413833618164	25.89413833618164	25.89413833618164
26.975000381469727	32.514686584472656	25.89413833618164	25.89413833618164
27.079999923706055	25.89413833618164	32.514686584472656	25.89413833618164
27.176000595092773	32.514686584472656	25.89413833618164	25.89413833618164
27.280000686645508	32.514686584472656	32.514686584472656	25.89413833618164
27.374000549316406	25.89413833618164	25.89413833618164	25.89413833618164
27.479999542236328	32.514686584472656	25.89413833618164	25.89413833618164
27.573999404907227	32.514686584472656	25.89413833618164	25.89413833618164
27.67799949645996	25.89413833618164	25.89413833618164	32.451548987874
27.783000946044922	25.89413833618164	32.514686584472656	25.89413833618164
27.91900062561035	32.514686584472656	25.89413833618164	25.89413833618164
28.02199935913086	25.89413833618164	25.89413833618164	25.89413833618164
28.115999221801758	25.89413833618164	25.89413833618164	25.89413833618164
28.22100067138672	32.514686584472656	25.89413833618164	25.89413833618164
28.326000213623047	32.514686584472656	25.89413833618164	25.89413833618164
28.430999755859375	25.89413833618164	32.514686584472656	25.89413833618164
28.53499984741211	32.514686584472656	25.89413833618164	32.4516681052337
28.625999450683594	32.514686584472656	32.514686584472656	25.89413833618164
28.725000381469727	32.514686584472656	25.89413833618164	25.89413833618164
28.829999923706055	25.89413833618164	25.89413833618164	25.89413833618164
28.92300033569336	25.89413833618164	25.89413833618164	25.89413833618164
29.014999389648438	32.514686584472656	25.89413833618164	25.89413833618164
29.11400032043457	32.514686584472656	25.89413833618164	25.89413833618164
29.2189998626709	32.514686584472656	25.89413833618164	25.89413833618164
29.31599998474121	25.89413833618164	25.89413833618164	32.514686584472656
29.420000076293945	25.89413833618164	25.89413833618164	25.957156815420596
29.524999618530273	32.514686584472656	32.514686584472656	25.89413833618164
29.6299991607666	25.89413833618164	25.89413833618164	25.89413833618164
29.725000381469727	32.514686584472656	25.89413833618164	25.89413833618164
29.82900047302246	25.89413833618164	25.89413833618164	25.89413833618164
29.93600082397461	32.514686584472656	25.89413833618164	25.89413833618164
30.042999267578125	32.514686584472656	25.89413833618164	25.89413833618164
30.14900016784668	32.514686584472656	25.89413833618164	25.89413833618164
30.253000259399414	32.514686584472656	32.514686584472656	25.89413833618164
30.357999801635742	25.89413833618164	32.514686584472656	25.89413833618164
30.461999893188477	25.89413833618164	25.89413833618164	25.89413833618164
30.56800079345703	25.89413833618164	32.45284649316792	25.89413833618164
30.672000885009766	32.514686584472656	32.514686584472656	25.89413833618164
30.777000427246094	32.514686584472656	25.89413833618164	25.89413833618164
30.888999938964844	25.89413833618164	25.89413833618164	25.89413833618164
30.98900032043457	25.89413833618164	25.89413833618164	25.89413833618164
31.084999084472656	32.514686584472656	25.89413833618164	25.89413833618164
31.190000534057617	32.514686584472656	25.89413833618164	25.89413833618164
31.295000076293945	25.89413833618164	25.89413833618164	32.514686584472656
31.39900016784668	32.514686584472656	25.89413833618164	25.89413833618164
31.4950008392334	32.514686584472656	32.514686584472656	25.89413833618164
31.594999313354492	32.514686584472656	25.89413833618164	25.89413833618164
31.69499969482422	25.89413833618164	25.89413833618164	25.89413833618164
31.795000076293945	25.89413833618164	25.89413833618164	25.89413833618164
31.92300033569336	32.514686584472656	32.514686584472656	25.89413833618164
32.01499938964844	25.89413833618164	25.89413833618164	25.89413833618164
32.1150016784668	25.89413833618164	25.89413833618164	25.89413833618164
32.22100067138672	32.514686584472656	25.89413833618164	25.89413833618164
32.32699966430664	32.514686584472656	32.514686584472656	25.89413833618164
32.42399978637695	32.514686584472656	25.89413833618164	25.89413833618164
32.52899932861328	25.89413833618164	25.89413833618164	25.89413833618164
32.63600158691406	25.89413833618164	25.89413833618164	25.89413833618164
32.73400115966797	32.514686584472656	25.89413833618164	25.89413833618164
32.84400177001953	32.514686584472656	25.89413833618164	25.89413833618164
32.944000244140625	32.514686584472656	25.89413833618164	25.89413833618164
33.0359992980957	25.89413833618164	32.514686584472656	25.89413833618164
33.138999938964844	25.89413833618164	25.89413833618164	25.89413833618164
33.23500061035156	25.89413833618164	25.89413833618164	25.89413833618164
33.34000015258789	25.89413833618164	32.4522622982578	32.4522622982578
33.446998596191406	25.89413833618164	25.89413833618164	25.89413833618164
33.54499816894531	32.514686584472656	25.89413833618164	32.514686584472656
33.64899826049805	32.514686584472656	32.514686584472656	32.514686584472656
33.75400161743164	25.89413833618164	25.89413833618164	25.89413833618164
33.861000061035156	32.514686584472656	25.89413833618164	25.89413833618164
33.9640007019043	25.89413833618164	25.89413833618164	25.89413833618164
34.07099914550781	32.514686584472656	25.89413833618164	25.89413833618164
34.16400146484375	32.514686584472656	25.89413833618164	25.89413833618164
34.27000045776367	32.514686584472656	25.89413833618164	25.89413833618164
34.375999450683594	32.514686584472656	32.514686584472656	25.89413833618164
34.481998443603516	32.514686584472656	32.514686584472656	25.89413833618164
34.58700180053711	32.514686584472656	25.89413833618164	32.514686584472656
34.69300079345703	32.514686584472656	25.89413833618164	32.514686584472656
34.79800033569336	32.514686584472656	25.89413833618164	25.89413833618164
34.92300033569336	32.514686584472656	32.514686584472656	25.89413833618164
35.01100158691406	32.514686584472656	25.89413833618164	32.514686584472656
35.11600112915039	25.89413833618164	25.89413833618164	25.89413833618164
35.22100067138672	32.514686584472656	32.514686584472656	25.89413833618164
35.32699966430664	25.89413833618164	25.89413833618164	25.89413833618164
35.430999755859375	32.514686584472656	25.89413833618164	32.514686584472656
35.52399826049805	25.89413833618164	25.89413833618164	25.89413833618164
35.62900161743164	32.514686584472656	25.89413833618164	25.89413833618164
35.73500061035156	32.514686584472656	32.514686584472656	25.89413833618164
35.8390007019043	25.89413833618164	32.514686584472656	25.89413833618164
35.974998474121094	25.89413833618164	25.89413833618164	25.89413833618164
36.07400131225586	32.514686584472656	25.89413833618164	25.89413833618164
36.16699981689453	32.514686584472656	25.89413833618164	25.89413833618164
36.27000045776367	32.514686584472656	25.89413833618164	25.89413833618164
36.3650016784668	32.514686584472656	25.89413833618164	25.89413833618164
36.45500183105469	25.89413833618164	25.89413833618164	25.89413833618164
36.560001373291016	25.89413833618164	32.4522622982578	25.89413833618164
36.65399932861328	25.89413833618164	25.964532542628305	25.89413833618164
36.76100158691406	25.89413833618164	25.89413833618164	25.89413833618164
36.86399841308594	32.514686584472656	25.89413833618164	25.89413833618164
36.9640007019043	25.89413833618164	25.89413833618164	25.89413833618164
37.069000244140625	32.514686584472656	25.89413833618164	32.514686584472656
37.17399978637695	25.89413833618164	32.514686584472656	25.89413833618164
37.26499938964844	32.514686584472656	25.89413833618164	25.89413833618164
37.369998931884766	32.514686584472656	25.89413833618164	25.89413833618164
37.4739990234375	32.514686584472656	25.89413833618164	25.89413833618164
37.57899856567383	25.89413833618164	25.89413833618164	25.89413833618164
37.683998107910156	25.89413833618164	32.514686584472656	25.89413833618164
37.78900146484375	32.514686584472656	25.89413833618164	25.89413833618164
37.92900085449219	32.514686584472656	25.89413833618164	25.89413833618164
37.99100112915039	25.89413833618164	32.514686584472656	32.514686584472656
38.09600067138672	25.89413833618164	32.514686584472656	25.89413833618164
38.20199966430664	25.89413833618164	25.89413833618164	25.89413833618164
38.30699920654297	25.89413833618164	32.514686584472656	25.89413833618164
38.4109992980957	25.89413833618164	25.89413833618164	25.89413833618164
38.516998291015625	25.89413833618164	25.89413833618164	25.89413833618164
38.62200164794922	32.514686584472656	25.89413833618164	25.89413833618164
38.72600173950195	32.514686584472656	25.89413833618164	25.89413833618164
38.83100128173828	25.89413833618164	25.89413833618164	25.89413833618164
38.974998474121094	25.89413833618164	25.89413833618164	25.89413833618164
39.08100128173828	32.514686584472656	25.89413833618164	25.89413833618164
39.185001373291016	25.89413833618164	32.514686584472656	25.89413833618164
39.290000915527344	25.89413833618164	32.514686584472656	25.89413833618164
39.39400100708008	32.514686584472656	25.89413833618164	25.89413833618164
39.5	25.89413833618164	25.89413833618164	25.89413833618164
39.604000091552734	32.514686584472656	32.514686584472656	32.4516681052337
39.709999084472656	32.514686584472656	25.89413833618164	25.89413833618164
39.816001892089844	32.514686584472656	32.514686584472656	32.514686584472656
39.96200180053711	32.514686584472656	25.93915153563804	25.93915153563804
40.05400085449219	25.89413833618164	32.514686584472656	25.89413833618164
40.14500045776367	32.514686584472656	25.89413833618164	25.89413833618164
40.244998931884766	32.514686584472656	32.514686584472656	25.89413833618164
40.3489990234375	25.89413833618164	25.89413833618164	25.89413833618164
40.44499969482422	32.514686584472656	25.89413833618164	25.89413833618164
40.54800033569336	25.89413833618164	25.89413833618164	25.89413833618164
40.645999908447266	32.514686584472656	25.89413833618164	25.89413833618164
40.75	25.89413833618164	25.89413833618164	32.514686584472656
40.84600067138672	32.514686584472656	25.89413833618164	25.89413833618164
40.97800064086914	25.89413833618164	25.89413833618164	25.89413833618164
41.07500076293945	25.89413833618164	25.89413833618164	25.89413833618164
41.17399978637695	32.514686584472656	25.89413833618164	25.89413833618164
41.27899932861328	32.514686584472656	25.89413833618164	25.89413833618164
41.375	32.514686584472656	32.514686584472656	25.89413833618164
41.47999954223633	32.514686584472656	25.89413833618164	25.89413833618164
41.57400131225586	32.514686584472656	32.514686584472656	32.514686584472656
41.66600036621094	32.514686584472656	32.514686584472656	25.89413833618164
41.76599884033203	25.89413833618164	32.514686584472656	25.89413833618164
41.86899948120117	25.89413833618164	25.89413833618164	25.89413833618164
41.96699905395508	25.89413833618164	25.89413833618164	25.89413833618164
42.073001861572266	25.89413833618164	25.89413833618164	25.89413833618164
42.176998138427734	32.514686584472656	25.89413833618164	25.89413833618164
42.28200149536133	32.514686584472656	32.514686584472656	32.514686584472656
42.387001037597656	32.514686584472656	25.89413833618164	32.514686584472656
42.492000579833984	25.89413833618164	32.514686584472656	25.89413833618164
42.59600067138672	32.514686584472656	25.89413833618164	25.89413833618164
42.70100021362305	25.89413833618164	32.514686584472656	25.89413833618164
42.80500030517578	25.89413833618164	25.89413833618164	32.514686584472656
42.935001373291016	32.514686584472656	25.89413833618164	25.89413833618164
43.01599884033203	32.514686584472656	25.89413833618164	32.514686584472656
43.119998931884766	32.514686584472656	25.89413833618164	25.89413833618164
43.22800064086914	32.514686584472656	32.514686584472656	25.89413833618164
43.32400131225586	32.514686584472656	25.89413833618164	25.89413833618164
43.43000030517578	32.514686584472656	32.514686584472656	25.89413833618164
43.53499984741211	25.89413833618164	25.89413833618164	25.89413833618164
43.638999938964844	25.89413833618164	32.514686584472656	25.89413833618164
43.73400115966797	32.514686584472656	25.89413833618164	25.89413833618164
43.8380012512207	25.89413833618164	32.514686584472656	25.89413833618164
43.965999603271484	25.89413833618164	32.514686584472656	25.89413833618164
44.066001892089844	25.89413833618164	25.95965118284298	25.89413833618164
44.16899871826172	25.89413833618164	25.89413833618164	25.89413833618164
44.26599884033203	25.89413833618164	25.89413833618164	25.89413833618164
44.37200164794922	32.514686584472656	32.514686584472656	25.89413833618164
44.46500015258789	25.89413833618164	25.89413833618164	25.89413833618164
44.564998626708984	25.89413833618164	25.89413833618164	25.89413833618164
44.66999816894531	25.89413833618164	32.514686584472656	25.89413833618164
44.763999938964844	32.514686584472656	25.89413833618164	25.89413833618164
44.86399841308594	32.514686584472656	25.89413833618164	25.89413833618164
44.98500061035156	32.514686584472656	25.89413833618164	25.89413833618164
45.0890007019043	25.89413833618164	32.514686584472656	25.89413833618164
45.194000244140625	32.514686584472656	25.89413833618164	25.89413833618164
45.284000396728516	32.514686584472656	25.89413833618164	25.89413833618164
45.388999938964844	32.514686584472656	25.89413833618164	25.89413833618164
45.49399948120117	25.89413833618164	32.514686584472656	25.89413833618164
45.5989990234375	25.89413833618164	25.89413833618164	25.89413833618164
45.694000244140625	32.514686584472656	25.89413833618164	25.89413833618164
45.79999923706055	32.514686584472656	25.89413833618164	25.89413833618164
45.93899917602539	25.89413833618164	25.89413833618164	25.89413833618164
46.005001068115234	25.89413833618164	32.514686584472656	25.89413833618164
46.10900115966797	25.89413833618164	25.89413833618164	25.89413833618164
46.20600128173828	25.89413833618164	25.89413833618164	25.89413833618164
46.308998107910156	25.89413833618164	25.89413833618164	25.89413833618164
46.404998779296875	25.89413833618164	25.89413833618164	25.89413833618164
46.5099983215332	25.89413833618164	32.514686584472656	25.89413833618164
46.61600112915039	32.514686584472656	25.89413833618164	25.89413833618164
46.7140007019043	25.89413833618164	25.89413833618164	25.89413833618164
46.819000244140625	25.89413833618164	25.89413833618164	25.89413833618164
46.94900131225586	32.514686584472656	25.89413833618164	25.89413833618164
47.013999938964844	25.89413833618164	25.89413833618164	25.89413833618164
47.11899948120117	25.89413833618164	25.89413833618164	25.89413833618164
47.2239990234375	32.514686584472656	25.89413833618164	25.89413833618164
47.327999114990234	32.514686584472656	25.89413833618164	25.89413833618164
47.42599868774414	25.89413833618164	25.89413833618164	25.89413833618164
47.52399826049805	25.89413833618164	25.89413833618164	25.89413833618164
47.62900161743164	32.514686584472656	25.89413833618164	32.514686584472656
47.724998474121094	32.514686584472656	25.89413833618164	25.89413833618164
47.816001892089844	25.89413833618164	25.89413833618164	25.89413833618164
47.95500183105469	32.514686584472656	25.89413833618164	25.89413833618164
48.01499938964844	32.514686584472656	32.514686584472656	25.89413833618164
48.119998931884766	32.514686584472656	25.89413833618164	25.89413833618164
48.215999603271484	32.514686584472656	25.89413833618164	25.89413833618164
48.323001861572266	32.514686584472656	25.89413833618164	25.89413833618164
48.41400146484375	25.89413833618164	25.89413833618164	25.89413833618164
48.51599884033203	32.514686584472656	25.89413833618164	25.89413833618164
48.61600112915039	32.514686584472656	25.89413833618164	25.89413833618164
48.715999603271484	25.89413833618164	25.89413833618164	25.89413833618164
48.80500030517578	32.514686584472656	25.89413833618164	25.89413833618164
48.94900131225586	25.89413833618164	25.89413833618164	25.89413833618164
49.01499938964844	25.89413833618164	25.89413833618164	25.89413833618164
49.119998931884766	32.514686584472656	32.514686584472656	25.89413833618164
49.2239990234375	32.514686584472656	25.957156815420596	25.89413833618164
49.33000183105469	32.514686584472656	25.89413833618164	25.89413833618164
49.433998107910156	25.89413833618164	25.89413833618164	25.89413833618164
49.53900146484375	32.514686584472656	32.514686584472656	25.89413833618164
49.64500045776367	25.89413833618164	32.514686584472656	25.89413833618164
49.736000061035156	32.514686584472656	25.89413833618164	25.89413833618164
49.84199905395508	25.89413833618164	25.89413833618164	32.514686584472656
49.98500061035156	25.89413833618164	25.89413833618164	25.89413833618164
50.09000015258789	32.514686584472656	25.89413833618164	25.89413833618164
50.185001373291016	32.514686584472656	25.89413833618164	25.89413833618164
50.29199981689453	32.514686584472656	25.89413833618164	25.89413833618164
50.400001525878906	32.514686584472656	25.89413833618164	25.89413833618164
50.50600051879883	32.514686584472656	25.89413833618164	25.89413833618164
50.59400177001953	25.89413833618164	25.89413833618164	25.89413833618164
50.69900131225586	25.89413833618164	25.89413833618164	25.89413833618164
50.80500030517578	32.514686584472656	25.89413833618164	25.89413833618164
50.95100021362305	32.514686584472656	25.89413833618164	25.89413833618164
51.013999938964844	32.514686584472656	32.514686584472656	25.89413833618164
51.11899948120117	32.514686584472656	32.514686584472656	25.89413833618164
51.2140007019043	32.514686584472656	25.89413833618164	25.89413833618164
51.305999755859375	25.89413833618164	32.514686584472656	25.89413833618164
51.39500045776367	32.514686584472656	32.514686584472656	25.89413833618164
51.500999450683594	32.514686584472656	32.514686584472656	25.89413833618164
51.595001220703125	25.89413833618164	32.514686584472656	25.89413833618164
51.69499969482422	25.89413833618164	25.89413833618164	25.89413833618164
51.79499816894531	32.514686584472656	25.89413833618164	32.514686584472656
51.959999084472656	25.89413833618164	25.89413833618164	25.89413833618164
51.99599838256836	32.514686584472656	25.89413833618164	32.514686584472656
52.10200119018555	25.89413833618164	25.89413833618164	25.955977325167463
52.19499969482422	25.89413833618164	25.89413833618164	25.89413833618164
52.29399871826172	25.89413833618164	25.89413833618164	25.89413833618164
52.39899826049805	25.89413833618164	32.514686584472656	25.89413833618164
52.49399948120117	32.514686584472656	25.89413833618164	25.89413833618164
52.59299850463867	32.514686584472656	25.89413833618164	25.89413833618164
52.69900131225586	32.514686584472656	25.89413833618164	25.89413833618164
52.803001403808594	32.514686584472656	25.89413833618164	32.514686584472656
52.9640007019043	32.514686584472656	25.89413833618164	25.89413833618164
53.01300048828125	25.89413833618164	25.89413833618164	25.89413833618164
53.11800003051758	32.514686584472656	25.89413833618164	25.89413833618164
53.222999572753906	32.514686584472656	25.89413833618164	25.89413833618164
53.327999114990234	32.514686584472656	32.514686584472656	25.89413833618164
53.43299865722656	32.514686584472656	25.89413833618164	25.89413833618164
53.5359992980957	25.89413833618164	25.89413833618164	25.89413833618164
53.63999938964844	25.89413833618164	25.89413833618164	25.89413833618164
53.744998931884766	32.514686584472656	25.89413833618164	25.89413833618164
53.85100173950195	25.89413833618164	32.514686584472656	32.514686584472656
54.00400161743164	32.514686584472656	25.89413833618164	25.89413833618164
54.10900115966797	32.514686584472656	25.89413833618164	25.89413833618164
54.2130012512207	25.89413833618164	25.89413833618164	25.89413833618164
54.31999969482422	25.89413833618164	32.514686584472656	25.89413833618164
54.42399978637695	25.89413833618164	32.514686584472656	25.89413833618164
54.52799987792969	32.514686584472656	25.89413833618164	25.89413833618164
54.63399887084961	32.514686584472656	25.89413833618164	32.514686584472656
54.737998962402344	32.514686584472656	25.89413833618164	25.957156815420596
54.84400177001953	32.514686584472656	32.514686584472656	32.514686584472656
54.96500015258789	25.89413833618164	32.514686584472656	25.89413833618164
55.060001373291016	32.514686584472656	25.89413833618164	25.89413833618164
55.15399932861328	32.514686584472656	25.89413833618164	25.89413833618164
55.25899887084961	32.514686584472656	32.514686584472656	25.89413833618164
55.362998962402344	32.514686584472656	25.89413833618164	25.89413833618164
55.45500183105469	32.514686584472656	25.89413833618164	25.89413833618164
55.560001373291016	32.514686584472656	25.89413833618164	25.89413833618164
55.66600036621094	25.89413833618164	25.89413833618164	25.89413833618164
55.77199935913086	25.89413833618164	32.514686584472656	25.89413833618164
55.875999450683594	25.89413833618164	25.89413833618164	25.89413833618164
56.02299880981445	32.514686584472656	25.89413833618164	25.89413833618164
56.130001068115234	32.514686584472656	32.514686584472656	25.89413833618164
56.23500061035156	32.514686584472656	25.9565626223965	25.89413833618164
56.3380012512207	25.89413833618164	25.89413833618164	25.89413833618164
56.44499969482422	25.89413833618164	32.514686584472656	25.89413833618164
56.54800033569336	32.514686584472656	25.89413833618164	32.514686584472656
56.65299987792969	32.514686584472656	25.89413833618164	25.89413833618164
56.75899887084961	32.514686584472656	32.514686584472656	25.89413833618164
56.86399841308594	25.89413833618164	32.514686584472656	25.89413833618164
57.027000427246094	32.514686584472656	25.89413833618164	25.89413833618164
57.13100051879883	32.514686584472656	25.89413833618164	25.89413833618164
57.22600173950195	25.89413833618164	25.89413833618164	25.89413833618164
57.314998626708984	32.514686584472656	32.514686584472656	25.89413833618164
57.41400146484375	32.514686584472656	32.514686584472656	25.89413833618164
57.51499938964844	25.89413833618164	25.89413833618164	25.89413833618164
57.60499954223633	25.89413833618164	25.89413833618164	25.89413833618164
57.70399856567383	32.514686584472656	25.89413833618164	25.89413833618164
57.80500030517578	32.514686584472656	25.89413833618164	25.89413833618164
57.922000885009766	25.89413833618164	25.89413833618164	32.514686584472656
58.03300094604492	32.514686584472656	25.89413833618164	25.89413833618164
58.125	32.514686584472656	25.89413833618164	25.89413833618164
58.22999954223633	32.514686584472656	25.89413833618164	32.514686584472656
58.32600021362305	32.514686584472656	25.89413833618164	25.89413833618164
58.430999755859375	32.514686584472656	25.89413833618164	25.89413833618164
58.53499984741211	25.89413833618164	25.89413833618164	32.514686584472656
58.641998291015625	25.89413833618164	25.89413833618164	25.89413833618164
58.74599838256836	25.89413833618164	25.89413833618164	25.89413833618164
58.849998474121094	32.514686584472656	25.89413833618164	25.89413833618164
59.00400161743164	25.89413833618164	25.89413833618164	25.89413833618164
59.06100082397461	32.514686584472656	25.89413833618164	25.89413833618164
59.16600036621094	32.514686584472656	32.514686584472656	25.89413833618164
59.27199935913086	32.514686584472656	25.89413833618164	25.89413833618164
59.375999450683594	25.89413833618164	25.89413833618164	25.89413833618164
59.481998443603516	25.89413833618164	25.89413833618164	25.89413833618164
59.57500076293945	25.89413833618164	25.89413833618164	25.89413833618164
59.67499923706055	32.514686584472656	25.89413833618164	25.89413833618164
59.76599884033203	32.514686584472656	32.514686584472656	25.89413833618164
59.86399841308594	32.514686584472656	25.89413833618164	25.89413833618164
60.013999938964844	32.514686584472656	25.89413833618164	25.89413833618164
60.0629997253418	32.514686584472656	25.89413833618164	25.89413833618164
60.154998779296875	32.514686584472656	25.89413833618164	32.514686584472656
60.25600051879883	32.514686584472656	32.514686584472656	25.89413833618164
60.354000091552734	25.89413833618164	25.89413833618164	25.89413833618164
60.44599914550781	32.514686584472656	25.89413833618164	25.89413833618164
60.53499984741211	25.89413833618164	25.89413833618164	25.89413833618164
60.6349983215332	32.514686584472656	32.514686584472656	25.89413833618164
60.72700119018555	32.514686584472656	25.89413833618164	25.89413833618164
60.82600021362305	32.514686584472656	25.89413833618164	25.89413833618164
60.93000030517578	32.514686584472656	25.89413833618164	25.89413833618164
61.05699920654297	32.514686584472656	25.89413833618164	25.89413833618164
61.16299819946289	25.89413833618164	25.89413833618164	25.89413833618164
61.27000045776367	32.514686584472656	25.89413833618164	25.89413833618164
61.374000549316406	25.89413833618164	25.89413833618164	25.89413833618164
61.47999954223633	25.89413833618164	32.514686584472656	25.89413833618164
61.58599853515625	32.514686584472656	25.89413833618164	25.89413833618164
61.689998626708984	25.89413833618164	25.89413833618164	25.89413833618164
61.79399871826172	32.514686584472656	32.4516681052337	25.89413833618164
61.900001525878906	32.514686584472656	25.89413833618164	25.89413833618164
62.05400085449219	25.89413833618164	25.89413833618164	32.47199649683109
62.1609992980957	32.514686584472656	25.89413833618164	25.89413833618164
62.26599884033203	25.89413833618164	25.89413833618164	25.89413833618164
62.37200164794922	32.514686584472656	25.89413833618164	25.89413833618164
62.47700119018555	25.89413833618164	25.89413833618164	25.89413833618164
62.582000732421875	32.514686584472656	32.514686584472656	25.89413833618164
62.67499923706055	25.89413833618164	25.89413833618164	25.89413833618164
62.76499938964844	25.89413833618164	25.89413833618164	25.89413833618164
62.87099838256836	32.514686584472656	25.89413833618164	25.89413833618164
63.012001037597656	25.89413833618164	25.89413833618164	25.89413833618164
63.05500030517578	32.514686584472656	32.514686584472656	25.89413833618164
63.1619987487793	25.89413833618164	25.89413833618164	25.89413833618164
63.266998291015625	25.89413833618164	25.89413833618164	25.89413833618164
63.37300109863281	32.514686584472656	25.89413833618164	25.89413833618164
63.47800064086914	25.89413833618164	25.89413833618164	25.89413833618164
63.582000732421875	25.89413833618164	25.89413833618164	25.89413833618164
63.68600082397461	25.89413833618164	32.514686584472656	25.89413833618164
63.79199981689453	32.514686584472656	25.89413833618164	25.89413833618164
63.89799880981445	32.514686584472656	25.89413833618164	25.89413833618164
64.06300354003906	32.514686584472656	25.89413833618164	25.89413833618164
64.16799926757812	32.514686584472656	32.514686584472656	25.89413833618164
64.27400207519531	32.514686584472656	25.955977325167463	25.89413833618164
64.37999725341797	32.514686584472656	25.89413833618164	25.89413833618164
64.48500061035156	32.514686584472656	25.89413833618164	25.89413833618164
64.58999633789062	25.89413833618164	25.89413833618164	25.89413833618164
64.68399810791016	25.89413833618164	32.514686584472656	25.89413833618164
64.78800201416016	32.514686584472656	25.89413833618164	32.514686584472656
64.89399719238281	25.89413833618164	25.89413833618164	25.89413833618164
65.0250015258789	25.89413833618164	25.89413833618164	25.89413833618164
65.08599853515625	32.514686584472656	32.514686584472656	25.89413833618164
65.19300079345703	32.514686584472656	25.89413833618164	25.89413833618164
65.28399658203125	25.89413833618164	25.89413833618164	25.89413833618164
65.38899993896484	32.514686584472656	25.89413833618164	25.89413833618164
65.48400115966797	32.514686584472656	25.89413833618164	25.89413833618164
65.57599639892578	25.89413833618164	25.89413833618164	32.514686584472656
65.68000030517578	32.514686584472656	25.89413833618164	25.89413833618164
65.7750015258789	25.89413833618164	32.514686584472656	25.89413833618164
65.875	32.514686584472656	25.89413833618164	32.514686584472656
66.02799987792969	32.514686584472656	25.89413833618164	25.89413833618164
66.0739974975586	25.89413833618164	25.89413833618164	25.89413833618164
66.16500091552734	25.89413833618164	32.514686584472656	25.89413833618164
66.2699966430664	32.514686584472656	25.89413833618164	25.89413833618164
66.36299896240234	25.89413833618164	25.89413833618164	25.89413833618164
66.46900177001953	25.89413833618164	32.514686584472656	25.89413833618164
66.56500244140625	32.514686584472656	25.89413833618164	25.89413833618164
66.66500091552734	32.514686584472656	25.89413833618164	25.89413833618164
66.7699966430664	25.89413833618164	25.89413833618164	25.89413833618164
66.875	32.514686584472656	25.89413833618164	25.89413833618164
67.02999877929688	32.514686584472656	25.89413833618164	25.89413833618164
67.0770034790039	25.89413833618164	25.89413833618164	25.89413833618164
67.17400360107422	32.514686584472656	25.89413833618164	25.89413833618164
67.27899932861328	25.89413833618164	25.89413833618164	25.89413833618164
67.375	25.89413833618164	25.89413833618164	25.89413833618164
67.47899627685547	32.514686584472656	25.89413833618164	25.89413833618164
67.57499694824219	32.514686584472656	25.89413833618164	25.89413833618164
67.66699981689453	25.89413833618164	25.89413833618164	25.89413833618164
67.76399993896484	25.89413833618164	32.514686584472656	25.89413833618164
67.86900329589844	25.89413833618164	25.89413833618164	25.89413833618164
68.02999877929688	25.89413833618164	32.514686584472656	25.89413833618164
68.06600189208984	32.514686584472656	32.514686584472656	25.89413833618164
68.16400146484375	32.514686584472656	25.89413833618164	25.89413833618164
68.26899719238281	32.514686584472656	32.514686584472656	25.89413833618164
68.36399841308594	32.514686584472656	25.89413833618164	25.89413833618164
68.47000122070312	32.514686584472656	25.89413833618164	25.89413833618164
68.56400299072266	32.514686584472656	25.89413833618164	25.89413833618164
68.66799926757812	25.89413833618164	25.89413833618164	25.89413833618164
68.77300262451172	32.514686584472656	25.89413833618164	25.89413833618164
68.86499786376953	25.89413833618164	25.89413833618164	25.89413833618164
69.03800201416016	32.514686584472656	25.89413833618164	25.89413833618164
69.0719985961914	25.89413833618164	25.89413833618164	25.89413833618164
69.16600036621094	25.89413833618164	25.89413833618164	25.89413833618164
69.27100372314453	25.89413833618164	25.89413833618164	25.89413833618164
69.36299896240234	25.89413833618164	25.89413833618164	25.89413833618164
69.46700286865234	25.89413833618164	25.89413833618164	25.89413833618164
69.56600189208984	32.514686584472656	32.514686584472656	25.89413833618164
69.66400146484375	25.89413833618164	25.89413833618164	25.89413833618164
69.76799774169922	32.514686584472656	25.89413833618164	25.89413833618164
69.87300109863281	32.514686584472656	25.89413833618164	25.89413833618164
70.03099822998047	32.514686584472656	25.89413833618164	25.89413833618164
70.08000183105469	25.89413833618164	25.89413833618164	32.37965749829391
70.17400360107422	25.89413833618164	25.89413833618164	32.514686584472656
70.27999877929688	32.514686584472656	25.89413833618164	25.89413833618164
70.37699890136719	25.89413833618164	32.514686584472656	25.89413833618164
70.4800033569336	32.514686584472656	25.89413833618164	25.89413833618164
70.58499908447266	32.514686584472656	32.514686584472656	25.89413833618164
70.67500305175781	25.89413833618164	25.89413833618164	25.89413833618164
70.78099822998047	32.514686584472656	25.89413833618164	25.89413833618164
70.875	32.514686584472656	25.89413833618164	25.89413833618164
71.03500366210938	25.89413833618164	25.89413833618164	25.89413833618164
71.08399963378906	32.514686584472656	32.382336237986145	25.89413833618164
71.18499755859375	32.514686584472656	25.89413833618164	25.89413833618164
71.29000091552734	25.89413833618164	25.89413833618164	25.89413833618164
71.38600158691406	32.514686584472656	25.89413833618164	25.89413833618164
71.48999786376953	32.514686584472656	25.89413833618164	25.89413833618164
71.59500122070312	32.514686584472656	25.89413833618164	25.89413833618164
71.69300079345703	32.514686584472656	25.89413833618164	25.89413833618164
71.79900360107422	32.514686584472656	32.514686584472656	25.89413833618164
71.90299987792969	32.514686584472656	32.514686584472656	25.89413833618164
72.0510025024414	32.514686584472656	25.89413833618164	32.514686584472656
72.1050033569336	32.514686584472656	32.514686584472656	25.89413833618164
72.20899963378906	32.514686584472656	25.89413833618164	25.89413833618164
72.31500244140625	25.89413833618164	25.89413833618164	25.89413833618164
72.41999816894531	32.514686584472656	25.89413833618164	25.89413833618164
72.52400207519531	25.89413833618164	32.514686584472656	25.89413833618164
72.63099670410156	25.89413833618164	32.514686584472656	25.89413833618164
72.73400115966797	32.514686584472656	25.89413833618164	25.89413833618164
72.83899688720703	32.514686584472656	25.89413833618164	25.89413833618164
72.94300079345703	25.89413833618164	25.89413833618164	25.89413833618164
73.0999984741211	32.514686584472656	25.89413833618164	25.89413833618164
73.19300079345703	25.89413833618164	32.44429523470185	25.89413833618164
73.28600311279297	32.514686584472656	32.514686584472656	25.89413833618164
73.38600158691406	25.89413833618164	25.89413833618164	25.89413833618164
73.49099731445312	32.514686584472656	32.514686584472656	25.89413833618164
73.58499908447266	25.89413833618164	32.514686584472656	25.89413833618164
73.6760025024414	32.514686584472656	25.89413833618164	25.89413833618164
73.77400207519531	25.89413833618164	25.89413833618164	25.89413833618164
73.87999725341797	32.514686584472656	25.89413833618164	32.514686584472656
73.99299621582031	25.89413833618164	25.89413833618164	25.89413833618164
74.11199951171875	32.514686584472656	25.89413833618164	25.89413833618164
74.2040023803711	25.89413833618164	25.89413833618164	25.89413833618164
74.30899810791016	32.514686584472656	25.89413833618164	25.89413833618164
74.40499877929688	32.514686584472656	32.514686584472656	25.89413833618164
74.51200103759766	32.514686584472656	25.955405065520868	25.89413833618164
74.6050033569336	32.514686584472656	32.514686584472656	25.89413833618164
74.70999908447266	32.514686584472656	25.89413833618164	25.89413833618164
74.80500030517578	25.89413833618164	25.89413833618164	25.89413833618164
74.91000366210938	25.89413833618164	25.89413833618164	25.89413833618164
75.08399963378906	25.89413833618164	25.89413833618164	32.514686584472656
75.13400268554688	25.89413833618164	25.89413833618164	32.514686584472656
75.22599792480469	32.514686584472656	25.89413833618164	25.89413833618164
75.33000183105469	25.89413833618164	32.514686584472656	25.89413833618164
75.43499755859375	25.89413833618164	25.89413833618164	25.89413833618164
75.5250015258789	32.514686584472656	25.89413833618164	25.89413833618164
75.63099670410156	25.89413833618164	32.514686584472656	25.89413833618164
75.73600006103516	32.514686584472656	25.89413833618164	25.89413833618164
75.83399963378906	32.514686584472656	25.89413833618164	25.89413833618164
75.93800354003906	25.89413833618164	25.89413833618164	25.89413833618164
76.0999984741211	32.514686584472656	25.89413833618164	25.89413833618164
76.13500213623047	32.514686584472656	25.89413833618164	25.89413833618164
76.23999786376953	25.89413833618164	25.89413833618164	25.89413833618164
76.33499908447266	25.89413833618164	25.89413833618164	32.514686584472656
76.43499755859375	32.514686584472656	25.89413833618164	25.89413833618164
76.54100036621094	32.514686584472656	25.89413833618164	25.89413833618164
76.6449966430664	25.89413833618164	25.89413833618164	25.89413833618164
76.75	32.514686584472656	32.514686584472656	25.89413833618164
76.85600280761719	25.89413833618164	32.514686584472656	25.89413833618164
76.95999908447266	25.89413833618164	25.89413833618164	25.89413833618164
77.09700012207031	32.514686584472656	25.89413833618164	25.89413833618164
77.1760025024414	32.514686584472656	25.89413833618164	25.89413833618164
77.28299713134766	25.89413833618164	25.89413833618164	25.89413833618164
77.38700103759766	25.89413833618164	25.89413833618164	25.89413833618164
77.48500061035156	25.89413833618164	25.89413833618164	25.89413833618164
77.58499908447266	25.89413833618164	32.514686584472656	25.89413833618164
77.69100189208984	25.89413833618164	25.89413833618164	25.89413833618164
77.78500366210938	32.514686584472656	25.89413833618164	25.89413833618164
77.875	32.514686584472656	25.89413833618164	25.89413833618164
77.97899627685547	25.89413833618164	25.89413833618164	25.89413833618164
78.125	32.514686584472656	25.89413833618164	25.89413833618164
78.1760025024414	25.89413833618164	32.514686584472656	25.89413833618164
78.27799987792969	32.514686584472656	32.514686584472656	25.89413833618164
78.375	32.514686584472656	25.89413833618164	25.89413833618164
78.47799682617188	25.89413833618164	25.89413833618164	25.89413833618164
78.57499694824219	32.514686584472656	25.89413833618164	25.89413833618164
78.67400360107422	25.89413833618164	25.89413833618164	25.89413833618164
78.77799987792969	25.89413833618164	25.89413833618164	25.89413833618164
78.87300109863281	25.89413833618164	25.89413833618164	25.89413833618164
78.97899627685547	32.514686584472656	25.89413833618164	25.89413833618164
79.13400268554688	32.514686584472656	32.514686584472656	32.514686584472656
79.18399810791016	32.514686584472656	25.89413833618164	32.514686584472656
79.29000091552734	25.89413833618164	25.89413833618164	25.89413833618164
79.38300323486328	25.89413833618164	25.89413833618164	25.89413833618164
79.48799896240234	25.89413833618164	25.89413833618164	25.89413833618164
79.58599853515625	32.514686584472656	25.89413833618164	25.89413833618164
79.68900299072266	32.514686584472656	25.89413833618164	25.89413833618164
79.78299713134766	25.89413833618164	25.89413833618164	25.89413833618164
79.88700103759766	25.89413833618164	25.89413833618164	25.89413833618164
79.98500061035156	32.514686584472656	25.89413833618164	25.89413833618164
80.16400146484375	25.89413833618164	25.89413833618164	25.89413833618164
80.2699966430664	25.89413833618164	25.89413833618164	25.89413833618164
80.3740005493164	32.514686584472656	25.89413833618164	25.89413833618164
80.47799682617188	32.514686584472656	25.89413833618164	25.89413833618164
80.58300018310547	32.514686584472656	25.89413833618164	25.89413833618164
80.68800354003906	32.514686584472656	25.89413833618164	25.89413833618164
80.79100036621094	25.89413833618164	25.89413833618164	25.89413833618164
80.89700317382812	32.514686584472656	25.89413833618164	25.89413833618164
81.00299835205078	32.514686584472656	32.514686584472656	25.89413833618164
81.13999938964844	25.89413833618164	25.89413833618164	25.89413833618164
81.20099639892578	32.514686584472656	25.89413833618164	25.89413833618164
81.29399871826172	32.514686584472656	25.89413833618164	25.89413833618164
81.4000015258789	32.514686584472656	25.89413833618164	25.89413833618164
81.50399780273438	25.89413833618164	25.89413833618164	25.89413833618164
81.59500122070312	32.514686584472656	25.89413833618164	25.89413833618164
81.69999694824219	32.514686584472656	25.89413833618164	25.89413833618164
81.80500030517578	25.89413833618164	25.89413833618164	25.89413833618164
81.90399932861328	32.514686584472656	25.89413833618164	25.89413833618164
82.00399780273438	25.89413833618164	25.89413833618164	25.89413833618164
82.14099884033203	25.89413833618164	25.89413833618164	25.89413833618164
82.19400024414062	32.514686584472656	25.89413833618164	25.89413833618164
82.28600311279297	25.89413833618164	25.89413833618164	25.89413833618164
82.38300323486328	25.89413833618164	25.89413833618164	25.89413833618164
82.48799896240234	25.89413833618164	25.89413833618164	25.89413833618164
82.59200286865234	25.89413833618164	25.89413833618164	25.89413833618164
82.69599914550781	25.89413833618164	32.514686584472656	25.89413833618164
82.8010025024414	25.89413833618164	25.89413833618164	25.89413833618164
82.90599822998047	25.89413833618164	32.514686584472656	25.89413833618164
83.01100158691406	32.514686584472656	25.89413833618164	25.89413833618164
83.15799713134766	25.89413833618164	25.89413833618164	25.89413833618164
83.23400115966797	32.514686584472656	25.89413833618164	25.89413833618164
83.33899688720703	25.89413833618164	32.514686584472656	25.89413833618164
83.44599914550781	32.514686584472656	25.89413833618164	25.89413833618164
83.55000305175781	32.514686584472656	25.89413833618164	25.89413833618164
83.6449966430664	25.89413833618164	25.89413833618164	25.89413833618164
83.74800109863281	25.89413833618164	25.89413833618164	25.89413833618164
83.84700012207031	32.514686584472656	25.89413833618164	25.89413833618164
83.94999694824219	25.89413833618164	32.514686584472656	25.89413833618164
84.05500030517578	25.89413833618164	25.89413833618164	25.89413833618164
84.18499755859375	25.89413833618164	32.514686584472656	25.89413833618164
84.29100036621094	25.89413833618164	25.89413833618164	25.89413833618164
84.38500213623047	25.89413833618164	25.89413833618164	25.89413833618164
84.48500061035156	32.514686584472656	25.89413833618164	25.89413833618164
84.58999633789062	25.89413833618164	25.89413833618164	25.89413833618164
84.68399810791016	25.89413833618164	25.89413833618164	25.89413833618164
84.78900146484375	25.89413833618164	32.514686584472656	25.89413833618164
84.88500213623047	32.514686584472656	25.89413833618164	25.89413833618164
84.98500061035156	25.89413833618164	25.89413833618164	25.89413833618164
85.1520004272461	32.514686584472656	25.89413833618164	25.89413833618164
85.18599700927734	32.514686584472656	25.89413833618164	25.89413833618164
85.28600311279297	32.514686584472656	25.89413833618164	25.89413833618164
85.38500213623047	25.89413833618164	25.89413833618164	25.89413833618164
85.48300170898438	25.89413833618164	25.89413833618164	25.89413833618164
85.58899688720703	32.514686584472656	25.89413833618164	25.89413833618164
85.69400024414062	25.89413833618164	25.89413833618164	25.89413833618164
85.78500366210938	32.514686584472656	25.89413833618164	25.89413833618164
85.88999938964844	25.89413833618164	25.89413833618164	25.89413833618164
85.98400115966797	25.89413833618164	25.89413833618164	25.89413833618164
86.16899871826172	25.89413833618164	25.89413833618164	25.89413833618164
86.2040023803711	32.514686584472656	25.89413833618164	25.89413833618164
86.30899810791016	25.89413833618164	25.89413833618164	25.89413833618164
86.40599822998047	25.89413833618164	25.89413833618164	25.89413833618164
86.49500274658203	25.89413833618164	25.89413833618164	25.89413833618164
86.5999984741211	25.89413833618164	25.89413833618164	25.89413833618164
86.69400024414062	32.514686584472656	25.89413833618164	25.89413833618164
86.78399658203125	32.514686584472656	25.89413833618164	25.89413833618164
86.88300323486328	25.89413833618164	25.89413833618164	25.89413833618164
86.9739990234375	32.514686584472656	25.89413833618164	25.89413833618164
87.06600189208984	32.514686584472656	25.89413833618164	25.89413833618164
87.21800231933594	25.89413833618164	32.514686584472656	25.89413833618164
87.31600189208984	25.89413833618164	25.89413833618164	25.89413833618164
87.41400146484375	25.89413833618164	32.514686584472656	32.514686584472656
87.50599670410156	25.89413833618164	25.89413833618164	32.514686584472656
87.60900115966797	32.514686584472656	25.89413833618164	25.89413833618164
87.70500183105469	25.89413833618164	25.89413833618164	25.89413833618164
87.80799865722656	25.89413833618164	25.89413833618164	25.89413833618164
87.90399932861328	32.514686584472656	25.89413833618164	25.89413833618164
88.00800323486328	32.514686584472656	32.514686584472656	25.89413833618164
88.19000244140625	25.89413833618164	25.89413833618164	25.89413833618164
88.23999786376953	32.514686584472656	25.89413833618164	25.89413833618164
88.33599853515625	32.514686584472656	25.89413833618164	25.89413833618164
88.44100189208984	25.89413833618164	25.89413833618164	25.89413833618164
88.5459976196289	32.514686584472656	25.89413833618164	25.89413833618164
88.6510009765625	32.514686584472656	25.89413833618164	25.89413833618164
88.74600219726562	25.89413833618164	25.89413833618164	25.89413833618164
88.84500122070312	25.89413833618164	25.89413833618164	25.89413833618164
88.93499755859375	25.89413833618164	25.89413833618164	25.89413833618164
89.0250015258789	25.89413833618164	25.89413833618164	25.89413833618164
89.20800018310547	32.514686584472656	32.514686584472656	25.89413833618164
89.24400329589844	25.89413833618164	25.89413833618164	25.89413833618164
89.3499984741211	25.89413833618164	25.89413833618164	25.89413833618164
89.4530029296875	25.89413833618164	25.89413833618164	25.89413833618164
89.55899810791016	32.514686584472656	25.89413833618164	25.89413833618164
89.66600036621094	25.89413833618164	25.89413833618164	32.514686584472656
89.7699966430664	32.514686584472656	32.514686584472656	25.89413833618164
89.8740005493164	25.89413833618164	25.89413833618164	25.89413833618164
89.97899627685547	25.89413833618164	25.89413833618164	25.89413833618164
90.08300018310547	32.514686584472656	25.89413833618164	25.89413833618164
90.27400207519531	32.514686584472656	25.89413833618164	25.89413833618164
90.375	32.514686584472656	25.89413833618164	25.89413833618164
90.47899627685547	25.89413833618164	25.89413833618164	25.89413833618164
90.58399963378906	25.89413833618164	32.514686584472656	25.89413833618164
90.67400360107422	25.89413833618164	25.89413833618164	25.89413833618164
90.77899932861328	32.514686584472656	32.514686584472656	25.89413833618164
90.88300323486328	32.514686584472656	25.89413833618164	25.89413833618164
90.98799896240234	32.514686584472656	25.89413833618164	25.89413833618164
91.09300231933594	25.89413833618164	25.89413833618164	25.89413833618164
91.2699966430664	32.514686584472656	32.514686584472656	25.89413833618164
91.37300109863281	25.89413833618164	25.89413833618164	25.89413833618164
91.47699737548828	32.514686584472656	25.89413833618164	25.89413833618164
91.58200073242188	32.514686584472656	25.89413833618164	25.89413833618164
91.68599700927734	25.89413833618164	25.89413833618164	25.89413833618164
91.79000091552734	25.89413833618164	25.89413833618164	25.89413833618164
91.89600372314453	32.514686584472656	25.89413833618164	25.89413833618164
92.0	32.514686584472656	25.89413833618164	25.89413833618164
92.1050033569336	25.89413833618164	25.89413833618164	25.89413833618164
92.2760009765625	25.89413833618164	32.514686584472656	25.89413833618164
92.37899780273438	25.89413833618164	25.89413833618164	32.514686584472656
92.4749984741211	32.514686584472656	25.89413833618164	32.514686584472656
92.57499694824219	25.89413833618164	25.89413833618164	25.89413833618164
92.67900085449219	32.514686584472656	25.89413833618164	25.89413833618164
92.7750015258789	32.514686584472656	25.89413833618164	25.89413833618164
92.8740005493164	25.89413833618164	25.89413833618164	25.89413833618164
92.9800033569336	25.89413833618164	25.89413833618164	25.89413833618164
93.0739974975586	25.89413833618164	25.89413833618164	25.89413833618164
93.23400115966797	32.514686584472656	32.514686584472656	25.89413833618164
93.28500366210938	32.514686584472656	32.514686584472656	25.89413833618164
93.38600158691406	32.514686584472656	32.514686584472656	25.89413833618164
93.49099731445312	25.89413833618164	25.89413833618164	25.89413833618164
93.58399963378906	32.514686584472656	25.89413833618164	25.89413833618164
93.67500305175781	25.89413833618164	32.514686584472656	25.89413833618164
93.78099822998047	32.514686584472656	25.89413833618164	25.89413833618164
93.875	25.89413833618164	25.89413833618164	25.89413833618164
93.9739990234375	25.89413833618164	25.89413833618164	25.89413833618164
94.0790023803711	32.514686584472656	25.89413833618164	25.89413833618164
94.24299621582031	25.89413833618164	25.89413833618164	25.89413833618164
94.29399871826172	32.514686584472656	32.514686584472656	25.89413833618164
94.38500213623047	25.89413833618164	25.89413833618164	32.514686584472656
94.47699737548828	25.89413833618164	32.514686584472656	25.89413833618164
94.58200073242188	32.514686584472656	25.89413833618164	25.89413833618164
94.6760025024414	32.514686584472656	25.89413833618164	25.89413833618164
94.77999877929688	32.514686584472656	25.89413833618164	25.89413833618164
94.875	25.89413833618164	25.89413833618164	25.89413833618164
94.97899627685547	32.514686584472656	25.89413833618164	25.89413833618164
95.08200073242188	25.89413833618164	25.89413833618164	25.89413833618164
95.25700378417969	32.514686584472656	25.89413833618164	25.89413833618164
95.30599975585938	25.89413833618164	25.89413833618164	25.89413833618164
95.41100311279297	25.89413833618164	25.89413833618164	25.89413833618164
95.50499725341797	32.514686584472656	32.514686584472656	25.89413833618164
95.60900115966797	25.89413833618164	32.514686584472656	25.89413833618164
95.70500183105469	32.514686584472656	25.89413833618164	25.89413833618164
95.80400085449219	25.89413833618164	25.89413833618164	25.89413833618164
95.90799713134766	25.89413833618164	25.89413833618164	25.89413833618164
96.00599670410156	25.89413833618164	25.89413833618164	25.89413833618164
96.11100006103516	32.514686584472656	25.89413833618164	25.89413833618164
96.26000213623047	25.89413833618164	25.89413833618164	25.89413833618164
96.32499694824219	32.514686584472656	25.89413833618164	25.89413833618164
96.41699981689453	25.89413833618164	32.514686584472656	25.89413833618164
96.5199966430664	25.89413833618164	25.89413833618164	25.89413833618164
96.61599731445312	32.514686584472656	25.89413833618164	25.89413833618164
96.71600341796875	25.89413833618164	25.89413833618164	25.89413833618164
96.81999969482422	32.514686584472656	25.89413833618164	25.89413833618164
96.91400146484375	32.514686584472656	25.89413833618164	25.89413833618164
97.01499938964844	32.514686584472656	25.89413833618164	25.89413833618164
97.10399627685547	25.89413833618164	25.89413833618164	25.89413833618164
97.29399871826172	25.89413833618164	25.89413833618164	25.89413833618164
97.34300231933594	32.514686584472656	25.89413833618164	25.89413833618164
97.43299865722656	25.89413833618164	25.89413833618164	25.89413833618164
97.5270004272461	32.514686584472656	32.514686584472656	25.89413833618164
97.63099670410156	32.514686584472656	25.89413833618164	25.89413833618164
97.73400115966797	25.89413833618164	25.89413833618164	25.89413833618164
97.84100341796875	32.514686584472656	25.89413833618164	25.89413833618164
97.94499969482422	32.514686584472656	25.89413833618164	25.89413833618164
98.05000305175781	25.89413833618164	25.89413833618164	25.89413833618164
98.15599822998047	32.514686584472656	25.89413833618164	25.89413833618164
98.30000305175781	25.89413833618164	32.514686584472656	25.89413833618164
98.36399841308594	25.89413833618164	25.89413833618164	25.89413833618164
98.46499633789062	25.89413833618164	25.89413833618164	25.89413833618164
98.56900024414062	25.89413833618164	25.89413833618164	25.89413833618164
98.66500091552734	25.89413833618164	32.514686584472656	25.89413833618164
98.7699966430664	32.514686584472656	32.514686584472656	25.89413833618164
98.86499786376953	25.89413833618164	25.89413833618164	25.89413833618164
98.97000122070312	25.89413833618164	25.89413833618164	25.89413833618164
99.06300354003906	25.89413833618164	25.89413833618164	25.89413833618164
99.16899871826172	32.514686584472656	32.514686584472656	25.89413833618164
99.3270034790039	32.514686584472656	25.89413833618164	25.89413833618164
99.36599731445312	32.514686584472656	32.34923602733299	25.89413833618164
99.47000122070312	25.89413833618164	25.89413833618164	25.89413833618164
99.56400299072266	32.514686584472656	25.89413833618164	25.89413833618164
99.66899871826172	25.89413833618164	25.89413833618164	25.89413833618164
99.76499938964844	32.514686584472656	25.89413833618164	25.89413833618164
99.86900329589844	32.514686584472656	25.89413833618164	25.89413833618164
99.9739990234375	25.89413833618164	32.514686584472656	25.89413833618164
100.0790023803711	32.514686584472656	25.89413833618164	25.89413833618164
100.18199920654297	25.89413833618164	25.89413833618164	25.89413833618164
100.33499908447266	25.89413833618164	32.514686584472656	25.89413833618164
100.39900207519531	25.89413833618164	25.89413833618164	25.89413833618164
100.50499725341797	25.89413833618164	25.89413833618164	25.89413833618164
100.60900115966797	25.89413833618164	32.514686584472656	32.514686584472656
100.71499633789062	32.514686584472656	25.89413833618164	25.89413833618164
100.82099914550781	25.89413833618164	25.89413833618164	32.514686584472656
100.9280014038086	32.514686584472656	25.89413833618164	25.89413833618164
101.03099822998047	25.89413833618164	25.89413833618164	32.514686584472656
101.13600158691406	25.89413833618164	32.514686584472656	25.89413833618164
101.33200073242188	25.89413833618164	25.89413833618164	25.89413833618164
101.38300323486328	32.514686584472656	25.89413833618164	25.89413833618164
101.48699951171875	32.514686584472656	25.89413833618164	25.89413833618164
101.59100341796875	25.89413833618164	25.89413833618164	25.89413833618164
101.69499969482422	32.514686584472656	25.89413833618164	25.89413833618164
101.8010025024414	25.89413833618164	32.514686584472656	25.89413833618164
101.90499877929688	32.514686584472656	25.89413833618164	25.89413833618164
102.01000213623047	32.514686584472656	25.89413833618164	25.89413833618164
102.11599731445312	25.89413833618164	25.89413833618164	25.89413833618164
102.22000122070312	32.514686584472656	25.89413833618164	32.514686584472656
102.36799621582031	32.514686584472656	25.89413833618164	25.89413833618164
102.40599822998047	25.89413833618164	32.514686584472656	32.514686584472656
102.51000213623047	25.89413833618164	25.89413833618164	25.89413833618164
102.61499786376953	32.514686584472656	25.89413833618164	25.89413833618164
102.71299743652344	25.89413833618164	25.89413833618164	25.89413833618164
102.81800079345703	25.89413833618164	25.89413833618164	25.89413833618164
102.9219970703125	32.514686584472656	25.89413833618164	25.89413833618164
103.01499938964844	25.89413833618164	32.514686584472656	25.89413833618164
103.11199951171875	25.89413833618164	25.89413833618164	25.89413833618164
103.2040023803711	25.89413833618164	25.89413833618164	25.89413833618164
103.37100219726562	32.514686584472656	25.89413833618164	25.89413833618164
103.40599822998047	25.89413833618164	25.89413833618164	25.89413833618164
103.50399780273438	25.89413833618164	32.514686584472656	25.89413833618164
103.61000061035156	25.89413833618164	25.89413833618164	25.89413833618164
103.7040023803711	25.89413833618164	32.514686584472656	25.89413833618164
103.80799865722656	25.89413833618164	25.89413833618164	25.89413833618164
103.91300201416016	25.89413833618164	25.89413833618164	25.89413833618164
104.01799774169922	32.514686584472656	25.89413833618164	25.89413833618164
104.11299896240234	25.89413833618164	25.89413833618164	25.89413833618164
104.21600341796875	25.89413833618164	25.89413833618164	25.89413833618164
104.38600158691406	32.514686584472656	25.89413833618164	25.89413833618164
104.4489974975586	32.514686584472656	25.89413833618164	25.89413833618164
104.55500030517578	32.514686584472656	25.89413833618164	25.89413833618164
104.64399719238281	25.89413833618164	32.514686584472656	25.89413833618164
104.74500274658203	32.514686584472656	25.89413833618164	25.89413833618164
104.8479995727539	32.514686584472656	25.89413833618164	25.89413833618164
104.94599914550781	32.514686584472656	25.89413833618164	25.89413833618164
105.04499816894531	32.514686584472656	25.89413833618164	25.89413833618164
105.1500015258789	32.514686584472656	25.89413833618164	25.89413833618164
105.25299835205078	32.514686584472656	32.514686584472656	25.89413833618164
105.43399810791016	25.89413833618164	25.89413833618164	25.89413833618164
105.53700256347656	25.89413833618164	25.89413833618164	25.89413833618164
105.63999938964844	25.89413833618164	25.89413833618164	25.89413833618164
105.74400329589844	25.89413833618164	25.89413833618164	25.89413833618164
105.8499984741211	25.89413833618164	25.89413833618164	25.89413833618164
105.9540023803711	25.89413833618164	25.89413833618164	25.89413833618164
106.05899810791016	32.514686584472656	25.89413833618164	25.89413833618164
106.16300201416016	32.514686584472656	25.89413833618164	25.89413833618164
106.2699966430664	25.89413833618164	25.89413833618164	25.89413833618164
106.43499755859375	32.514686584472656	25.89413833618164	25.89413833618164
106.54000091552734	32.514686584472656	25.89413833618164	25.89413833618164
106.64600372314453	25.89413833618164	32.514686584472656	32.514686584472656
106.75	25.89413833618164	25.89413833618164	25.89413833618164
106.85399627685547	32.514686584472656	25.89413833618164	25.89413833618164
106.95899963378906	25.89413833618164	25.89413833618164	25.89413833618164
107.06300354003906	32.514686584472656	25.89413833618164	25.89413833618164
107.16699981689453	25.89413833618164	25.89413833618164	25.89413833618164
107.27200317382812	25.89413833618164	25.89413833618164	25.89413833618164
107.43900299072266	25.89413833618164	32.514686584472656	25.89413833618164
107.53399658203125	25.89413833618164	25.89413833618164	25.89413833618164
107.63899993896484	25.89413833618164	25.89413833618164	25.89413833618164
107.73699951171875	32.514686584472656	32.514686584472656	25.89413833618164
107.83999633789062	25.89413833618164	25.95824575759995	25.89413833618164
107.94499969482422	32.514686584472656	32.514686584472656	25.89413833618164
108.03600311279297	32.514686584472656	25.89413833618164	25.89413833618164
108.13899993896484	25.89413833618164	25.89413833618164	25.89413833618164
108.24400329589844	32.514686584472656	25.89413833618164	25.89413833618164
108.43399810791016	32.514686584472656	25.89413833618164	25.89413833618164
108.53900146484375	32.514686584472656	25.89413833618164	25.89413833618164
108.64299774169922	25.89413833618164	25.89413833618164	25.89413833618164
108.74700164794922	25.89413833618164	32.45167039465023	25.89413833618164
108.85299682617188	32.514686584472656	25.89413833618164	25.89413833618164
108.95800018310547	32.514686584472656	32.45226454470541	25.89413833618164
109.06300354003906	32.514686584472656	25.89413833618164	25.89413833618164
109.16799926757812	32.514686584472656	25.89413833618164	25.89413833618164
109.27400207519531	25.89413833618164	25.89413833618164	25.89413833618164
109.44000244140625	32.514686584472656	25.89413833618164	25.89413833618164
109.5459976196289	32.514686584472656	25.89413833618164	25.89413833618164
109.65299987792969	32.514686584472656	25.89413833618164	25.89413833618164
109.75800323486328	25.89413833618164	25.89413833618164	25.89413833618164
109.86199951171875	32.514686584472656	25.89413833618164	25.89413833618164
109.96700286865234	25.89413833618164	25.89413833618164	25.89413833618164
110.0719985961914	32.514686584472656	25.89413833618164	25.89413833618164
110.177001953125	25.89413833618164	32.514686584472656	25.89413833618164
110.30000305175781	32.514686584472656	25.89413833618164	25.89413833618164
110.44400024414062	25.89413833618164	32.514686584472656	25.89413833618164
110.5479965209961	32.514686584472656	25.89413833618164	25.89413833618164
110.65299987792969	25.89413833618164	32.514686584472656	25.89413833618164
110.75800323486328	32.514686584472656	25.89413833618164	25.89413833618164
110.86199951171875	25.89413833618164	25.89413833618164	25.89413833618164
110.96499633789062	25.89413833618164	25.89413833618164	32.514686584472656
111.072998046875	32.514686584472656	25.89413833618164	25.89413833618164
111.17500305175781	25.89413833618164	25.89413833618164	25.89413833618164
111.27999877929688	25.89413833618164	25.89413833618164	25.89413833618164
111.46800231933594	32.514686584472656	32.514686584472656	25.89413833618164
111.572998046875	25.89413833618164	25.89413833618164	25.89413833618164
111.677001953125	32.514686584472656	25.89413833618164	25.89413833618164
111.78099822998047	32.514686584472656	25.89413833618164	25.89413833618164
111.88600158691406	25.89413833618164	25.89413833618164	25.89413833618164
111.99199676513672	25.89413833618164	25.89413833618164	25.89413833618164
112.09500122070312	25.89413833618164	25.89413833618164	25.89413833618164
112.19499969482422	25.89413833618164	25.89413833618164	25.89413833618164
112.31500244140625	25.89413833618164	25.89413833618164	25.89413833618164
112.447998046875	25.89413833618164	25.89413833618164	25.89413833618164
112.5530014038086	25.89413833618164	25.89413833618164	25.89413833618164
112.65799713134766	25.89413833618164	25.89413833618164	25.89413833618164
112.76200103759766	25.89413833618164	25.89413833618164	25.89413833618164
112.86699676513672	32.514686584472656	25.89413833618164	25.89413833618164
112.96399688720703	25.89413833618164	25.89413833618164	25.89413833618164
113.06900024414062	25.89413833618164	32.45226454470541	25.89413833618164
113.1729965209961	25.89413833618164	25.89413833618164	25.89413833618164
113.26499938964844	32.514686584472656	32.514686584472656	32.44353877310874
113.46199798583984	25.89413833618164	25.89413833618164	25.89413833618164
113.56800079345703	32.514686584472656	25.89413833618164	25.89413833618164
113.66400146484375	25.89413833618164	25.89413833618164	25.89413833618164
113.75499725341797	25.89413833618164	25.89413833618164	25.89413833618164
113.86100006103516	32.514686584472656	25.89413833618164	25.89413833618164
113.9530029296875	32.514686584472656	25.89413833618164	25.89413833618164
114.05699920654297	32.514686584472656	25.89413833618164	25.89413833618164
114.15299987792969	25.89413833618164	32.446471088127986	25.89413833618164
114.25900268554688	25.89413833618164	25.89413833618164	25.89413833618164
114.41400146484375	25.89413833618164	25.89413833618164	25.89413833618164
114.44999694824219	32.514686584472656	25.89413833618164	25.89413833618164
114.54399871826172	32.514686584472656	25.89413833618164	25.89413833618164
114.63500213623047	25.89413833618164	25.89413833618164	25.89413833618164
114.7249984741211	32.514686584472656	25.89413833618164	25.89413833618164
114.8239974975586	32.514686584472656	32.514686584472656	25.89413833618164
114.91500091552734	25.89413833618164	25.89413833618164	25.89413833618164
115.0199966430664	25.89413833618164	25.89413833618164	25.89413833618164
115.11499786376953	32.514686584472656	25.89413833618164	25.89413833618164
115.21900177001953	32.514686584472656	25.89413833618164	25.89413833618164
115.3270034790039	32.514686584472656	32.514686584472656	25.89413833618164
115.4729995727539	32.514686584472656	25.89413833618164	25.89413833618164
115.56400299072266	32.514686584472656	32.514686584472656	25.89413833618164
115.66899871826172	25.89413833618164	25.89413833618164	25.89413833618164
115.77400207519531	32.514686584472656	25.89413833618164	25.89413833618164
115.87799835205078	25.89413833618164	25.89413833618164	25.89413833618164
115.98100280761719	25.89413833618164	25.89413833618164	25.89413833618164
116.08599853515625	32.514686584472656	25.89413833618164	25.89413833618164
116.18499755859375	25.89413833618164	25.89413833618164	25.89413833618164
116.28900146484375	32.514686584472656	25.89413833618164	25.89413833618164
116.47200012207031	25.89413833618164	32.478724739279386	25.89413833618164
116.5780029296875	25.89413833618164	25.89413833618164	25.89413833618164
116.68199920654297	25.89413833618164	25.89413833618164	25.89413833618164
116.78600311279297	25.89413833618164	25.89413833618164	25.89413833618164
116.89099884033203	25.89413833618164	25.89413833618164	25.89413833618164
116.99700164794922	32.514686584472656	25.89413833618164	25.89413833618164
117.10099792480469	32.514686584472656	25.89413833618164	25.89413833618164
117.2040023803711	32.514686584472656	25.89413833618164	25.89413833618164
117.30999755859375	25.89413833618164	25.89413833618164	25.89413833618164
117.47799682617188	25.89413833618164	25.89413833618164	25.89413833618164
117.58100128173828	25.89413833618164	25.89413833618164	25.89413833618164
117.68800354003906	25.89413833618164	25.89413833618164	25.89413833618164
117.79000091552734	25.89413833618164	25.89413833618164	25.89413833618164
117.89700317382812	32.514686584472656	25.89413833618164	25.89413833618164
118.0	32.514686584472656	25.89413833618164	25.89413833618164
118.10700225830078	25.89413833618164	25.89413833618164	25.89413833618164
118.20999908447266	32.514686584472656	25.89413833618164	25.89413833618164
118.30500030517578	25.89413833618164	25.89413833618164	25.89413833618164
118.46499633789062	25.89413833618164	25.89413833618164	25.89413833618164
118.51399993896484	32.514686584472656	25.89413833618164	25.89413833618164
118.61900329589844	25.89413833618164	25.89413833618164	25.89413833618164
118.71499633789062	32.514686584472656	25.89413833618164	25.89413833618164
118.82099914550781	32.514686584472656	25.89413833618164	25.89413833618164
118.91400146484375	25.89413833618164	25.89413833618164	25.89413833618164
119.02100372314453	25.89413833618164	25.89413833618164	25.89413833618164
119.11399841308594	25.89413833618164	32.514686584472656	25.89413833618164
119.22000122070312	32.514686584472656	25.89413833618164	25.89413833618164
119.31400299072266	32.514686584472656	25.89413833618164	25.89413833618164
119.4990005493164	25.89413833618164	25.89413833618164	25.89413833618164
119.60700225830078	32.514686584472656	25.89413833618164	25.89413833618164
119.71099853515625	32.514686584472656	25.89413833618164	25.89413833618164
119.81500244140625	32.514686584472656	32.514686584472656	25.89413833618164
119.91999816894531	25.89413833618164	25.89413833618164	25.89413833618164
120.02400207519531	32.514686584472656	25.89413833618164	25.89413833618164
120.12799835205078	32.514686584472656	25.89413833618164	25.89413833618164
120.23300170898438	25.89413833618164	32.514686584472656	25.89413833618164
120.35600280761719	40.5612907409668	32.514686584472656	25.89413833618164
120.50900268554688	32.514686584472656	32.514686584472656	32.47171943953701
120.61599731445312	32.514686584472656	25.89413833618164	25.89413833618164
120.72000122070312	25.89413833618164	25.89413833618164	25.89413833618164
120.8239974975586	32.514686584472656	25.89413833618164	25.89413833618164
120.93000030517578	32.514686584472656	25.89413833618164	25.89413833618164
121.03500366210938	32.514686584472656	25.89413833618164	25.89413833618164
121.13999938964844	25.89413833618164	25.89413833618164	25.89413833618164
121.24400329589844	32.514686584472656	25.89413833618164	25.89413833618164
121.37000274658203	32.514686584472656	25.89413833618164	25.89413833618164
121.51699829101562	32.514686584472656	25.89413833618164	25.89413833618164
121.62200164794922	32.514686584472656	25.89413833618164	25.89413833618164
121.72699737548828	25.89413833618164	25.89413833618164	25.89413833618164
121.83300018310547	32.514686584472656	25.89413833618164	25.89413833618164
121.93699645996094	32.514686584472656	25.89413833618164	25.89413833618164
122.04100036621094	25.89413833618164	25.89413833618164	25.89413833618164
122.14700317382812	32.514686584472656	25.89413833618164	25.89413833618164
122.25	32.514686584472656	25.89413833618164	25.89413833618164
122.375	32.514686584472656	25.89413833618164	25.89413833618164
122.53399658203125	32.514686584472656	25.89413833618164	25.89413833618164
122.63800048828125	32.514686584472656	25.89413833618164	25.89413833618164
122.73400115966797	32.514686584472656	25.89413833618164	25.89413833618164
122.83799743652344	32.514686584472656	25.89413833618164	25.89413833618164
122.94400024414062	32.514686584472656	25.89413833618164	25.89413833618164
123.04900360107422	32.514686584472656	25.89413833618164	25.89413833618164
123.14399719238281	32.514686584472656	25.89413833618164	25.89413833618164
123.2490005493164	32.514686584472656	25.89413833618164	25.89413833618164
123.375	32.514686584472656	25.89413833618164	25.89413833618164
123.52999877929688	32.514686584472656	25.89413833618164	25.89413833618164
123.63600158691406	40.5612907409668	25.89413833618164	25.89413833618164
123.74099731445312	40.5612907409668	25.89413833618164	25.89413833618164
123.84600067138672	40.5612907409668	25.89413833618164	25.89413833618164
123.95099639892578	40.5612907409668	25.89413833618164	25.89413833618164
124.05699920654297	40.5612907409668	25.89413833618164	25.89413833618164
124.15499877929688	40.5612907409668	25.89413833618164	25.89413833618164
124.26000213623047	40.5612907409668	32.514686584472656	25.89413833618164
124.36399841308594	48.38079071044922	25.89413833618164	25.89413833618164
124.54399871826172	48.38079071044922	25.89413833618164	25.89413833618164
124.63500213623047	48.38079071044922	25.89413833618164	25.89413833618164
124.73899841308594	48.38079071044922	25.89413833618164	32.514686584472656
124.84400177001953	48.38079071044922	25.89413833618164	25.95656037594889
124.95099639892578	48.38079071044922	25.89413833618164	25.89413833618164
125.05500030517578	48.38079071044922	25.89413833618164	25.89413833618164
125.14600372314453	55.99787521362305	25.89413833618164	32.514686584472656
125.25199890136719	55.99787521362305	25.89413833618164	32.514686584472656
125.3550033569336	55.99787521362305	25.89413833618164	25.95837741628875
125.54000091552734	55.99787521362305	25.89413833618164	32.514686584472656
125.64299774169922	55.99787521362305	25.89413833618164	32.514686584472656
125.75	55.99787521362305	32.514686584472656	32.514686584472656
125.85199737548828	55.99787521362305	25.89413833618164	32.514686584472656
125.94499969482422	55.99787521362305	25.89413833618164	32.514686584472656
126.0510025024414	63.43367004394531	25.89413833618164	32.514686584472656
126.1449966430664	63.43367004394531	25.89413833618164	32.514686584472656
126.24800109863281	63.43367004394531	32.514686584472656	32.514686584472656
126.35299682617188	63.43367004394531	25.956564869005806	32.514686584472656
126.51499938964844	63.43367004394531	32.514686584472656	32.514686584472656
126.56400299072266	63.43367004394531	32.514686584472656	32.514686584472656
126.66899871826172	63.43367004394531	25.89413833618164	32.514686584472656
126.77300262451172	63.43367004394531	32.514686584472656	32.514686584472656
126.86399841308594	70.70654296875	25.89413833618164	32.514686584472656
126.96900177001953	70.70654296875	32.514686584472656	32.514686584472656
127.06600189208984	70.70654296875	32.514686584472656	32.514686584472656
127.1709976196289	70.70654296875	25.89413833618164	32.514686584472656
127.2770004272461	70.70654296875	25.89413833618164	32.514686584472656
127.3759994506836	70.70654296875	32.514686584472656	40.5612907409668
127.56300354003906	70.70654296875	32.514686584472656	40.5612907409668
127.66799926757812	77.83256530761719	32.514686584472656	40.5612907409668
127.76599884033203	77.83256530761719	25.89413833618164	40.5612907409668
127.86900329589844	77.83256530761719	32.451064825337816	40.5612907409668
127.9749984741211	77.83256530761719	32.514686584472656	40.5612907409668
128.06500244140625	77.83256530761719	32.514686584472656	40.5612907409668
128.1699981689453	77.83256530761719	32.514686584472656	40.5612907409668
128.26400756835938	84.82569122314453	32.514686584472656	40.5612907409668
128.36900329589844	84.82569122314453	32.514686584472656	40.5612907409668
128.5489959716797	84.82569122314453	32.514686584472656	40.5612907409668
128.6540069580078	84.82569122314453	32.514686584472656	40.5612907409668
128.75399780273438	84.82569122314453	32.514686584472656	48.38079071044922
128.84500122070312	84.82569122314453	32.514686584472656	48.38079071044922
128.9510040283203	90.33264923095703	32.514686584472656	48.38079071044922
129.0449981689453	90.33264923095703	32.514686584472656	48.38079071044922
129.14999389648438	90.33264923095703	32.514686584472656	48.38079071044922
129.24600219726562	90.33264923095703	32.514686584472656	48.38079071044922
129.3459930419922	90.33264923095703	32.514686584472656	48.38079071044922
129.5229949951172	90.33264923095703	32.514686584472656	48.38079071044922
129.55799865722656	90.33264923095703	32.514686584472656	55.99787521362305
129.6649932861328	97.11566162109375	32.514686584472656	48.38079071044922
129.76499938964844	97.11566162109375	32.514686584472656	48.38079071044922
129.8699951171875	97.11566162109375	32.514686584472656	55.99787521362305
129.96499633789062	97.11566162109375	32.514686584472656	55.99787521362305
130.06900024414062	97.11566162109375	32.514686584472656	55.99787521362305
130.1739959716797	103.79507446289062	32.514686584472656	55.99787521362305
130.27999877929688	103.79507446289062	32.514686584472656	55.99787521362305
130.375	103.79507446289062	32.514686584472656	55.99787521362305
130.53500366210938	103.79507446289062	32.514686584472656	55.99787521362305
130.58399963378906	103.79507446289062	32.514686584472656	55.99787521362305
130.6750030517578	103.79507446289062	32.514686584472656	55.99787521362305
130.781005859375	103.79507446289062	32.514686584472656	55.99787521362305
130.87399291992188	103.79507446289062	32.514686584472656	63.43367004394531
130.97900390625	110.37838745117188	32.514686584472656	63.43367004394531
131.08399963378906	110.37838745117188	32.514686584472656	63.43367004394531
131.17599487304688	110.37838745117188	40.5612907409668	63.43367004394531
131.27499389648438	110.37838745117188	40.5612907409668	63.43367004394531
131.3800048828125	110.37838745117188	40.5612907409668	63.43367004394531
131.58099365234375	116.8719711303711	40.5612907409668	63.43367004394531
131.6840057373047	116.8719711303711	40.5612907409668	63.43367004394531
131.78900146484375	116.8719711303711	40.5612907409668	63.43367004394531
131.8939971923828	116.8719711303711	40.5612907409668	70.70654296875
131.9980010986328	116.8719711303711	40.5612907409668	70.70654296875
132.10400390625	116.8719711303711	40.5612907409668	70.70654296875
132.20899963378906	123.28129577636719	40.5612907409668	70.70654296875
132.31399536132812	123.28129577636719	40.5612907409668	70.70654296875
132.4459991455078	123.28129577636719	40.5612907409668	70.70654296875
132.59800720214844	123.28129577636719	40.5612907409668	70.70654296875
132.70199584960938	123.28129577636719	40.5612907409668	77.83256530761719
132.80799865722656	129.6112518310547	40.5612907409668	70.70654296875
132.91200256347656	129.6112518310547	40.5612907409668	77.83256530761719
133.01699829101562	129.6112518310547	40.5612907409668	77.83256530761719
133.12100219726562	129.6112518310547	40.5612907409668	77.83256530761719
133.22799682617188	129.6112518310547	48.38079071044922	77.83256530761719
133.33200073242188	129.6112518310547	48.38079071044922	77.83256530761719
133.552001953125	135.86631774902344	48.38079071044922	77.83256530761719
133.60299682617188	142.05081176757812	40.5612907409668	77.83256530761719
133.70700073242188	135.86631774902344	48.38079071044922	84.82569122314453
133.81199645996094	135.86631774902344	48.38079071044922	84.82569122314453
133.91600036621094	142.05081176757812	48.38079071044922	84.82569122314453
134.02099609375	142.05081176757812	48.38079071044922	84.82569122314453
134.12600708007812	142.05081176757812	48.38079071044922	84.82569122314453
134.23199462890625	142.05081176757812	48.38079071044922	84.82569122314453
134.33700561523438	142.05081176757812	48.38079071044922	84.82569122314453
134.4530029296875	142.05081176757812	48.38079071044922	84.82569122314453
134.60800170898438	146.9503936767578	48.38079071044922	90.33264923095703
134.71200561523438	146.9503936767578	48.38079071044922	90.33264923095703
134.80499267578125	146.9503936767578	48.38079071044922	90.33264923095703
134.91000366210938	146.9503936767578	48.38079071044922	90.33264923095703
135.00599670410156	146.9503936767578	48.38079071044922	90.33264923095703
135.1060028076172	146.9503936767578	48.38079071044922	90.33264923095703
135.2050018310547	153.01837158203125	48.38079071044922	90.33264923095703
135.30599975585938	153.01837158203125	48.38079071044922	97.11566162109375
135.40499877929688	153.01837158203125	55.99787521362305	97.11566162109375
135.61199951171875	153.01837158203125	55.99787521362305	97.11566162109375
135.70599365234375	159.02732849121094	55.99787521362305	97.11566162109375
135.80999755859375	159.02732849121094	55.99787521362305	97.11566162109375
135.9149932861328	159.02732849121094	55.99787521362305	97.11566162109375
136.01400756835938	159.02732849121094	55.99787521362305	97.11566162109375
136.11900329589844	159.02732849121094	55.99787521362305	103.79507446289062
136.22500610351562	164.9810791015625	55.99787521362305	103.79507446289062
136.3300018310547	164.9810791015625	55.99787521362305	103.79507446289062
136.46499633789062	164.9810791015625	55.99787521362305	103.79507446289062
136.60299682617188	164.9810791015625	55.99787521362305	103.79507446289062
136.70799255371094	164.9810791015625	55.99787521362305	103.79507446289062
136.81199645996094	164.9810791015625	55.99787521362305	103.79507446289062
136.91900634765625	170.88316345214844	55.99787521362305	103.79507446289062
137.0229949951172	170.88316345214844	63.36234865769313	110.31524275458321
137.1280059814453	170.88316345214844	63.43367004394531	110.37838745117188
137.23300170898438	170.88316345214844	63.43367004394531	110.37838745117188
137.33900451660156	176.73660278320312	63.43367004394531	110.37838745117188
137.44500732421875	176.73660278320312	63.43367004394531	110.37838745117188
137.6199951171875	176.73660278320312	63.43367004394531	110.37838745117188
137.7270050048828	176.73660278320312	63.43367004394531	116.8719711303711
137.83299255371094	176.73660278320312	63.43367004394531	116.8719711303711
137.93699645996094	182.5438995361328	63.43367004394531	116.8719711303711
138.04299926757812	182.5438995361328	63.43367004394531	116.8719711303711
138.1479949951172	182.5438995361328	63.43367004394531	116.8719711303711
138.2530059814453	182.5438995361328	70.70654296875	116.8719711303711
138.35699462890625	182.5438995361328	70.70654296875	123.28129577636719
138.4810028076172	188.3069305419922	63.43367004394531	123.28129577636719
138.63699340820312	188.3069305419922	70.70654296875	123.28129577636719
138.7429962158203	188.3069305419922	70.70654296875	123.28129577636719
138.8470001220703	188.3069305419922	70.70654296875	123.28129577636719
138.9510040283203	188.3069305419922	70.70654296875	123.28129577636719
139.05599975585938	194.0270538330078	70.70654296875	123.28129577636719
139.16099548339844	194.0270538330078	70.70654296875	129.6112518310547
139.26600646972656	194.0270538330078	70.70654296875	129.6112518310547
139.3699951171875	198.5729522705078	70.70654296875	129.6112518310547
139.58900451660156	198.5729522705078	70.70654296875	129.6112518310547
139.63900756835938	194.0270538330078	77.69396822442557	129.6112518310547
139.7449951171875	198.5729522705078	70.70654296875	129.6112518310547
139.85000610351562	198.5729522705078	77.83256530761719	129.6112518310547
139.95399475097656	204.21835327148438	77.83256530761719	135.86631774902344
140.05799865722656	204.21835327148438	77.83256530761719	135.86631774902344
140.16400146484375	204.21835327148438	77.83256530761719	135.86631774902344
140.2689971923828	204.21835327148438	77.83256530761719	135.86631774902344
140.3730010986328	204.21835327148438	77.83256530761719	135.86631774902344
140.4980010986328	209.82374572753906	77.83256530761719	135.86631774902344
140.66000366210938	209.82374572753906	77.83256530761719	142.05081176757812
140.76600646972656	209.82374572753906	77.83256530761719	142.05081176757812
140.86399841308594	209.82374572753906	77.83256530761719	142.05081176757812
140.9550018310547	209.82374572753906	77.83256530761719	142.05081176757812
141.05999755859375	215.390869140625	77.83256530761719	142.05081176757812
141.1540069580078	215.390869140625	77.83256530761719	142.05081176757812
141.25399780273438	215.390869140625	84.82569122314453	142.05081176757812
141.35899353027344	215.390869140625	84.82569122314453	142.05081176757812
141.45599365234375	215.390869140625	84.82569122314453	146.9503936767578
141.66099548339844	220.92225646972656	84.82569122314453	146.9503936767578
141.75399780273438	220.92225646972656	84.82569122314453	146.9503936767578
141.8560028076172	220.92225646972656	84.82569122314453	146.9503936767578
141.9600067138672	220.92225646972656	84.82569122314453	146.9503936767578
142.06500244140625	220.92225646972656	84.82569122314453	153.01837158203125
142.1699981689453	226.42129516601562	84.82569122314453	153.01837158203125
142.26499938964844	226.42129516601562	84.82569122314453	153.01837158203125
142.3699951171875	226.42129516601562	90.33264923095703	153.01837158203125
142.4980010986328	226.42129516601562	90.33264923095703	153.01837158203125
142.65699768066406	226.42129516601562	90.33264923095703	153.01837158203125
142.76300048828125	231.89157104492188	90.33264923095703	159.02732849121094
142.8679962158203	231.89157104492188	90.33264923095703	159.02732849121094
142.96600341796875	231.89157104492188	90.33264923095703	159.02732849121094
143.07000732421875	231.89157104492188	90.33264923095703	159.02732849121094
143.17300415039062	231.89157104492188	90.33264923095703	159.02732849121094
143.26499938964844	231.89157104492188	90.33264923095703	159.02732849121094
143.3699951171875	237.3354034423828	90.33264923095703	159.02732849121094
143.4980010986328	237.3354034423828	90.33264923095703	164.9810791015625
143.66000366210938	237.3354034423828	97.11566162109375	164.9810791015625
143.75399780273438	237.3354034423828	97.11566162109375	164.9810791015625
143.85899353027344	241.67050170898438	97.11566162109375	164.9810791015625
143.96299743652344	241.67050170898438	97.11566162109375	164.9810791015625
144.05499267578125	241.67050170898438	97.11566162109375	164.9810791015625
144.16099548339844	241.67050170898438	97.11566162109375	164.9810791015625
144.26699829101562	247.05661010742188	97.11566162109375	170.88316345214844
144.37100219726562	247.05661010742188	97.11566162109375	170.88316345214844
144.51300048828125	247.05661010742188	97.11566162109375	170.88316345214844
144.66700744628906	247.05661010742188	97.11566162109375	170.88316345214844
144.76499938964844	252.41172790527344	97.11566162109375	170.88316345214844
144.8699951171875	252.41172790527344	103.79507446289062	170.88316345214844
144.97500610351562	252.41172790527344	103.79507446289062	176.73660278320312
145.07400512695312	252.41172790527344	103.79507446289062	176.73660278320312
145.1790008544922	252.41172790527344	103.79507446289062	176.73660278320312
145.2830047607422	257.7405700683594	103.79507446289062	176.73660278320312
145.37600708007812	257.7405700683594	103.79507446289062	176.73660278320312
145.50399780273438	257.7405700683594	103.79507446289062	176.73660278320312
145.64999389648438	257.7405700683594	103.79507446289062	182.5438995361328
145.75399780273438	257.7405700683594	103.79507446289062	182.5438995361328
145.84500122070312	263.0442199707031	103.79507446289062	182.5438995361328
145.94400024414062	263.0442199707031	110.31209226392339	182.5438995361328
146.0489959716797	263.0442199707031	110.37838745117188	188.3069305419922
146.14599609375	263.0442199707031	110.37838745117188	188.3069305419922
146.25	268.3234558105469	110.37838745117188	188.3069305419922
146.34500122070312	268.3234558105469	110.37838745117188	188.3069305419922
146.4499969482422	268.3234558105469	110.37838745117188	188.3069305419922
146.6230010986328	268.3234558105469	110.37838745117188	194.0270538330078
146.6719970703125	268.3234558105469	116.8719711303711	194.0270538330078
146.7779998779297	268.3234558105469	110.37838745117188	194.0270538330078
146.88299560546875	273.5789489746094	116.8719711303711	198.5729522705078
146.98800659179688	273.5789489746094	116.8719711303711	198.5729522705078
147.09300231933594	273.5789489746094	116.8719711303711	198.5729522705078
147.19700622558594	273.5789489746094	116.8719711303711	198.5729522705078
147.30299377441406	278.8114318847656	116.8719711303711	198.5729522705078
147.40699768066406	278.8114318847656	116.8719711303711	198.5729522705078
147.62399291992188	278.8114318847656	116.8719711303711	204.21835327148438
147.67300415039062	278.8114318847656	116.8719711303711	204.21835327148438
147.76400756835938	284.02154541015625	116.8719711303711	204.21835327148438
147.8679962158203	284.02154541015625	116.8719711303711	204.21835327148438
147.9739990234375	284.02154541015625	123.28129577636719	204.21835327148438
148.06399536132812	284.02154541015625	123.28129577636719	209.76171422148616
148.16900634765625	284.02154541015625	123.28129577636719	209.82374572753906
148.26400756835938	284.02154541015625	123.28129577636719	209.82374572753906
148.3699951171875	288.1739501953125	123.28129577636719	209.82374572753906
148.4739990234375	288.1739501953125	123.28129577636719	209.82374572753906
148.6820068359375	288.1739501953125	129.6112518310547	209.82374572753906
148.78700256347656	288.1739501953125	129.6112518310547	215.390869140625
148.89199829101562	293.34539794921875	129.6112518310547	215.390869140625
148.9969940185547	298.49615478515625	129.6112518310547	215.390869140625
149.1020050048828	293.34539794921875	129.6112518310547	215.390869140625
149.20700073242188	298.49615478515625	129.6112518310547	215.390869140625
149.31100463867188	298.49615478515625	129.6112518310547	220.8700053178022
149.4149932861328	298.49615478515625	129.6112518310547	220.92225646972656
149.64500427246094	298.49615478515625	129.6112518310547	220.92225646972656
149.6959991455078	298.49615478515625	135.86631774902344	220.92225646972656
149.802001953125	303.6268615722656	135.86631774902344	220.92225646972656
149.89500427246094	303.6268615722656	135.86631774902344	220.92225646972656
150.00100708007812	303.6268615722656	135.86631774902344	226.42129516601562
150.1060028076172	308.738037109375	135.86631774902344	226.42129516601562
150.2100067138672	308.738037109375	135.86631774902344	226.42129516601562
150.31500244140625	308.738037109375	135.86631774902344	226.42129516601562
150.4199981689453	308.738037109375	135.86631774902344	226.42129516601562
150.54800415039062	308.738037109375	142.05081176757812	226.42129516601562
150.71200561523438	313.8301696777344	142.05081176757812	226.42129516601562
150.8159942626953	313.8301696777344	142.05081176757812	231.83910218748724
150.92300415039062	313.8301696777344	142.05081176757812	231.89157104492188
151.01600646972656	313.8301696777344	142.05081176757812	231.89157104492188
151.11500549316406	313.8301696777344	142.05081176757812	231.89157104492188
151.21400451660156	318.90380859375	142.05081176757812	231.89157104492188
151.31500244140625	318.90380859375	142.05081176757812	231.89157104492188
151.41400146484375	318.90380859375	142.05081176757812	237.3354034423828
151.50599670410156	318.90380859375	146.9503936767578	237.3354034423828
151.69900512695312	323.9594421386719	146.9503936767578	237.3354034423828
151.8040008544922	323.9594421386719	146.9503936767578	237.3354034423828
151.9080047607422	328.9974670410156	146.9503936767578	237.3354034423828
152.0050048828125	323.9594421386719	146.9503936767578	237.3354034423828
152.10400390625	323.9594421386719	153.01837158203125	241.67050170898438
152.20799255371094	328.9974670410156	153.01837158203125	241.67050170898438
152.30599975585938	333.01556396484375	153.01837158203125	241.67050170898438
152.41099548339844	328.9974670410156	153.01837158203125	241.67050170898438
152.51600646972656	333.01556396484375	153.01837158203125	241.67050170898438
152.69200134277344	333.01556396484375	153.01837158203125	241.67050170898438
152.7270050048828	333.01556396484375	153.01837158203125	247.05661010742188
152.83299255371094	338.0231018066406	153.01837158203125	247.05661010742188
152.9239959716797	338.0231018066406	153.01837158203125	247.05661010742188
153.02999877929688	333.01556396484375	159.02732849121094	247.05661010742188
153.12600708007812	338.0231018066406	159.02732849121094	247.05661010742188
153.2310028076172	343.0142517089844	159.02732849121094	247.05661010742188
153.33599853515625	343.0142517089844	159.02732849121094	252.41172790527344
153.43499755859375	343.0142517089844	159.02732849121094	252.41172790527344
153.53900146484375	343.0142517089844	164.9810791015625	252.41172790527344
153.7429962158203	343.0142517089844	164.9810791015625	252.41172790527344
153.85000610351562	343.0142517089844	164.9810791015625	252.41172790527344
153.94500732421875	347.98944091796875	164.9810791015625	257.7405700683594
154.0500030517578	347.98944091796875	164.9810791015625	257.7405700683594
154.15499877929688	347.98944091796875	164.9810791015625	257.7405700683594
154.25900268554688	347.98944091796875	164.9810791015625	257.7405700683594
154.35400390625	347.98944091796875	170.88316345214844	257.7405700683594
154.45899963378906	352.94903564453125	170.88316345214844	257.7405700683594
154.6909942626953	352.94903564453125	170.88316345214844	263.02129653301125
154.74200439453125	347.98944091796875	176.62496148140778	263.0442199707031
154.8489990234375	357.8934020996094	170.88316345214844	263.0442199707031
154.9530029296875	357.8934020996094	176.73660278320312	263.0442199707031
155.04400634765625	357.8934020996094	176.73660278320312	268.3234558105469
155.13499450683594	357.8934020996094	176.73660278320312	268.3234558105469
155.2259979248047	357.8934020996094	176.73660278320312	268.3234558105469
155.3249969482422	357.8934020996094	176.73660278320312	268.3234558105469
155.4149932861328	362.8228759765625	176.73660278320312	268.3234558105469
155.52000427246094	362.8228759765625	176.73660278320312	268.3234558105469
155.71400451660156	362.8228759765625	176.73660278320312	268.3234558105469
155.74899291992188	362.8228759765625	182.38142323867908	273.43191101410576
155.85400390625	367.73779296875	182.5438995361328	273.5789489746094
155.94400024414062	367.73779296875	182.5438995361328	273.5789489746094
156.0449981689453	367.73779296875	182.5438995361328	273.5789489746094
156.1490020751953	367.73779296875	182.5438995361328	273.5789489746094
156.2550048828125	371.6594543457031	182.5438995361328	278.8114318847656
156.36000061035156	371.6594543457031	188.3069305419922	278.8114318847656
156.4550018310547	371.6594543457031	188.3069305419922	278.8114318847656
156.5449981689453	371.6594543457031	188.3069305419922	278.8114318847656
156.7469940185547	371.6594543457031	194.0270538330078	278.8114318847656
156.84500122070312	376.5489501953125	194.0270538330078	278.8114318847656
156.9499969482422	376.5489501953125	194.0270538330078	284.02154541015625
157.04400634765625	376.5489501953125	198.5729522705078	284.02154541015625
157.1439971923828	381.42474365234375	198.5729522705078	284.02154541015625
157.2449951171875	381.42474365234375	198.5729522705078	284.02154541015625
157.3520050048828	381.42474365234375	198.5729522705078	284.02154541015625
157.4459991455078	381.42474365234375	198.5729522705078	288.1739501953125
157.5449981689453	381.42474365234375	204.21835327148438	288.1739501953125
157.72799682617188	386.2871398925781	204.21835327148438	288.1739501953125
157.76300048828125	386.2871398925781	204.21835327148438	288.1739501953125
157.8560028076172	386.2871398925781	204.21835327148438	288.1739501953125
157.95599365234375	386.2871398925781	204.21835327148438	293.34539794921875
158.05499267578125	386.2871398925781	204.21835327148438	293.34539794921875
158.1540069580078	391.1363525390625	204.21835327148438	293.34539794921875
158.25599670410156	391.1363525390625	209.82374572753906	293.34539794921875
158.36099243164062	391.1363525390625	209.82374572753906	293.34539794921875
158.46499633789062	391.1363525390625	209.82374572753906	293.34539794921875
158.6009979248047	391.1363525390625	209.82374572753906	298.45801387287395
158.7429962158203	391.1363525390625	209.82374572753906	298.49615478515625
158.7779998779297	395.9726867675781	215.390869140625	298.49615478515625
158.88699340820312	395.9726867675781	215.390869140625	298.49615478515625
158.98599243164062	395.9726867675781	215.390869140625	298.49615478515625
159.09100341796875	400.79638671875	215.390869140625	298.49615478515625
159.19500732421875	400.79638671875	215.390869140625	298.49615478515625
159.30099487304688	400.79638671875	215.390869140625	303.6268615722656
159.39500427246094	400.79638671875	220.92225646972656	303.6268615722656
159.49899291992188	400.79638671875	220.92225646972656	303.6268615722656
159.73500061035156	405.607666015625	220.92225646972656	303.6268615722656
159.78500366210938	405.607666015625	220.92225646972656	303.6268615722656
159.88499450683594	405.607666015625	226.36646263029195	308.6870720715371
159.98800659179688	405.607666015625	226.42129516601562	308.738037109375
160.093994140625	410.40673828125	226.42129516601562	308.738037109375
160.197998046875	410.40673828125	226.42129516601562	308.738037109375
160.30299377441406	410.40673828125	226.42129516601562	308.738037109375
160.40899658203125	410.40673828125	226.42129516601562	313.8301696777344
160.51499938964844	410.40673828125	226.42129516601562	313.8301696777344
160.73399353027344	414.2373962402344	226.42129516601562	313.8301696777344
160.78399658203125	419.01507568359375	231.89157104492188	313.8301696777344
160.88800048828125	419.01507568359375	231.89157104492188	318.90380859375
160.98399353027344	419.01507568359375	231.89157104492188	318.90380859375
161.08399963378906	419.01507568359375	231.89157104492188	318.90380859375
161.18899536132812	419.01507568359375	231.89157104492188	318.90380859375
161.28599548339844	419.01507568359375	231.89157104492188	318.90380859375
161.38499450683594	423.7811279296875	237.2805830367935	318.90380859375
161.49000549316406	423.7811279296875	237.3354034423828	323.9594421386719
161.6269989013672	423.7811279296875	237.3354034423828	323.9594421386719
161.7899932861328	423.7811279296875	237.3354034423828	323.9594421386719
161.88499450683594	428.5357971191406	237.3354034423828	323.9594421386719
161.99099731445312	428.5357971191406	241.67050170898438	328.9974670410156
162.0970001220703	428.5357971191406	241.67050170898438	328.9974670410156
162.19400024414062	428.5357971191406	241.67050170898438	328.9974670410156
162.2989959716797	433.2792053222656	241.67050170898438	328.9974670410156
162.39599609375	433.2792053222656	241.67050170898438	333.01556396484375
162.49400329589844	433.2792053222656	247.00264940367674	333.01556396484375
162.61700439453125	433.2792053222656	247.05661010742188	333.01556396484375
162.78900146484375	438.01153564453125	247.05661010742188	338.0231018066406
162.88400268554688	438.01153564453125	247.05661010742188	338.0231018066406
162.98800659179688	438.01153564453125	252.3611418484706	338.0231018066406
163.08599853515625	438.01153564453125	252.41172790527344	343.0142517089844
163.18600463867188	438.01153564453125	252.41172790527344	338.0231018066406
163.28500366210938	442.73297119140625	252.41172790527344	343.0142517089844
163.38400268554688	442.73297119140625	252.41172790527344	343.0142517089844
163.48500061035156	442.73297119140625	252.41172790527344	343.0142517089844
163.58900451660156	442.73297119140625	252.41172790527344	343.0142517089844
163.76499938964844	447.4436340332031	257.7405700683594	343.0142517089844
163.7989959716797	447.4436340332031	257.7405700683594	347.98944091796875
163.90499877929688	447.4436340332031	257.7405700683594	347.98944091796875
164.00900268554688	452.1437072753906	257.7405700683594	347.98944091796875
164.11500549316406	452.1437072753906	257.7405700683594	347.98944091796875
164.22000122070312	452.1437072753906	263.0442199707031	352.94903564453125
164.3249969482422	452.1437072753906	263.0442199707031	352.94903564453125
164.4149932861328	455.896240234375	263.0442199707031	352.94903564453125
164.52099609375	455.896240234375	263.0442199707031	352.94903564453125
164.62600708007812	455.896240234375	263.0442199707031	352.94903564453125
164.80999755859375	460.5776062011719	268.3234558105469	357.8934020996094
164.90499877929688	460.5776062011719	268.3234558105469	357.8934020996094
165.00999450683594	460.5776062011719	268.3234558105469	357.8934020996094
165.11599731445312	460.5776062011719	268.3234558105469	357.8934020996094
165.21400451660156	460.5776062011719	268.3234558105469	357.8934020996094
165.32000732421875	465.248779296875	268.3234558105469	362.8228759765625
165.42599487304688	465.248779296875	273.5789489746094	362.8228759765625
165.52499389648438	465.248779296875	273.5789489746094	362.8228759765625
165.66799926757812	465.248779296875	273.5789489746094	362.8228759765625
165.83200073242188	469.9098205566406	278.8114318847656	367.73779296875
165.9239959716797	469.9098205566406	278.8114318847656	367.73779296875
166.0279998779297	469.9098205566406	278.8114318847656	367.73779296875
166.13400268554688	469.9098205566406	278.8114318847656	367.73779296875
166.22500610351562	474.5609130859375	278.8114318847656	367.73779296875
166.3300018310547	474.5609130859375	284.02154541015625	367.73779296875
166.42599487304688	474.5609130859375	284.02154541015625	371.6594543457031
166.531005859375	474.5609130859375	284.02154541015625	371.6594543457031
166.65899658203125	479.2021789550781	284.02154541015625	371.6594543457031
166.80799865722656	479.2021789550781	284.02154541015625	371.6594543457031
166.91600036621094	479.2021789550781	284.02154541015625	376.5489501953125
167.02000427246094	479.2021789550781	288.1347253281369	376.5489501953125
167.125	479.2021789550781	288.1739501953125	376.5489501953125
167.22900390625	483.83367919921875	288.1739501953125	376.5489501953125
167.33399963378906	483.83367919921875	288.1739501953125	376.5489501953125
167.43899536132812	483.83367919921875	288.1739501953125	381.42474365234375
167.54400634765625	483.83367919921875	293.34539794921875	381.42474365234375
167.78500366210938	488.4555358886719	293.34539794921875	381.42474365234375
167.8209991455078	493.06787109375	293.34539794921875	381.42474365234375
167.92799377441406	488.4555358886719	298.49615478515625	381.42474365234375
168.03399658203125	488.4555358886719	298.49615478515625	386.2871398925781
168.13699340820312	493.06787109375	298.49615478515625	386.2871398925781
168.23399353027344	493.06787109375	298.49615478515625	386.2871398925781
168.33999633789062	493.06787109375	298.49615478515625	386.2871398925781
168.44700622558594	493.06787109375	298.49615478515625	386.2871398925781
168.552001953125	496.75091552734375	303.57884891157425	386.2871398925781
168.78799438476562	496.75091552734375	303.6268615722656	391.1363525390625
168.83799743652344	493.06787109375	303.6268615722656	391.1363525390625
168.9429931640625	501.3463134765625	303.6268615722656	391.1363525390625
169.04800415039062	501.3463134765625	308.738037109375	391.1363525390625
169.15199279785156	501.3463134765625	308.738037109375	391.1363525390625
169.24400329589844	501.3463134765625	308.738037109375	391.1363525390625
169.3489990234375	505.93243408203125	308.738037109375	395.9726867675781
169.4459991455078	505.93243408203125	308.738037109375	395.9726867675781
169.55099487304688	505.93243408203125	308.738037109375	395.9726867675781
169.67599487304688	505.93243408203125	313.8301696777344	395.9726867675781
169.8419952392578	510.5093688964844	313.8301696777344	400.79638671875
169.947998046875	510.5093688964844	313.8301696777344	400.79638671875
170.052001953125	510.5093688964844	313.8301696777344	400.79638671875
170.1580047607422	510.5093688964844	318.90380859375	400.79638671875
170.26199340820312	515.0771484375	318.90380859375	400.79638671875
170.36700439453125	515.0771484375	318.90380859375	400.79638671875
170.4709930419922	515.0771484375	318.90380859375	405.5615180089989
170.5760040283203	515.0771484375	323.9594421386719	405.607666015625
170.80099487304688	519.6359252929688	323.9594421386719	405.607666015625
170.8509979248047	519.6359252929688	323.9594421386719	405.607666015625
170.9459991455078	519.6359252929688	323.9594421386719	405.607666015625
171.0500030517578	519.6359252929688	323.9594421386719	410.40673828125
171.1439971923828	519.6359252929688	328.9974670410156	410.40673828125
171.25	524.1857299804688	328.9974670410156	410.40673828125
171.35400390625	524.1857299804688	333.01556396484375	410.40673828125
171.45899963378906	524.1857299804688	333.01556396484375	410.40673828125
171.56300354003906	528.7266235351562	333.01556396484375	414.2373962402344
171.6929931640625	528.7266235351562	338.0231018066406	414.2373962402344
171.86000061035156	528.7266235351562	338.0231018066406	414.2373962402344
171.96600341796875	528.7266235351562	338.0231018066406	419.01507568359375
172.07200622558594	532.35302734375	338.0231018066406	419.01507568359375
172.16600036621094	532.35302734375	338.0231018066406	419.01507568359375
172.27000427246094	532.35302734375	343.0142517089844	419.01507568359375
172.375	532.35302734375	343.0142517089844	419.01507568359375
172.48399353027344	536.8781127929688	343.0142517089844	423.7811279296875
172.5749969482422	536.8781127929688	343.0142517089844	423.7811279296875
172.70199584960938	536.8781127929688	347.9502988881925	423.7811279296875
172.8699951171875	541.3944702148438	347.98944091796875	423.7811279296875
172.9759979248047	541.3944702148438	347.98944091796875	423.7811279296875
173.0760040283203	541.3944702148438	347.98944091796875	428.5357971191406
173.1790008544922	541.3944702148438	347.98944091796875	428.5357971191406
173.28500366210938	541.3944702148438	352.94903564453125	428.5357971191406
173.38900756835938	541.3944702148438	352.94903564453125	428.5357971191406
173.48399353027344	545.9021606445312	352.94903564453125	428.5357971191406
173.58999633789062	545.9021606445312	352.94903564453125	433.2792053222656
173.82899475097656	545.9021606445312	357.8934020996094	433.2792053222656
173.88099670410156	550.4013061523438	357.8934020996094	433.2792053222656
173.98599243164062	550.4013061523438	357.8934020996094	438.01153564453125
174.08999633789062	550.4013061523438	357.8934020996094	438.01153564453125
174.1959991455078	554.8919067382812	362.8228759765625	438.01153564453125
174.3000030517578	554.8919067382812	362.8228759765625	438.01153564453125
174.40499877929688	554.8919067382812	362.8228759765625	438.01153564453125
174.4949951171875	554.8919067382812	362.8228759765625	442.73297119140625
174.6009979248047	554.8919067382812	367.73779296875	442.73297119140625
174.83099365234375	559.3740234375	367.73779296875	442.73297119140625
174.8679962158203	559.3740234375	367.73779296875	442.73297119140625
174.9709930419922	559.3740234375	367.73779296875	442.73297119140625
175.0760040283203	559.3740234375	367.73779296875	447.39955844881894
175.17999267578125	563.8477172851562	371.6594543457031	447.4436340332031
175.2760009765625	563.8477172851562	371.6594543457031	447.4436340332031
175.38099670410156	568.3130493164062	371.6594543457031	447.4436340332031
175.48599243164062	568.3130493164062	371.6594543457031	447.4436340332031
175.58599853515625	568.3130493164062	371.6594543457031	452.1437072753906
175.82899475097656	568.3130493164062	376.5489501953125	452.1437072753906
175.8800048828125	568.3130493164062	376.5489501953125	455.896240234375
175.97500610351562	571.8792724609375	376.5489501953125	455.896240234375
176.0800018310547	571.8792724609375	376.5489501953125	455.896240234375
176.1750030517578	571.8792724609375	376.5489501953125	460.5776062011719
176.27499389648438	576.3296508789062	381.42474365234375	460.5776062011719
176.3800048828125	576.3296508789062	381.42474365234375	460.5776062011719
176.47500610351562	576.3296508789062	381.42474365234375	460.5776062011719
176.57400512695312	580.771728515625	381.42474365234375	460.5776062011719
176.71200561523438	580.771728515625	386.2871398925781	465.248779296875
176.8679962158203	580.771728515625	386.2871398925781	465.248779296875
176.97300720214844	580.771728515625	386.2871398925781	465.248779296875
177.0659942626953	585.2056884765625	386.2871398925781	469.9098205566406
177.1649932861328	585.2056884765625	391.1363525390625	469.9098205566406
177.27099609375	585.2056884765625	391.1363525390625	469.9098205566406
177.37600708007812	585.2056884765625	391.1363525390625	469.9098205566406
177.4810028076172	585.2056884765625	391.1363525390625	469.9098205566406
177.5760040283203	585.2056884765625	391.1363525390625	474.5609130859375
177.67999267578125	589.6314086914062	391.1363525390625	474.5609130859375
177.8800048828125	589.6314086914062	395.9726867675781	474.5609130859375
177.98399353027344	594.049072265625	395.9726867675781	474.5609130859375
178.08900451660156	594.049072265625	395.9726867675781	479.2021789550781
178.1929931640625	594.049072265625	395.9726867675781	479.2021789550781
178.28500366210938	594.049072265625	400.79638671875	479.2021789550781
178.375	594.049072265625	395.9726867675781	479.2021789550781
178.47500610351562	594.049072265625	400.79638671875	479.2021789550781
178.5760040283203	598.4586791992188	400.79638671875	479.2021789550781
178.67599487304688	598.4586791992188	400.79638671875	483.83367919921875
178.8800048828125	602.8602294921875	400.79638671875	483.83367919921875
178.98599243164062	602.8602294921875	405.607666015625	488.4555358886719
179.09100341796875	602.8602294921875	405.607666015625	488.4555358886719
179.1959991455078	602.8602294921875	405.607666015625	488.4555358886719
179.30099487304688	602.8602294921875	405.607666015625	488.4555358886719
179.39500427246094	607.2537841796875	410.40673828125	488.4555358886719
179.5	607.2537841796875	410.40673828125	488.4555358886719
179.60499572753906	607.2537841796875	410.40673828125	493.06787109375
179.72900390625	610.7628784179688	410.40673828125	493.06787109375
179.90199279785156	610.7628784179688	410.40673828125	493.06787109375
179.9949951171875	610.7628784179688	414.2373962402344	493.06787109375
180.0850067138672	610.7628784179688	414.2373962402344	496.75091552734375
180.1909942626953	615.1421508789062	414.2373962402344	496.75091552734375
180.28500366210938	615.1421508789062	414.2373962402344	496.75091552734375
180.38999938964844	615.1421508789062	414.2373962402344	496.75091552734375
180.49400329589844	615.1421508789062	418.9699442835329	496.75091552734375
180.59500122070312	619.5134887695312	419.01507568359375	501.3463134765625
180.72500610351562	619.5134887695312	419.01507568359375	501.3463134765625
180.88299560546875	623.8770141601562	419.01507568359375	501.3463134765625
180.9759979248047	623.8770141601562	423.7811279296875	501.3463134765625
181.0800018310547	623.8770141601562	423.7811279296875	505.93243408203125
181.1840057373047	623.8770141601562	423.7811279296875	505.93243408203125
181.28599548339844	623.8770141601562	423.7811279296875	505.93243408203125
181.38999938964844	628.2327270507812	423.7811279296875	505.93243408203125
181.4949951171875	623.8770141601562	428.5357971191406	505.93243408203125
181.59500122070312	628.2327270507812	428.5357971191406	510.5093688964844
181.73899841308594	628.2327270507812	428.5357971191406	510.5093688964844
181.9040069580078	632.5806884765625	428.5357971191406	510.5093688964844
182.01100158691406	632.5806884765625	433.2792053222656	510.5093688964844
182.1060028076172	632.5806884765625	433.2792053222656	515.0771484375
182.2100067138672	632.5806884765625	433.2792053222656	515.0771484375
182.31500244140625	636.9208374023438	433.2792053222656	515.0771484375
182.40699768066406	636.9208374023438	433.2792053222656	515.0771484375
182.50999450683594	636.9208374023438	437.96571202345297	519.5917822072204
182.60400390625	636.9208374023438	438.01153564453125	519.6359252929688
182.7429962158203	641.2532958984375	438.01153564453125	519.6359252929688
182.90199279785156	641.2532958984375	438.01153564453125	519.6359252929688
183.0070037841797	641.2532958984375	442.6883710881441	519.6359252929688
183.1060028076172	644.7137451171875	442.73297119140625	524.1857299804688
183.2050018310547	644.7137451171875	442.73297119140625	524.1857299804688
183.30999755859375	644.7137451171875	442.73297119140625	524.1857299804688
183.41600036621094	644.7137451171875	442.73297119140625	524.1857299804688
183.51499938964844	644.7137451171875	447.4436340332031	524.1857299804688
183.6199951171875	649.0324096679688	447.4436340332031	528.7266235351562
183.75	649.0324096679688	447.4436340332031	528.7266235351562
183.91700744628906	653.343505859375	452.1437072753906	528.7266235351562
184.02200317382812	653.343505859375	452.1437072753906	532.35302734375
184.1269989013672	653.343505859375	455.896240234375	532.35302734375
184.2259979248047	653.343505859375	455.896240234375	532.35302734375
184.33099365234375	657.64697265625	455.896240234375	532.35302734375
184.43600463867188	657.64697265625	455.896240234375	532.35302734375
184.53399658203125	657.64697265625	460.52998441421005	536.8320807893238
184.63999938964844	657.64697265625	460.5776062011719	536.8781127929688
184.76100158691406	661.94287109375	460.5776062011719	536.8781127929688
184.9409942626953	661.94287109375	460.5776062011719	536.8781127929688
185.04800415039062	661.94287109375	465.248779296875	536.8781127929688
185.1510009765625	666.2312622070312	465.248779296875	541.3944702148438
185.25599670410156	666.2312622070312	465.248779296875	541.3944702148438
185.36199951171875	666.2312622070312	465.248779296875	541.3944702148438
185.46600341796875	666.2312622070312	469.9098205566406	541.3944702148438
185.57400512695312	666.2312622070312	469.9098205566406	545.9021606445312
185.67799377441406	670.5121459960938	469.9098205566406	545.9021606445312
185.8939971923828	670.5121459960938	469.9098205566406	545.9021606445312
185.92999267578125	670.5121459960938	474.5609130859375	545.9021606445312
186.03700256347656	670.5121459960938	474.5609130859375	545.9021606445312
186.13999938964844	674.78564453125	474.5609130859375	545.9021606445312
186.2449951171875	674.78564453125	474.5609130859375	550.3585620032843
186.3489990234375	674.78564453125	474.5609130859375	550.4013061523438
186.4459991455078	679.0516357421875	474.5609130859375	550.4013061523438
186.55099487304688	679.0516357421875	479.2021789550781	550.4013061523438
186.6439971923828	679.0516357421875	479.2021789550781	550.4013061523438
186.78599548339844	682.4591674804688	479.2021789550781	554.8919067382812
186.94500732421875	682.4591674804688	483.83367919921875	554.8919067382812
187.0500030517578	682.4591674804688	483.83367919921875	554.8919067382812
187.1529998779297	682.4591674804688	483.83367919921875	554.8919067382812
187.25900268554688	686.7119140625	483.83367919921875	559.3740234375
187.35499572753906	686.7119140625	483.83367919921875	559.3740234375
187.4600067138672	690.957275390625	488.4555358886719	559.3740234375
187.56399536132812	690.957275390625	488.4555358886719	559.3740234375
187.6699981689453	690.957275390625	488.4555358886719	563.8477172851562
187.79800415039062	690.957275390625	488.4555358886719	563.8477172851562
187.9709930419922	695.1954345703125	493.06787109375	563.8477172851562
188.06399536132812	695.1954345703125	493.06787109375	568.3130493164062
188.16900634765625	695.1954345703125	493.06787109375	568.3130493164062
188.26499938964844	695.1954345703125	493.06787109375	568.3130493164062
188.3560028076172	695.1954345703125	493.06787109375	568.3130493164062
188.4600067138672	699.42626953125	493.06787109375	568.3130493164062
188.55499267578125	699.42626953125	496.75091552734375	571.8792724609375
188.66000366210938	699.42626953125	496.75091552734375	571.8792724609375
188.8090057373047	699.42626953125	496.75091552734375	571.8792724609375
188.9720001220703	703.6498413085938	496.75091552734375	576.3296508789062
189.0760040283203	703.6498413085938	501.3463134765625	576.3296508789062
189.18099975585938	707.8662109375	501.3463134765625	580.771728515625
189.27499389648438	707.8662109375	501.3463134765625	580.771728515625
189.3800048828125	707.8662109375	501.3463134765625	580.771728515625
189.48500061035156	707.8662109375	505.93243408203125	580.771728515625
189.5760040283203	707.8662109375	505.93243408203125	585.2056884765625
189.6739959716797	712.075439453125	505.93243408203125	585.2056884765625
189.8090057373047	712.075439453125	505.93243408203125	585.2056884765625
189.9709930419922	712.075439453125	505.93243408203125	589.6314086914062
190.0760040283203	716.2775268554688	505.93243408203125	589.6314086914062
190.17999267578125	716.2775268554688	510.5093688964844	589.6314086914062
190.2760009765625	716.2775268554688	510.5093688964844	589.6314086914062
190.375	716.2775268554688	510.5093688964844	589.6314086914062
190.4810028076172	719.634033203125	510.5093688964844	589.6314086914062
190.5760040283203	719.634033203125	510.5093688964844	594.049072265625
190.67599487304688	719.634033203125	510.5093688964844	594.049072265625
190.81199645996094	719.634033203125	515.0771484375	594.049072265625
190.9929962158203	723.8233642578125	515.0771484375	594.049072265625
191.08700561523438	723.8233642578125	515.0771484375	598.4586791992188
191.18499755859375	728.005615234375	515.0771484375	598.4586791992188
191.28399658203125	728.005615234375	515.0771484375	598.4586791992188
191.37600708007812	728.005615234375	515.0771484375	598.4586791992188
191.47500610351562	728.005615234375	519.5907062336669	602.8165699821856
191.5749969482422	728.005615234375	519.6359252929688	602.8602294921875
191.68099975585938	728.005615234375	519.6359252929688	602.8602294921875
191.81700134277344	732.1807861328125	519.6359252929688	602.8602294921875
191.97999572753906	732.1807861328125	519.6359252929688	607.2266406236288
192.08599853515625	736.3490600585938	524.1857299804688	607.2537841796875
192.18499755859375	736.3490600585938	524.1857299804688	607.2537841796875
192.28399658203125	736.3490600585938	524.1857299804688	607.2537841796875
192.38999938964844	736.3490600585938	524.1857299804688	607.2537841796875
192.48500061035156	740.5103149414062	524.1857299804688	610.7628784179688
192.59100341796875	740.5103149414062	528.7266235351562	610.7628784179688
192.6959991455078	740.5103149414062	528.7266235351562	610.7628784179688
192.8419952392578	740.5103149414062	528.7266235351562	610.7628784179688
193.02000427246094	744.6646728515625	528.7266235351562	615.1421508789062
193.125	744.6646728515625	528.7266235351562	615.1421508789062
193.22500610351562	744.6646728515625	532.35302734375	615.1421508789062
193.33099365234375	748.8121337890625	532.35302734375	615.1421508789062
193.4239959716797	748.8121337890625	532.35302734375	615.1421508789062
193.5260009765625	748.8121337890625	532.35302734375	619.5134887695312
193.6320037841797	748.8121337890625	532.35302734375	619.5134887695312
193.72500610351562	748.8121337890625	532.35302734375	619.5134887695312
193.97000122070312	752.9527587890625	536.8781127929688	619.5134887695312
194.02000427246094	756.2603149414062	536.8781127929688	623.8770141601562
194.11500549316406	756.2603149414062	536.8781127929688	623.8770141601562
194.21400451660156	756.2603149414062	536.8781127929688	623.8770141601562
194.3040008544922	756.2603149414062	536.8781127929688	623.8770141601562
194.4040069580078	756.2603149414062	541.3944702148438	623.8770141601562
194.50999450683594	760.388671875	541.3944702148438	628.2327270507812
194.60299682617188	760.388671875	541.3944702148438	628.2327270507812
194.70899963378906	760.388671875	541.3944702148438	628.2327270507812
194.8070068359375	760.388671875	541.3944702148438	628.2327270507812
195.0330047607422	764.5103149414062	545.9021606445312	632.5806884765625
195.13800048828125	764.5103149414062	545.9021606445312	632.5806884765625
195.24200439453125	764.5103149414062	545.9021606445312	632.5806884765625
195.3350067138672	768.6251220703125	545.9021606445312	632.5806884765625
195.44000244140625	768.6251220703125	545.9021606445312	636.9208374023438
195.53599548339844	768.6251220703125	545.9021606445312	636.9208374023438
195.64100646972656	768.6251220703125	545.9021606445312	636.9208374023438
195.73300170898438	772.7333374023438	550.3533172357031	636.9208374023438
195.8730010986328	772.7333374023438	550.4013061523438	636.9208374023438
196.0500030517578	772.7333374023438	550.4013061523438	641.2532958984375
196.14500427246094	776.8348388671875	550.4013061523438	641.2532958984375
196.25	776.8348388671875	554.8919067382812	641.2532958984375
196.343994140625	776.8348388671875	554.8919067382812	641.2532958984375
196.44400024414062	776.8348388671875	554.8919067382812	644.7137451171875
196.53500366210938	776.8348388671875	554.8919067382812	644.7137451171875
196.62600708007812	780.9296875	554.8919067382812	644.7137451171875
196.7239990234375	780.9296875	554.8919067382812	644.7137451171875
196.82400512695312	780.9296875	554.8919067382812	648.98999945558
197.0399932861328	785.0180053710938	559.3740234375	649.0324096679688
197.1490020751953	785.0180053710938	559.3740234375	649.0324096679688
197.2429962158203	785.0180053710938	559.3740234375	649.0324096679688
197.3489990234375	788.2838745117188	563.8477172851562	653.343505859375
197.4530029296875	788.2838745117188	559.4162832979996	653.343505859375
197.5590057373047	788.2838745117188	563.8477172851562	653.343505859375
197.656005859375	792.3604125976562	563.8477172851562	653.343505859375
197.75999450683594	792.3604125976562	568.3130493164062	657.64697265625
197.89100646972656	792.3604125976562	563.8477172851562	657.64697265625
198.05999755859375	796.430419921875	568.3130493164062	657.64697265625
198.15499877929688	796.430419921875	568.3130493164062	657.64697265625
198.24600219726562	796.430419921875	568.3130493164062	661.94287109375
198.343994140625	800.4939575195312	571.8792724609375	661.94287109375
198.4340057373047	800.4939575195312	571.8792724609375	661.94287109375
198.5399932861328	800.4939575195312	571.8792724609375	661.94287109375
198.6439971923828	800.4939575195312	571.8792724609375	661.94287109375
198.74899291992188	800.4939575195312	576.3296508789062	661.94287109375
198.84500122070312	804.5510864257812	576.3296508789062	666.2312622070312
199.03900146484375	804.5510864257812	576.3296508789062	666.2312622070312
199.08799743652344	804.5510864257812	580.771728515625	666.2312622070312
199.1959991455078	808.601806640625	580.771728515625	666.2312622070312
199.2989959716797	808.601806640625	580.771728515625	670.5121459960938
199.39500427246094	808.601806640625	580.771728515625	670.5121459960938
199.50100708007812	808.601806640625	580.771728515625	670.5121459960938
199.60499572753906	808.601806640625	585.2056884765625	670.5121459960938
199.6959991455078	812.6461791992188	585.2056884765625	674.78564453125
199.80099487304688	812.6461791992188	585.2056884765625	674.78564453125
200.03599548339844	812.6461791992188	585.2056884765625	674.78564453125
200.07000732421875	812.6461791992188	589.6314086914062	674.78564453125
200.17599487304688	816.6842041015625	589.6314086914062	679.0516357421875
200.28199768066406	816.6842041015625	589.6314086914062	679.0516357421875
200.375	816.6842041015625	589.6314086914062	679.0516357421875
200.46499633789062	820.7160034179688	589.6314086914062	679.0516357421875
200.5709991455078	820.7160034179688	594.049072265625	679.0516357421875
200.66700744628906	820.7160034179688	594.049072265625	682.4591674804688
200.76400756835938	820.7160034179688	594.049072265625	682.4591674804688
200.91799926757812	820.7160034179688	594.049072265625	682.4591674804688
201.09500122070312	823.9368896484375	594.049072265625	686.7119140625
201.19900512695312	827.9573974609375	598.4586791992188	686.7119140625
201.2949981689453	827.9573974609375	598.4586791992188	690.957275390625
201.39999389648438	823.9368896484375	598.4586791992188	690.957275390625
201.5050048828125	827.9573974609375	598.4586791992188	690.957275390625
201.60400390625	827.9573974609375	598.4586791992188	690.957275390625
201.70899963378906	831.9717407226562	602.8602294921875	690.957275390625
201.81399536132812	831.9717407226562	602.8602294921875	695.1954345703125
202.0540008544922	831.9717407226562	602.8602294921875	695.1954345703125
202.08900451660156	835.9799194335938	607.2537841796875	695.1954345703125
202.19700622558594	835.9799194335938	607.2537841796875	695.1954345703125
202.29400634765625	835.9799194335938	607.2537841796875	695.1954345703125
202.39999389648438	835.9799194335938	607.2537841796875	699.42626953125
202.5050048828125	839.9819946289062	607.2537841796875	699.42626953125
202.59500122070312	839.9819946289062	607.2537841796875	699.42626953125
202.6999969482422	839.9819946289062	610.7295402547721	699.42626953125
202.7949981689453	839.9819946289062	610.7628784179688	699.42626953125
202.92999267578125	843.97802734375	610.7628784179688	703.6498413085938
203.0970001220703	843.97802734375	615.1159014935259	703.6498413085938
203.20199584960938	843.97802734375	615.1421508789062	703.6498413085938
203.3070068359375	847.9679565429688	615.1421508789062	707.8662109375
203.41299438476562	847.9679565429688	615.1421508789062	707.8662109375
203.51800537109375	847.9679565429688	615.1421508789062	707.8662109375
203.62399291992188	851.951904296875	615.1421508789062	707.8662109375
203.72799682617188	851.951904296875	619.5134887695312	707.8662109375
203.83299255371094	851.951904296875	619.5134887695312	712.0354496615557
204.06700134277344	851.951904296875	619.5134887695312	712.075439453125
204.1020050048828	851.951904296875	623.8770141601562	712.075439453125
204.20700073242188	855.9298706054688	623.8770141601562	716.2382041256743
204.31300354003906	855.9298706054688	623.8770141601562	716.2775268554688
204.40699768066406	859.10791015625	623.8770141601562	716.2775268554688
204.51199340820312	859.10791015625	623.8770141601562	716.2775268554688
204.60400390625	859.10791015625	623.8770141601562	716.2775268554688
204.70899963378906	859.10791015625	628.2327270507812	716.2775268554688
204.80599975585938	863.0752563476562	628.2327270507812	719.634033203125
204.93899536132812	863.0752563476562	628.2327270507812	719.634033203125
205.10299682617188	863.0752563476562	628.2327270507812	719.634033203125
205.2050018310547	867.0366821289062	632.5806884765625	719.634033203125
205.3090057373047	867.0366821289062	632.5806884765625	723.7837905739649
205.40499877929688	867.0366821289062	632.5806884765625	723.8233642578125
205.51100158691406	867.0366821289062	632.5806884765625	723.8233642578125
205.60499572753906	870.9922485351562	636.9208374023438	723.8233642578125
205.69500732421875	870.9922485351562	636.9208374023438	727.9600340282254
205.7949981689453	870.9922485351562	636.9208374023438	728.005615234375
205.9429931640625	870.9922485351562	636.9208374023438	728.005615234375
206.11000061035156	874.9420166015625	641.2532958984375	728.005615234375
206.2050018310547	878.8860473632812	641.2532958984375	732.1807861328125
206.30999755859375	878.8860473632812	641.2532958984375	732.1807861328125
206.40499877929688	878.8860473632812	641.2532958984375	732.1807861328125
206.51199340820312	878.8860473632812	641.2532958984375	732.1807861328125
206.60299682617188	878.8860473632812	641.2532958984375	736.3034371599036
206.69500732421875	878.8860473632812	644.7137451171875	736.3490600585938
206.80099487304688	882.8243408203125	644.7137451171875	736.3490600585938
206.94500732421875	882.8243408203125	644.7137451171875	736.3490600585938
207.12399291992188	886.7568969726562	649.0324096679688	736.3490600585938
207.22900390625	886.7568969726562	649.0324096679688	740.5103149414062
207.33399963378906	886.7568969726562	649.0324096679688	740.5103149414062
207.43800354003906	886.7568969726562	649.0324096679688	740.5103149414062
207.54400634765625	889.89892578125	649.0324096679688	740.5103149414062
207.6490020751953	889.89892578125	649.0324096679688	744.6646728515625
207.7530059814453	889.89892578125	653.343505859375	744.6646728515625
207.85800170898438	889.89892578125	653.343505859375	744.6646728515625
208.08200073242188	893.8213500976562	653.343505859375	744.6646728515625
208.1320037841797	897.7381591796875	653.343505859375	748.8121337890625
208.23699951171875	901.6494140625	657.64697265625	748.8121337890625
208.33599853515625	897.7381591796875	657.64697265625	748.8121337890625
208.4409942626953	897.7381591796875	657.64697265625	748.8121337890625
208.5469970703125	901.6494140625	657.64697265625	752.9527587890625
208.64599609375	901.6494140625	661.94287109375	752.9527587890625
208.7449951171875	901.6494140625	661.94287109375	752.9527587890625
208.843994140625	901.6494140625	661.94287109375	752.9527587890625
209.2480010986328	905.55517578125	661.94287109375	756.2603149414062
209.28399658203125	909.4554443359375	666.2312622070312	756.2603149414062
209.38900756835938	909.4554443359375	666.2312622070312	756.2603149414062
209.48599243164062	909.4554443359375	666.2312622070312	760.3462440398058
209.58599853515625	913.3502807617188	666.2312622070312	760.388671875
209.69200134277344	913.3502807617188	670.5121459960938	760.388671875
209.78500366210938	913.3502807617188	666.2312622070312	760.388671875
209.88400268554688	913.3502807617188	670.5121459960938	764.5103149414062
210.21400451660156	913.3502807617188	670.5121459960938	764.5103149414062
210.26199340820312	913.3502807617188	674.6959907158271	768.5387974452306
210.35400390625	917.2396850585938	674.78564453125	768.6251220703125
210.45899963378906	921.1236572265625	674.78564453125	768.6251220703125
210.5540008544922	921.1236572265625	674.78564453125	768.6251220703125
210.66000366210938	921.1236572265625	679.0516357421875	768.6251220703125
210.76400756835938	921.1236572265625	679.0516357421875	768.6251220703125
210.8699951171875	921.1236572265625	679.0516357421875	772.7333374023438
211.2030029296875	924.22705078125	679.0516357421875	772.7333374023438
211.2530059814453	928.1015014648438	682.4591674804688	772.7333374023438
211.35800170898438	928.1015014648438	682.4591674804688	776.8348388671875
211.46299743652344	928.1015014648438	686.7119140625	776.8348388671875
211.56900024414062	928.1015014648438	686.7119140625	776.8348388671875
211.66600036621094	931.9706420898438	690.957275390625	776.8348388671875
211.77000427246094	931.9706420898438	686.7119140625	780.9296875
211.86599731445312	931.9706420898438	690.957275390625	780.9296875
212.1510009765625	935.8345336914062	690.957275390625	780.9296875
212.18600463867188	935.8345336914062	690.957275390625	780.9296875
212.29200744628906	935.8345336914062	690.957275390625	785.0180053710938
212.38400268554688	939.6932373046875	690.957275390625	785.0180053710938
212.48899841308594	939.6932373046875	695.155169922859	785.0180053710938
212.58399963378906	939.6932373046875	695.1954345703125	788.2838745117188
212.6750030517578	939.6932373046875	695.1954345703125	788.2838745117188
212.77999877929688	939.6932373046875	695.1954345703125	788.2838745117188
212.875	943.5467529296875	699.42626953125	788.2838745117188
213.177001953125	943.5467529296875	699.42626953125	792.3604125976562
213.2259979248047	943.5467529296875	703.6498413085938	796.430419921875
213.33099365234375	947.3950805664062	703.6498413085938	792.3604125976562
213.42599487304688	947.3950805664062	703.6498413085938	796.430419921875
213.52999877929688	947.3950805664062	703.6498413085938	796.430419921875
213.625	947.3950805664062	703.6498413085938	800.4939575195312
213.7310028076172	951.2384033203125	703.6498413085938	800.4939575195312
213.8350067138672	951.2384033203125	707.8662109375	800.4939575195312
213.99400329589844	951.2384033203125	707.8662109375	800.4939575195312
214.18800354003906	955.0765991210938	707.8662109375	804.5510864257812
214.28599548339844	955.0765991210938	707.8662109375	804.5510864257812
214.38900756835938	958.1435546875	712.075439453125	804.5510864257812
214.48699951171875	958.1435546875	712.075439453125	808.601806640625
214.5850067138672	958.1435546875	712.075439453125	808.601806640625
214.6909942626953	958.1435546875	712.075439453125	808.601806640625
214.78599548339844	961.9727172851562	712.075439453125	808.601806640625
214.88999938964844	961.9727172851562	716.2775268554688	808.601806640625
215.13699340820312	961.9727172851562	716.2775268554688	812.6461791992188
215.1719970703125	965.7969360351562	716.2775268554688	812.6461791992188
215.2779998779297	965.7969360351562	716.2775268554688	812.6461791992188
215.38299560546875	965.7969360351562	719.634033203125	812.6461791992188
215.47500610351562	969.6162109375	719.634033203125	812.6461791992188
215.5749969482422	969.6162109375	719.634033203125	816.6842041015625
215.6750030517578	969.6162109375	719.634033203125	816.6842041015625
215.77499389648438	969.6162109375	719.634033203125	816.6842041015625
215.86500549316406	973.4306030273438	723.8233642578125	816.6842041015625
215.98800659179688	973.4306030273438	723.8233642578125	816.6842041015625
216.177001953125	973.4306030273438	723.8233642578125	820.6948450976421
216.2740020751953	977.2401123046875	728.005615234375	820.7160034179688
216.3800048828125	977.2401123046875	728.005615234375	820.7160034179688
216.48500061035156	977.2401123046875	728.005615234375	820.7160034179688
216.58399963378906	977.2401123046875	728.005615234375	820.7160034179688
216.68899536132812	981.0447998046875	728.005615234375	823.9368896484375
216.7949981689453	981.0447998046875	732.1807861328125	823.9368896484375
216.8990020751953	981.0447998046875	732.1807861328125	823.9368896484375
217.1300048828125	984.8447265625	732.1807861328125	823.9368896484375
217.16400146484375	984.8447265625	732.1807861328125	827.9573974609375
217.27000427246094	984.8447265625	732.1807861328125	827.9573974609375
217.375	988.6398315429688	736.3490600585938	827.9573974609375
217.46400451660156	984.8447265625	736.3490600585938	827.9573974609375
217.5709991455078	989.0932006835938	736.8468627929688	828.4376220703125
217.66400146484375	992.12548828125	736.8468627929688	832.4512329101562
217.7689971923828	992.12548828125	736.8468627929688	832.4512329101562
217.86599731445312	992.12548828125	741.00732421875	832.4512329101562
217.99899291992188	992.12548828125	741.00732421875	832.4512329101562
218.16900634765625	995.9115600585938	741.00732421875	836.4586791992188
218.27499389648438	999.6930541992188	745.1608276367188	836.4586791992188
218.37899780273438	999.6930541992188	745.1608276367188	836.4586791992188
218.47500610351562	999.6930541992188	745.1608276367188	836.4586791992188
218.57899475097656	999.6930541992188	745.1608276367188	840.4216425767767
218.6840057373047	999.6930541992188	745.1608276367188	840.4600219726562
218.7899932861328	1003.4699096679688	749.3074951171875	840.4600219726562
218.88400268554688	1003.4699096679688	749.3074951171875	840.4600219726562
219.1269989013672	1003.4699096679688	749.3074951171875	840.4600219726562
219.1750030517578	1003.4699096679688	749.3074951171875	844.4552612304688
219.2740020751953	1007.2421875	753.447265625	844.4552612304688
219.38099670410156	1007.2421875	753.447265625	844.4552612304688
219.48500061035156	1011.0098876953125	753.447265625	848.4445190429688
219.5760040283203	1011.0098876953125	753.447265625	848.4445190429688
219.67999267578125	1011.0098876953125	756.7542114257812	848.4445190429688
219.7760009765625	1011.0098876953125	756.7542114257812	848.4445190429688
219.88099670410156	1011.0098876953125	756.7542114257812	848.4445190429688
220.1439971923828	1014.7731323242188	756.7542114257812	852.427734375
220.17999267578125	1018.5318603515625	756.7542114257812	852.427734375
220.28599548339844	1014.7731323242188	756.7542114257812	852.427734375
220.38499450683594	1018.5318603515625	760.8817749023438	856.4049682617188
220.49000549316406	1018.5318603515625	760.8817749023438	856.4049682617188
220.58599853515625	1018.5318603515625	760.8817749023438	856.4049682617188
220.6909942626953	1021.5357055664062	760.8817749023438	856.4049682617188
220.79600524902344	1021.5357055664062	765.0025024414062	859.58251953125
220.9010009765625	1021.5357055664062	765.0025024414062	859.58251953125
221.14700317382812	1021.5357055664062	765.0025024414062	859.58251953125
221.19500732421875	1025.2864990234375	769.1165771484375	859.58251953125
221.30099487304688	1025.2864990234375	769.1165771484375	863.549072265625
221.39599609375	1029.0328369140625	769.1165771484375	863.549072265625
221.5	1029.0328369140625	769.1165771484375	863.549072265625
221.60499572753906	1029.0328369140625	769.1165771484375	863.549072265625
221.70899963378906	1029.0328369140625	769.1165771484375	863.549072265625
221.81399536132812	1032.7750244140625	773.2239379882812	867.5098266601562
221.91400146484375	1032.7750244140625	773.2239379882812	867.5098266601562
222.16400146484375	1032.7750244140625	773.2239379882812	867.5098266601562
222.21299743652344	1032.7750244140625	777.32470703125	867.5098266601562
222.3179931640625	1036.5128173828125	777.32470703125	871.4647216796875
222.4149932861328	1036.5128173828125	777.32470703125	871.4647216796875
222.52000427246094	1040.246337890625	777.32470703125	871.4647216796875
222.62399291992188	1040.246337890625	777.32470703125	871.4647216796875
222.72900390625	1040.246337890625	781.4187622070312	875.413818359375
222.8249969482422	1040.246337890625	781.4187622070312	875.413818359375
222.9290008544922	1040.246337890625	781.4187622070312	875.413818359375
223.16700744628906	1043.9757080078125	781.4187622070312	875.413818359375
223.21600341796875	1047.7008056640625	785.5062866210938	879.3571166992188
223.31399536132812	1047.7008056640625	785.5062866210938	879.3571166992188
223.41900634765625	1047.7008056640625	785.5062866210938	879.3571166992188
223.5240020751953	1047.7008056640625	785.5062866210938	879.3571166992188
223.62899780273438	1051.4217529296875	785.5062866210938	879.3571166992188
223.7239990234375	1051.4217529296875	788.7715454101562	883.2947387695312
223.8280029296875	1051.4217529296875	788.7715454101562	883.2947387695312
223.9340057373047	1051.4217529296875	788.7715454101562	883.2947387695312
224.177001953125	1051.4217529296875	788.7715454101562	883.2947387695312
224.22500610351562	1054.3956298828125	792.8472900390625	887.1470307261355
224.33200073242188	1054.3956298828125	796.91650390625	887.2266235351562
224.43600463867188	1058.1092529296875	796.91650390625	887.2266235351562
224.53399658203125	1058.1092529296875	796.91650390625	887.2266235351562
224.63999938964844	1058.1092529296875	796.91650390625	887.2266235351562
224.73599243164062	1061.8189697265625	800.9793090820312	890.3681030273438
224.83999633789062	1061.8189697265625	800.9793090820312	890.3681030273438
224.94400024414062	1061.8189697265625	800.9793090820312	890.3681030273438
225.2010040283203	1061.8189697265625	805.03564453125	894.2898559570312
225.25	1065.5264892578125	805.03564453125	894.2898559570312
225.35499572753906	1065.5264892578125	805.03564453125	894.2898559570312
225.4459991455078	1069.2274169921875	805.03564453125	894.2898559570312
225.55099487304688	1069.2274169921875	809.047094944451	898.1687883712309
225.6540069580078	1069.2274169921875	805.0746438259548	898.2059936523438
225.74600219726562	1069.2274169921875	809.0855712890625	898.2059936523438
225.85000610351562	1069.2274169921875	809.0855712890625	902.1166381835938
225.94400024414062	1072.92431640625	809.0855712890625	902.1166381835938
226.21499633789062	1072.92431640625	813.1292114257812	902.1166381835938
226.26600646972656	1072.92431640625	813.1292114257812	905.9472476260762
226.36500549316406	1072.92431640625	813.1292114257812	906.021728515625
226.47000122070312	1076.617431640625	813.1292114257812	906.021728515625
226.57400512695312	1076.617431640625	817.16650390625	909.9213256835938
226.6790008544922	1080.3067626953125	817.16650390625	909.9213256835938
226.78399658203125	1080.3067626953125	817.16650390625	909.9213256835938
226.88900756835938	1080.3067626953125	817.16650390625	909.9213256835938
226.9929962158203	1080.3067626953125	817.16650390625	909.9213256835938
227.2209930419922	1083.9923095703125	821.197509765625	913.8154907226562
227.27000427246094	1083.9923095703125	821.197509765625	913.8154907226562
227.375	1086.938232421875	821.197509765625	913.8154907226562
227.47900390625	1086.938232421875	821.197509765625	913.8154907226562
227.58399963378906	1086.938232421875	821.197509765625	917.6672787109657
227.69000244140625	1090.6171875	821.197509765625	917.7042236328125
227.79400634765625	1090.6171875	824.4178466796875	917.7042236328125
227.8990020751953	1090.6171875	824.4178466796875	921.587646484375
228.00599670410156	1094.292724609375	824.4178466796875	921.587646484375
228.22799682617188	1094.292724609375	824.4178466796875	921.587646484375
228.2779998779297	1094.292724609375	828.4376220703125	921.587646484375
228.38400268554688	1094.292724609375	828.4376220703125	921.587646484375
228.48699951171875	1097.9647216796875	828.4376220703125	924.6904907226562
228.59300231933594	1101.6331787109375	828.4376220703125	924.6904907226562
228.6959991455078	1101.6331787109375	828.4376220703125	924.6904907226562
228.80299377441406	1101.6331787109375	832.4512329101562	924.6904907226562
228.89500427246094	1101.6331787109375	832.4512329101562	928.5229581812546
229.0	1105.29833984375	832.4512329101562	928.5642700195312
229.2310028076172	1105.29833984375	832.4512329101562	928.5642700195312
229.281005859375	1101.6331787109375	836.4586791992188	932.4328002929688
229.38699340820312	1105.29833984375	836.4586791992188	932.4328002929688
229.49200439453125	1108.9600830078125	836.4586791992188	932.4328002929688
229.58399963378906	1108.9600830078125	836.4586791992188	932.4328002929688
229.68899536132812	1108.9600830078125	836.4586791992188	932.4328002929688
229.78500366210938	1108.9600830078125	840.4600219726562	936.2960815429688
229.88900756835938	1112.6185302734375	840.4600219726562	936.2960815429688
229.99400329589844	1112.6185302734375	840.4600219726562	936.2960815429688
230.23300170898438	1112.6185302734375	840.4600219726562	936.2960815429688
230.26800537109375	1112.6185302734375	844.4552612304688	940.1541137695312
230.3730010986328	1115.54296875	844.4552612304688	940.1541137695312
230.4770050048828	1119.195556640625	844.4552612304688	940.1541137695312
230.5760040283203	1119.195556640625	844.4552612304688	940.1541137695312
230.68099975585938	1119.195556640625	848.4445190429688	940.1541137695312
230.7740020751953	1119.195556640625	848.4445190429688	944.0070190429688
230.8730010986328	1119.195556640625	848.4445190429688	944.0070190429688
230.97999572753906	1122.8450927734375	848.4445190429688	944.0070190429688
231.11300659179688	1122.8450927734375	848.4445190429688	944.0070190429688
231.2899932861328	1126.4915771484375	852.427734375	947.8330268215632
231.39599609375	1126.4915771484375	852.427734375	947.8547973632812
231.49400329589844	1126.4915771484375	852.427734375	947.8547973632812
231.593994140625	1130.1348876953125	856.4049682617188	947.8547973632812
231.68600463867188	1130.1348876953125	856.4049682617188	947.8547973632812
231.78599548339844	1130.1348876953125	856.4049682617188	951.6974487304688
231.88600158691406	1133.775390625	856.4049682617188	951.6974487304688
231.98500061035156	1133.775390625	856.4049682617188	951.6974487304688
232.11900329589844	1133.775390625	859.58251953125	951.6974487304688
232.31700134277344	1133.775390625	859.58251953125	955.5350952148438
232.41400146484375	1137.412841796875	859.58251953125	955.5350952148438
232.5050048828125	1137.412841796875	863.549072265625	955.5350952148438
232.61000061035156	1137.412841796875	863.549072265625	955.5350952148438
232.70399475097656	1141.04736328125	863.549072265625	955.5350952148438
232.8090057373047	1141.04736328125	863.549072265625	955.5350952148438
232.91400146484375	1141.04736328125	863.549072265625	958.6015625
233.01800537109375	1141.04736328125	867.5098266601562	958.6015625
233.2729949951172	1144.6790771484375	867.5098266601562	958.6015625
233.32200622558594	1147.5823974609375	867.5098266601562	962.4301147460938
233.427001953125	1147.5823974609375	867.5098266601562	962.4301147460938
233.53199768066406	1147.5823974609375	871.4647216796875	962.4301147460938
233.63600158691406	1147.5823974609375	871.4647216796875	962.4301147460938
233.74200439453125	1151.2091064453125	871.4647216796875	966.2537231445312
233.8350067138672	1151.2091064453125	871.4647216796875	966.2537231445312
233.93899536132812	1151.2091064453125	871.4647216796875	966.2537231445312
234.0449981689453	1151.2091064453125	875.413818359375	966.2537231445312
234.2779998779297	1154.833251953125	875.413818359375	966.2537231445312
234.3260040283203	1158.45458984375	875.413818359375	970.0724487304688
234.4340057373047	1158.45458984375	879.3571166992188	970.0724487304688
234.53700256347656	1158.45458984375	879.3571166992188	970.0724487304688
234.63499450683594	1158.45458984375	879.3571166992188	970.0724487304688
234.74099731445312	1158.45458984375	879.3571166992188	973.88623046875
234.8459930419922	1162.0733642578125	883.2947387695312	973.88623046875
234.94500732421875	1162.0733642578125	883.2947387695312	973.88623046875
235.0489959716797	1162.0733642578125	883.2947387695312	977.6951904296875
235.2969970703125	1165.6895751953125	883.2947387695312	977.6951904296875
235.3459930419922	1165.6895751953125	887.2266235351562	977.6951904296875
235.4510040283203	1169.30322265625	887.2266235351562	977.6951904296875
235.5570068359375	1169.30322265625	887.2266235351562	981.499267578125
235.66099548339844	1169.30322265625	887.2266235351562	981.499267578125
235.76600646972656	1169.30322265625	890.3681030273438	981.499267578125
235.87100219726562	1169.30322265625	890.3681030273438	981.499267578125
235.9759979248047	1172.9144287109375	890.3681030273438	981.499267578125
236.08099365234375	1172.9144287109375	890.3681030273438	985.2986450195312
236.30299377441406	1172.9144287109375	894.2898559570312	985.2986450195312
236.3509979248047	1176.5233154296875	894.2898559570312	985.2986450195312
236.4550018310547	1176.5233154296875	894.2898559570312	985.2986450195312
236.55999755859375	1179.40869140625	894.2898559570312	989.0932006835938
236.66600036621094	1179.40869140625	898.2059936523438	989.0932006835938
236.76400756835938	1179.40869140625	898.2059936523438	989.0932006835938
236.86900329589844	1179.40869140625	902.1166381835938	989.0932006835938
236.9739990234375	1183.01318359375	902.1166381835938	992.12548828125
237.06500244140625	1183.01318359375	902.1166381835938	992.12548828125
237.3159942626953	1186.615478515625	906.021728515625	992.12548828125
237.36399841308594	1186.615478515625	906.021728515625	992.12548828125
237.4720001220703	1186.615478515625	906.021728515625	995.9115600585938
237.56399536132812	1190.215576171875	906.021728515625	995.9115600585938
237.66400146484375	1190.215576171875	909.9213256835938	999.6930541992188
237.7689971923828	1190.215576171875	909.9213256835938	999.6930541992188
237.86599731445312	1190.215576171875	909.9213256835938	1003.4699096679688
237.9550018310547	1193.8133544921875	909.9213256835938	1003.4699096679688
238.05999755859375	1193.8133544921875	913.8154907226562	1003.4699096679688
238.1999969482422	1193.8133544921875	913.8154907226562	1003.4699096679688
238.39100646972656	1197.4090576171875	913.8154907226562	1007.2421875
238.48500061035156	1197.4090576171875	913.8154907226562	1007.2421875
238.5850067138672	1197.4090576171875	917.7042236328125	1007.2421875
238.68899536132812	1201.002685546875	917.7042236328125	1007.2421875
238.78500366210938	1201.002685546875	917.7042236328125	1011.0098876953125
238.8769989013672	1201.002685546875	917.7042236328125	1011.0098876953125
238.9810028076172	1204.5941162109375	917.7042236328125	1011.0098876953125
239.0850067138672	1204.5941162109375	921.587646484375	1011.0098876953125
239.20599365234375	1204.5941162109375	921.587646484375	1014.7731323242188
239.4029998779297	1204.5941162109375	924.6904907226562	1014.7731323242188
239.4949951171875	1208.1837158203125	924.6904907226562	1014.7731323242188
239.6009979248047	1208.1837158203125	924.6904907226562	1018.5318603515625
239.70599365234375	1208.1837158203125	924.6904907226562	1018.5318603515625
239.8040008544922	1211.0538330078125	924.6904907226562	1018.5318603515625
239.89500427246094	1211.0538330078125	924.6904907226562	1018.5318603515625
239.99400329589844	1211.0538330078125	928.5642700195312	1021.5357055664062
240.09500122070312	1211.0538330078125	928.5642700195312	1021.5357055664062
240.48699951171875	1214.6397705078125	932.4328002929688	1021.5357055664062
240.5229949951172	1218.223876953125	932.4328002929688	1025.1844155726483
240.6280059814453	1218.223876953125	932.4328002929688	1025.2864990234375
240.73399353027344	1218.223876953125	932.4328002929688	1025.2864990234375
240.83999633789062	1218.223876953125	936.2960815429688	1029.0328369140625
240.93600463867188	1221.8060302734375	936.2960815429688	1029.0328369140625
241.04200744628906	1221.8060302734375	936.2960815429688	1029.0328369140625
241.21099853515625	1221.8060302734375	936.2960815429688	1029.0328369140625
241.36900329589844	1221.8060302734375	940.1300473496918	1029.0328369140625
241.41900634765625	1225.386474609375	940.1541137695312	1032.7750244140625
241.5240020751953	1225.386474609375	940.1541137695312	1032.7750244140625
241.6280059814453	1225.386474609375	940.1541137695312	1032.7750244140625
241.73300170898438	1228.965087890625	944.0070190429688	1032.7750244140625
241.83799743652344	1228.965087890625	944.0070190429688	1036.5128173828125
241.94400024414062	1228.965087890625	944.0070190429688	1036.5128173828125
242.04800415039062	1232.5418701171875	944.0070190429688	1036.5128173828125
242.23300170898438	1232.5418701171875	947.8547973632812	1036.5128173828125
242.38900756835938	1232.5418701171875	947.8547973632812	1040.246337890625
242.43899536132812	1236.1170654296875	947.8547973632812	1040.246337890625
242.54400634765625	1236.1170654296875	947.8547973632812	1040.246337890625
242.64999389648438	1236.1170654296875	951.6974487304688	1043.9757080078125
242.7550048828125	1238.97607421875	951.6974487304688	1043.9757080078125
242.85400390625	1238.97607421875	951.6974487304688	1043.9757080078125
242.9459991455078	1238.97607421875	951.6974487304688	1043.9757080078125
243.04600524902344	1238.97607421875	951.6974487304688	1043.9757080078125
243.14599609375	1242.54833984375	951.6974487304688	1047.7008056640625
243.3800048828125	1242.54833984375	951.6974487304688	1047.7008056640625
243.4149932861328	1242.54833984375	955.5350952148438	1047.7008056640625
243.51400756835938	1246.118896484375	955.5350952148438	1051.4217529296875
243.60499572753906	1246.118896484375	955.5350952148438	1051.4217529296875
243.7050018310547	1246.118896484375	955.5350952148438	1051.4217529296875
243.8090057373047	1246.118896484375	958.6015625	1051.4217529296875
243.9040069580078	1249.6881103515625	958.6015625	1051.4217529296875
244.00399780273438	1249.6881103515625	958.6015625	1054.3956298828125
244.093994140625	1249.6881103515625	958.6015625	1054.3956298828125
244.25599670410156	1249.6881103515625	962.4064617976484	1054.3956298828125
244.406005859375	1253.2557373046875	962.4301147460938	1054.3956298828125
244.4409942626953	1253.2557373046875	962.4301147460938	1058.1092529296875
244.54600524902344	1253.2557373046875	962.4301147460938	1058.1092529296875
244.64999389648438	1256.8218994140625	966.2537231445312	1058.1092529296875
244.7550048828125	1256.8218994140625	966.2537231445312	1058.1092529296875
244.84500122070312	1256.8218994140625	966.2537231445312	1058.1092529296875
244.9499969482422	1256.8218994140625	966.2537231445312	1061.8189697265625
245.04600524902344	1256.8218994140625	966.2537231445312	1061.8189697265625
245.1510009765625	1260.3865966796875	970.0724487304688	1061.8189697265625
245.38099670410156	1260.3865966796875	970.0724487304688	1061.8189697265625
245.42999267578125	1260.3865966796875	970.0724487304688	1065.5264892578125
245.53799438476562	1263.949951171875	973.88623046875	1065.5264892578125
245.63499450683594	1263.949951171875	973.88623046875	1065.5264892578125
245.73899841308594	1263.949951171875	973.88623046875	1069.1919242240288
245.83399963378906	1263.949951171875	973.88623046875	1069.2274169921875
245.93899536132812	1263.949951171875	977.6951904296875	1069.2274169921875
246.03599548339844	1267.5120849609375	977.6951904296875	1069.2274169921875
246.13999938964844	1267.5120849609375	977.6951904296875	1069.2274169921875
246.41299438476562	1270.3607177734375	977.6951904296875	1072.92431640625
246.46400451660156	1270.3607177734375	981.499267578125	1072.92431640625
246.56700134277344	1273.9205322265625	981.499267578125	1072.92431640625
246.66600036621094	1273.9205322265625	981.499267578125	1072.92431640625
246.77099609375	1273.9205322265625	981.499267578125	1072.92431640625
246.8769989013672	1273.9205322265625	985.2628887224926	1072.92431640625
246.98199462890625	1273.9205322265625	985.2986450195312	1076.617431640625
247.0760040283203	1277.47900390625	985.2986450195312	1076.617431640625
247.18099975585938	1277.47900390625	985.2986450195312	1076.617431640625
247.4029998779297	1277.47900390625	985.2986450195312	1076.617431640625
247.4510040283203	1281.036376953125	989.0932006835938	1080.3067626953125
247.55599975585938	1281.036376953125	989.0932006835938	1080.3067626953125
247.66000366210938	1281.036376953125	989.0932006835938	1080.3067626953125
247.76499938964844	1284.592529296875	992.12548828125	1083.9923095703125
247.86900329589844	1284.592529296875	992.12548828125	1083.9923095703125
247.9739990234375	1284.592529296875	992.12548828125	1083.9923095703125
248.0749969482422	1288.1475830078125	992.12548828125	1083.9923095703125
248.18099975585938	1288.1475830078125	995.9115600585938	1086.938232421875
248.4080047607422	1288.1475830078125	995.9115600585938	1086.938232421875
248.45599365234375	1291.7015380859375	999.6930541992188	1086.938232421875
248.56100463867188	1291.7015380859375	999.6930541992188	1086.938232421875
248.66700744628906	1291.7015380859375	1003.4699096679688	1090.6171875
248.77200317382812	1295.2545166015625	1003.4699096679688	1086.9726597296894
248.8769989013672	1295.2545166015625	1003.4699096679688	1090.6171875
248.98300170898438	1295.2545166015625	1003.4699096679688	1090.6171875
249.08700561523438	1295.2545166015625	1007.2421875	1094.292724609375
249.19200134277344	1295.2545166015625	1007.2421875	1094.292724609375
249.41799926757812	1298.806396484375	1007.2421875	1097.9647216796875
249.46600341796875	1298.806396484375	1007.2421875	1097.9647216796875
249.5709991455078	1298.806396484375	1010.9740926452347	1097.9647216796875
249.6649932861328	1301.6473388671875	1011.0098876953125	1097.9647216796875
249.75599670410156	1301.6473388671875	1011.0098876953125	1101.6331787109375
249.86000061035156	1301.6473388671875	1014.7731323242188	1101.6331787109375
249.9550018310547	1301.6473388671875	1014.7731323242188	1101.6331787109375
250.05499267578125	1301.6473388671875	1014.7731323242188	1101.6331787109375
250.14599609375	1305.197509765625	1014.7731323242188	1105.29833984375
250.28799438476562	1305.197509765625	1014.7731323242188	1105.29833984375
250.48599243164062	1305.197509765625	1018.5318603515625	1105.29833984375
250.59100341796875	1308.7469482421875	1018.5318603515625	1108.9600830078125
250.6840057373047	1308.7469482421875	1018.5318603515625	1108.9600830078125
250.7899932861328	1308.7469482421875	1018.5318603515625	1108.9600830078125
250.88400268554688	1308.7469482421875	1021.5357055664062	1108.9600830078125
250.98899841308594	1308.7469482421875	1021.5357055664062	1108.9600830078125
251.093994140625	1312.29541015625	1021.5357055664062	1112.6185302734375
251.19900512695312	1308.7469482421875	1021.5357055664062	1112.6185302734375
251.43299865722656	1312.29541015625	1025.2864990234375	1112.6185302734375
251.48199462890625	1312.29541015625	1025.2864990234375	1115.54296875
251.58700561523438	1312.29541015625	1025.2864990234375	1115.54296875
251.69400024414062	1315.8431396484375	1025.2864990234375	1115.54296875
251.79800415039062	1315.8431396484375	1029.0328369140625	1115.54296875
251.89500427246094	1315.8431396484375	1029.0328369140625	1115.54296875
252.0	1315.8431396484375	1029.0328369140625	1119.195556640625
252.10499572753906	1319.3900146484375	1029.0328369140625	1119.195556640625
252.20899963378906	1319.3900146484375	1029.0328369140625	1119.195556640625
252.43499755859375	1319.3900146484375	1032.7750244140625	1119.195556640625
252.468994140625	1319.3900146484375	1032.7750244140625	1119.195556640625
252.57400512695312	1322.9361572265625	1032.7750244140625	1122.8450927734375
252.66600036621094	1322.9361572265625	1036.5128173828125	1122.8450927734375
252.77000427246094	1322.9361572265625	1036.5128173828125	1122.8450927734375
252.875	1322.9361572265625	1036.5128173828125	1122.8450927734375
252.9739990234375	1322.9361572265625	1036.5128173828125	1126.4915771484375
253.08099365234375	1326.4815673828125	1036.5128173828125	1126.4915771484375
253.1840057373047	1326.4815673828125	1040.246337890625	1126.4915771484375
253.46499633789062	1326.4815673828125	1040.246337890625	1130.1348876953125
253.51400756835938	1329.3175048828125	1040.246337890625	1130.1348876953125
253.6199951171875	1329.3175048828125	1040.246337890625	1130.1348876953125
253.72500610351562	1329.3175048828125	1043.9757080078125	1130.1348876953125
253.82899475097656	1329.3175048828125	1043.9757080078125	1130.1348876953125
253.9340057373047	1329.3175048828125	1043.9757080078125	1133.775390625
254.03799438476562	1329.3175048828125	1043.9757080078125	1133.775390625
254.1439971923828	1332.8616943359375	1047.6657484210407	1133.775390625
254.30499267578125	1332.8616943359375	1047.7008056640625	1133.775390625
254.4530029296875	1332.8616943359375	1047.7008056640625	1137.3886293722799
254.48800659179688	1336.4053955078125	1047.7008056640625	1137.412841796875
254.59300231933594	1336.4053955078125	1047.7008056640625	1137.412841796875
254.6840057373047	1336.4053955078125	1051.4217529296875	1137.412841796875
254.7899932861328	1336.4053955078125	1051.4217529296875	1137.412841796875
254.8939971923828	1336.4053955078125	1051.4217529296875	1141.0125073646605
254.99899291992188	1339.948486328125	1051.4217529296875	1141.04736328125
255.10400390625	1339.948486328125	1054.3956298828125	1141.04736328125
255.20799255371094	1339.948486328125	1054.3956298828125	1141.04736328125
255.4600067138672	1339.948486328125	1054.3956298828125	1144.6790771484375
255.50900268554688	1339.948486328125	1054.3956298828125	1144.6790771484375
255.61599731445312	1343.4910888671875	1058.1092529296875	1144.6790771484375
255.71499633789062	1343.4910888671875	1058.1092529296875	1144.6790771484375
255.81399536132812	1343.4910888671875	1058.1092529296875	1147.5823974609375
255.9149932861328	1343.4910888671875	1058.1092529296875	1147.5823974609375
256.0190124511719	1343.4910888671875	1061.7844657482162	1147.5823974609375
256.114013671875	1347.0330810546875	1061.8189697265625	1147.5823974609375
256.20599365234375	1347.0330810546875	1061.8189697265625	1147.5823974609375
256.4639892578125	1347.0330810546875	1061.8189697265625	1151.2091064453125
256.51300048828125	1347.0330810546875	1061.8189697265625	1151.2091064453125
256.60400390625	1350.57470703125	1065.5264892578125	1151.2091064453125
256.7099914550781	1350.57470703125	1065.5264892578125	1151.2091064453125
256.80499267578125	1350.57470703125	1065.5264892578125	1154.833251953125
256.90301513671875	1350.57470703125	1065.5264892578125	1154.833251953125
257.010009765625	1350.57470703125	1069.2274169921875	1154.833251953125
257.1050109863281	1350.57470703125	1069.2274169921875	1154.833251953125
257.21099853515625	1354.1158447265625	1069.2274169921875	1154.833251953125
257.4549865722656	1354.1158447265625	1069.2274169921875	1154.833251953125
257.5039978027344	1354.1158447265625	1069.2274169921875	1158.3816770003148
257.6090087890625	1354.1158447265625	1072.92431640625	1158.45458984375
257.70599365234375	1357.6566162109375	1072.92431640625	1158.45458984375
257.81201171875	1357.6566162109375	1072.92431640625	1158.45458984375
257.9159851074219	1357.6566162109375	1072.92431640625	1162.0733642578125
258.02099609375	1357.6566162109375	1072.92431640625	1162.0733642578125
258.114990234375	1357.6566162109375	1072.92431640625	1162.0733642578125
258.2200012207031	1360.489013671875	1076.617431640625	1162.0733642578125
258.4630126953125	1360.489013671875	1076.617431640625	1165.6895751953125
258.49798583984375	1360.489013671875	1076.617431640625	1165.6895751953125
258.60400390625	1360.489013671875	1076.617431640625	1165.6895751953125
258.7080078125	1360.489013671875	1076.617431640625	1165.6895751953125
258.80499267578125	1364.0291748046875	1080.3067626953125	1165.6895751953125
258.89599609375	1364.0291748046875	1080.3067626953125	1165.6895751953125
258.9960021972656	1364.0291748046875	1080.3067626953125	1169.30322265625
259.08599853515625	1364.0291748046875	1080.3067626953125	1169.30322265625
259.1839904785156	1364.0291748046875	1080.3067626953125	1169.30322265625
259.322998046875	1364.0291748046875	1083.9923095703125	1169.30322265625
259.52398681640625	1367.569091796875	1083.9923095703125	1172.9144287109375
259.6289978027344	1367.569091796875	1083.9923095703125	1172.9144287109375
259.7340087890625	1367.569091796875	1086.938232421875	1172.9144287109375
259.82598876953125	1367.569091796875	1086.938232421875	1172.9144287109375
259.92401123046875	1371.1087646484375	1086.938232421875	1172.9144287109375
260.02899169921875	1371.1087646484375	1086.938232421875	1176.5233154296875
260.1260070800781	1371.1087646484375	1090.6171875	1176.5233154296875
260.22900390625	1371.1087646484375	1090.6171875	1176.5233154296875
260.49200439453125	1374.6480712890625	1090.6171875	1176.5233154296875
260.5260009765625	1374.6480712890625	1090.6171875	1179.40869140625
260.6310119628906	1374.6480712890625	1090.6171875	1179.40869140625
260.7349853515625	1378.1873779296875	1094.292724609375	1179.40869140625
260.8349914550781	1378.1873779296875	1094.292724609375	1179.40869140625
260.9389953613281	1378.1873779296875	1097.9647216796875	1179.40869140625
261.0450134277344	1378.1873779296875	1097.9647216796875	1179.40869140625
261.135009765625	1378.1873779296875	1097.9647216796875	1183.01318359375
261.22601318359375	1381.7264404296875	1097.9647216796875	1183.01318359375
261.4729919433594	1381.7264404296875	1101.6182809651793	1183.01318359375
261.50799560546875	1381.7264404296875	1101.6331787109375	1183.01318359375
261.6059875488281	1381.7264404296875	1101.6331787109375	1183.01318359375
261.71099853515625	1385.265380859375	1101.6331787109375	1186.615478515625
261.8169860839844	1385.265380859375	1101.6331787109375	1186.615478515625
261.9209899902344	1385.265380859375	1105.29833984375	1190.215576171875
262.0140075683594	1385.265380859375	1105.29833984375	1190.215576171875
262.1189880371094	1388.8043212890625	1105.29833984375	1190.215576171875
262.2229919433594	1385.265380859375	1108.9600830078125	1190.215576171875
262.47198486328125	1388.8043212890625	1108.9600830078125	1190.215576171875
262.52099609375	1388.8043212890625	1108.9600830078125	1193.8133544921875
262.6289978027344	1388.8043212890625	1108.9600830078125	1193.8133544921875
262.73199462890625	1388.8043212890625	1112.6185302734375	1193.8133544921875
262.8370056152344	1388.8043212890625	1112.6185302734375	1193.8133544921875
262.9440002441406	1391.6353759765625	1112.6185302734375	1197.4090576171875
263.04901123046875	1391.6353759765625	1112.6185302734375	1197.4090576171875
263.15301513671875	1391.6353759765625	1112.6185302734375	1197.4090576171875
263.3240051269531	1391.6353759765625	1115.5258455296794	1197.4090576171875
263.47900390625	1395.17431640625	1115.54296875	1197.4090576171875
263.51300048828125	1395.17431640625	1115.54296875	1197.4090576171875
263.6189880371094	1395.17431640625	1115.54296875	1201.002685546875
263.71600341796875	1395.17431640625	1115.54296875	1201.002685546875
263.8219909667969	1395.17431640625	1119.195556640625	1201.002685546875
263.91400146484375	1395.17431640625	1119.195556640625	1201.002685546875
264.0190124511719	1398.713134765625	1119.195556640625	1201.002685546875
264.1159973144531	1395.17431640625	1119.195556640625	1204.5941162109375
264.22198486328125	1398.713134765625	1119.195556640625	1204.5941162109375
264.4809875488281	1398.713134765625	1122.8450927734375	1204.5941162109375
264.5159912109375	1398.713134765625	1122.8450927734375	1204.5941162109375
264.6199951171875	1398.713134765625	1122.8450927734375	1208.1837158203125
264.7250061035156	1398.713134765625	1122.8450927734375	1208.1837158203125
264.8299865722656	1398.713134765625	1126.4915771484375	1208.1837158203125
264.92498779296875	1402.2520751953125	1126.4915771484375	1208.1837158203125
265.02899169921875	1402.2520751953125	1126.4915771484375	1208.1837158203125
265.125	1402.2520751953125	1126.4915771484375	1208.1837158203125
265.2300109863281	1402.2520751953125	1126.4915771484375	1208.1837158203125
265.4909973144531	1405.7911376953125	1126.4915771484375	1211.0428005247388
265.5400085449219	1405.7911376953125	1130.1348876953125	1211.0538330078125
265.64599609375	1405.7911376953125	1130.1348876953125	1211.0538330078125
265.75	1405.7911376953125	1130.1348876953125	1214.6397705078125
265.8550109863281	1405.7911376953125	1130.1348876953125	1211.0538330078125
265.96099853515625	1405.7911376953125	1133.775390625	1214.6397705078125
266.0639953613281	1409.330322265625	1133.775390625	1214.6397705078125
266.16900634765625	1409.330322265625	1133.775390625	1214.6397705078125
266.27398681640625	1409.330322265625	1133.775390625	1214.6397705078125
266.4989929199219	1409.330322265625	1137.412841796875	1214.6397705078125
266.5469970703125	1412.86962890625	1137.412841796875	1218.223876953125
266.6510009765625	1412.86962890625	1137.412841796875	1218.223876953125
266.7569885253906	1412.86962890625	1137.412841796875	1218.223876953125
266.8609924316406	1412.86962890625	1141.0125073646605	1218.223876953125
266.96600341796875	1412.86962890625	1141.04736328125	1218.223876953125
267.06500244140625	1412.86962890625	1141.04736328125	1221.8060302734375
267.1659851074219	1416.4091796875	1141.04736328125	1221.8060302734375
267.2640075683594	1416.4091796875	1141.04736328125	1221.8060302734375
267.510009765625	1416.4091796875	1144.6790771484375	1221.8060302734375
267.54400634765625	1416.4091796875	1144.6790771484375	1221.8060302734375
267.6449890136719	1416.4091796875	1144.6790771484375	1225.35112013209
267.7489929199219	1416.4091796875	1144.6790771484375	1225.386474609375
267.8550109863281	1416.4091796875	1144.6790771484375	1225.386474609375
267.9599914550781	1416.4091796875	1144.6790771484375	1225.386474609375
268.0639953613281	1419.948974609375	1147.5823974609375	1225.386474609375
268.16900634765625	1419.948974609375	1147.5823974609375	1225.386474609375
268.2770080566406	1419.948974609375	1147.5823974609375	1228.965087890625
268.53399658203125	1419.948974609375	1147.5823974609375	1228.965087890625
268.5830078125	1419.948974609375	1151.2091064453125	1228.965087890625
268.69000244140625	1419.948974609375	1151.2091064453125	1228.965087890625
268.7850036621094	1422.7808837890625	1151.2091064453125	1228.965087890625
268.8840026855469	1422.7808837890625	1151.2091064453125	1228.965087890625
268.9739990234375	1422.7808837890625	1154.833251953125	1228.965087890625
269.0740051269531	1422.7808837890625	1154.833251953125	1232.5418701171875
269.1789855957031	1422.7808837890625	1154.833251953125	1232.5418701171875
269.2829895019531	1422.7808837890625	1154.833251953125	1232.5418701171875
269.5350036621094	1422.7808837890625	1154.833251953125	1232.5418701171875
269.5690002441406	1422.7808837890625	1158.45458984375	1232.5418701171875
269.67498779296875	1426.3211669921875	1158.45458984375	1236.1170654296875
269.7669982910156	1426.3211669921875	1158.45458984375	1236.1170654296875
269.8710021972656	1426.3211669921875	1158.45458984375	1236.1170654296875
269.9649963378906	1426.3211669921875	1158.45458984375	1236.1170654296875
270.07000732421875	1426.3211669921875	1162.0733642578125	1236.1170654296875
270.1659851074219	1426.3211669921875	1162.0733642578125	1236.1170654296875
270.2640075683594	1426.3211669921875	1162.0733642578125	1238.97607421875
270.3949890136719	1426.3211669921875	1162.0733642578125	1238.97607421875
270.60101318359375	1429.86181640625	1162.0733642578125	1238.97607421875
270.6940002441406	1429.86181640625	1165.6895751953125	1238.97607421875
270.79901123046875	1429.86181640625	1165.6895751953125	1238.97607421875
270.89599609375	1429.86181640625	1165.6895751953125	1238.97607421875
271.00201416015625	1429.86181640625	1165.6895751953125	1238.97607421875
271.1059875488281	1429.86181640625	1165.6895751953125	1242.5140710165335
271.20599365234375	1433.40283203125	1169.30322265625	1242.54833984375
271.30999755859375	1433.40283203125	1169.30322265625	1242.54833984375
271.55999755859375	1433.40283203125	1169.30322265625	1242.54833984375
271.5950012207031	1433.40283203125	1169.30322265625	1242.54833984375
271.70001220703125	1433.40283203125	1169.30322265625	1246.118896484375
271.7950134277344	1433.40283203125	1172.9144287109375	1246.118896484375
271.8999938964844	1433.40283203125	1172.9144287109375	1246.118896484375
271.9949951171875	1436.9442138671875	1172.9144287109375	1246.118896484375
272.1000061035156	1436.9442138671875	1172.9144287109375	1246.118896484375
272.1940002441406	1436.9442138671875	1172.9144287109375	1246.118896484375
272.29998779296875	1433.40283203125	1176.5233154296875	1246.118896484375
272.5880126953125	1433.40283203125	1176.5233154296875	1249.6881103515625
272.62298583984375	1436.9442138671875	1176.5233154296875	1249.6881103515625
272.72900390625	1436.9442138671875	1176.5233154296875	1249.6881103515625
272.82501220703125	1436.9442138671875	1176.5233154296875	1249.6881103515625
272.92498779296875	1436.9442138671875	1179.40869140625	1249.6881103515625
273.02398681640625	1436.9442138671875	1179.40869140625	1253.2198106371707
273.1300048828125	1436.9442138671875	1179.40869140625	1253.2557373046875
273.2250061035156	1436.9442138671875	1179.40869140625	1253.2557373046875
273.3240051269531	1436.9442138671875	1179.40869140625	1253.2557373046875
273.61199951171875	1436.9442138671875	1183.0006230613121	1253.2557373046875
273.64801025390625	1436.9442138671875	1183.01318359375	1256.8218994140625
273.7460021972656	1436.9442138671875	1183.01318359375	1256.8218994140625
273.85198974609375	1436.9442138671875	1183.01318359375	1256.8218994140625
273.95599365234375	1436.9442138671875	1183.01318359375	1256.8218994140625
274.0610046386719	1436.9442138671875	1186.615478515625	1256.8218994140625
274.15399169921875	1436.9442138671875	1186.615478515625	1256.8218994140625
274.2590026855469	1436.9442138671875	1186.615478515625	1256.8218994140625
274.364013671875	1436.9442138671875	1190.215576171875	1260.3865966796875
274.6029968261719	1436.9442138671875	1190.215576171875	1260.3865966796875
274.6390075683594	1436.9442138671875	1190.215576171875	1260.3865966796875
274.7430114746094	1436.9442138671875	1193.8133544921875	1260.3865966796875
274.8340148925781	1436.9442138671875	1193.8133544921875	1263.949951171875
274.9259948730469	1436.9442138671875	1193.8133544921875	1260.3865966796875
275.0260009765625	1440.486083984375	1193.8133544921875	1263.949951171875
275.114990234375	1436.9442138671875	1193.8133544921875	1263.949951171875
275.2130126953125	1436.9442138671875	1193.8133544921875	1263.949951171875
275.3070068359375	1436.9442138671875	1193.8133544921875	1263.949951171875
275.4259948730469	1436.9442138671875	1193.8133544921875	1263.949951171875
275.6499938964844	1436.9442138671875	1197.4090576171875	1267.4961415979863
275.7449951171875	1436.9442138671875	1197.4090576171875	1267.5120849609375
275.8450012207031	1436.9442138671875	1197.4090576171875	1267.5120849609375
275.94500732421875	1436.9442138671875	1197.4090576171875	1267.5120849609375
276.0350036621094	1436.9442138671875	1197.4090576171875	1267.5120849609375
276.1409912109375	1436.9442138671875	1201.002685546875	1267.5120849609375
276.2449951171875	1436.9442138671875	1201.002685546875	1270.3607177734375
276.343994140625	1436.9442138671875	1201.002685546875	1270.3607177734375
276.6189880371094	1436.9442138671875	1201.002685546875	1270.3607177734375
276.65301513671875	1436.9442138671875	1204.5941162109375	1270.3607177734375
276.7590026855469	1436.9442138671875	1204.5941162109375	1270.3607177734375
276.864990234375	1436.9442138671875	1204.5941162109375	1273.9205322265625
276.9549865722656	1436.9442138671875	1204.5941162109375	1273.9205322265625
277.05999755859375	1436.9442138671875	1204.5941162109375	1273.9205322265625
277.16400146484375	1436.9442138671875	1204.5941162109375	1273.9205322265625
277.2699890136719	1436.9442138671875	1204.5941162109375	1273.9205322265625
277.364013671875	1436.9442138671875	1208.1837158203125	1273.9205322265625
277.625	1436.9442138671875	1208.1837158203125	1273.9205322265625
277.6730041503906	1436.9442138671875	1208.1837158203125	1277.47900390625
277.77899169921875	1436.9442138671875	1208.1837158203125	1277.47900390625
277.885009765625	1436.9442138671875	1208.1837158203125	1277.47900390625
277.9739990234375	1436.9442138671875	1211.0538330078125	1277.47900390625
278.0790100097656	1436.9442138671875	1211.0538330078125	1277.47900390625
278.18499755859375	1436.9442138671875	1211.0538330078125	1277.47900390625
278.2860107421875	1436.9442138671875	1211.0538330078125	1281.036376953125
278.4570007324219	1436.9442138671875	1211.0538330078125	1281.036376953125
278.6180114746094	1436.9442138671875	1211.0538330078125	1281.036376953125
278.6650085449219	1436.9442138671875	1214.6397705078125	1284.592529296875
278.77099609375	1436.9442138671875	1214.6397705078125	1284.592529296875
278.87701416015625	1440.486083984375	1214.6397705078125	1284.592529296875
278.9739990234375	1436.9442138671875	1214.6397705078125	1284.592529296875
279.0799865722656	1436.9442138671875	1214.6397705078125	1288.1475830078125
279.1839904785156	1436.9442138671875	1214.6397705078125	1288.1475830078125
279.2749938964844	1436.9442138671875	1214.6397705078125	1288.1475830078125
279.3800048828125	1436.9442138671875	1218.223876953125	1288.1475830078125
279.6300048828125	1436.9442138671875	1218.223876953125	1288.1475830078125
279.67999267578125	1436.9442138671875	1218.223876953125	1291.7015380859375
279.7760009765625	1436.9442138671875	1218.223876953125	1291.7015380859375
279.8800048828125	1436.9442138671875	1218.223876953125	1291.7015380859375
279.9840087890625	1436.9442138671875	1221.8060302734375	1291.7015380859375
280.07501220703125	1436.9442138671875	1218.223876953125	1291.7015380859375
280.1789855957031	1436.9442138671875	1221.8060302734375	1291.7015380859375
280.2850036621094	1436.9442138671875	1221.8060302734375	1291.7015380859375
280.375	1436.9442138671875	1221.8060302734375	1291.7015380859375
280.6369934082031	1436.9442138671875	1221.8060302734375	1295.2545166015625
280.68499755859375	1436.9442138671875	1225.386474609375	1295.2545166015625
280.7900085449219	1436.9442138671875	1225.386474609375	1295.2545166015625
280.8949890136719	1436.9442138671875	1225.386474609375	1295.2545166015625
281.0010070800781	1436.9442138671875	1225.386474609375	1295.2545166015625
281.1059875488281	1436.9442138671875	1225.386474609375	1295.2545166015625
281.21099853515625	1436.9442138671875	1225.386474609375	1298.806396484375
281.3160095214844	1436.9442138671875	1225.386474609375	1298.806396484375
281.48199462890625	1436.9442138671875	1225.386474609375	1298.806396484375
281.6440124511719	1436.9442138671875	1228.965087890625	1298.806396484375
281.67999267578125	1436.9442138671875	1228.965087890625	1298.806396484375
281.7869873046875	1436.9442138671875	1228.965087890625	1298.806396484375
281.885009765625	1436.9442138671875	1228.965087890625	1298.806396484375
281.989990234375	1436.9442138671875	1228.965087890625	1298.806396484375
282.09698486328125	1436.9442138671875	1228.965087890625	1301.6473388671875
282.19500732421875	1433.40283203125	1228.965087890625	1301.6473388671875
282.29901123046875	1436.9442138671875	1228.965087890625	1301.6473388671875
282.3949890136719	1436.9442138671875	1232.5418701171875	1301.6473388671875
282.64300537109375	1436.9442138671875	1232.5418701171875	1301.6473388671875
282.67999267578125	1433.40283203125	1232.5418701171875	1301.6473388671875
282.7829895019531	1433.40283203125	1232.5418701171875	1301.6473388671875
282.88800048828125	1436.9442138671875	1232.5418701171875	1301.6473388671875
282.9930114746094	1436.9442138671875	1232.5418701171875	1305.197509765625
283.0979919433594	1436.9442138671875	1236.1170654296875	1305.197509765625
283.2040100097656	1433.40283203125	1236.1170654296875	1305.197509765625
283.2950134277344	1436.9442138671875	1236.1170654296875	1305.197509765625
283.39898681640625	1436.9442138671875	1236.1170654296875	1305.197509765625
283.65899658203125	1436.9442138671875	1236.1170654296875	1305.197509765625
283.7090148925781	1433.40283203125	1236.1170654296875	1305.197509765625
283.8059997558594	1436.9442138671875	1236.1170654296875	1305.197509765625
283.9110107421875	1433.40283203125	1238.97607421875	1305.197509765625
284.0169982910156	1433.40283203125	1238.97607421875	1308.7469482421875
284.1210021972656	1436.9442138671875	1238.97607421875	1308.7469482421875
284.2149963378906	1436.9442138671875	1238.97607421875	1308.7469482421875
284.3190002441406	1436.9442138671875	1238.97607421875	1308.7469482421875
284.4939880371094	1433.40283203125	1238.97607421875	1308.7469482421875
284.6659851074219	1433.40283203125	1242.5275452123115	1308.7469482421875
284.7030029296875	1436.9442138671875	1238.97607421875	1308.7469482421875
284.7950134277344	1436.9442138671875	1242.54833984375	1308.7469482421875
284.8940124511719	1436.9442138671875	1242.54833984375	1308.7469482421875
284.9989929199219	1436.9442138671875	1242.54833984375	1308.7469482421875
285.1029968261719	1433.40283203125	1242.54833984375	1308.7469482421875
285.2099914550781	1436.9442138671875	1242.54833984375	1312.29541015625
285.31201171875	1436.9442138671875	1242.54833984375	1312.29541015625
285.40399169921875	1436.9442138671875	1246.118896484375	1312.29541015625
285.6520080566406	1433.40283203125	1242.54833984375	1312.29541015625
285.70001220703125	1433.40283203125	1246.118896484375	1312.29541015625
285.80499267578125	1433.40283203125	1246.118896484375	1312.29541015625
285.9049987792969	1436.9442138671875	1246.118896484375	1312.29541015625
286.010009765625	1433.40283203125	1246.118896484375	1312.29541015625
286.114990234375	1433.40283203125	1246.118896484375	1312.29541015625
286.218994140625	1436.9442138671875	1246.118896484375	1312.29541015625
286.3139953613281	1436.9442138671875	1246.118896484375	1312.29541015625
286.4200134277344	1436.9442138671875	1249.6881103515625	1312.29541015625
286.6629943847656	1433.40283203125	1249.6881103515625	1315.8431396484375
286.71099853515625	1433.40283203125	1249.6881103515625	1315.8431396484375
286.8160095214844	1433.40283203125	1249.6881103515625	1315.8431396484375
286.9150085449219	1433.40283203125	1249.6881103515625	1315.8431396484375
287.0150146484375	1433.40283203125	1249.6881103515625	1315.8431396484375
287.114013671875	1433.40283203125	1249.6881103515625	1315.8431396484375
287.2049865722656	1436.9442138671875	1249.6881103515625	1315.8431396484375
287.30499267578125	1433.40283203125	1249.6881103515625	1315.8431396484375
287.4049987792969	1433.40283203125	1253.2557373046875	1315.8431396484375
287.65899658203125	1433.40283203125	1253.2557373046875	1315.8431396484375
287.6929931640625	1436.9442138671875	1253.2557373046875	1319.3900146484375
287.7860107421875	1433.40283203125	1253.2557373046875	1319.3900146484375
287.8840026855469	1433.40283203125	1253.2557373046875	1319.3900146484375
287.9830017089844	1436.9442138671875	1253.2557373046875	1319.3900146484375
288.0740051269531	1433.40283203125	1253.2557373046875	1319.3900146484375
288.1789855957031	1436.9442138671875	1253.2557373046875	1319.3900146484375
288.28399658203125	1433.40283203125	1253.2557373046875	1319.3900146484375
288.3909912109375	1433.40283203125	1253.2557373046875	1319.3900146484375
288.66400146484375	1433.40283203125	1256.8218994140625	1319.3900146484375
288.7130126953125	1433.40283203125	1256.8218994140625	1319.3900146484375
288.8190002441406	1433.40283203125	1256.8218994140625	1319.3900146484375
288.92401123046875	1436.9442138671875	1256.8218994140625	1322.9361572265625
289.0140075683594	1433.40283203125	1256.8218994140625	1319.3900146484375
289.10400390625	1433.40283203125	1256.8218994140625	1322.9361572265625
289.1960144042969	1433.40283203125	1256.8218994140625	1322.9361572265625
289.29400634765625	1433.40283203125	1256.8218994140625	1322.9361572265625
289.385009765625	1436.9442138671875	1256.8218994140625	1322.9361572265625
289.6669921875	1433.40283203125	1256.8218994140625	1322.9361572265625
289.71600341796875	1429.86181640625	1260.3865966796875	1322.9361572265625
289.822998046875	1433.40283203125	1260.3865966796875	1322.9361572265625
289.9280090332031	1433.40283203125	1260.3865966796875	1322.9361572265625
290.0329895019531	1433.40283203125	1260.3865966796875	1322.9361572265625
290.1369934082031	1433.40283203125	1260.3865966796875	1326.4815673828125
290.24200439453125	1433.40283203125	1260.3865966796875	1326.4815673828125
290.34698486328125	1433.40283203125	1260.3865966796875	1326.4815673828125
290.5090026855469	1433.40283203125	1260.3865966796875	1326.4815673828125
290.67498779296875	1433.40283203125	1260.3865966796875	1326.4815673828125
290.7239990234375	1433.40283203125	1263.949951171875	1326.4815673828125
290.8290100097656	1433.40283203125	1260.3865966796875	1326.4815673828125
290.9330139160156	1433.40283203125	1263.949951171875	1326.4815673828125
291.0400085449219	1433.40283203125	1263.949951171875	1326.4815673828125
291.1440124511719	1436.9442138671875	1263.949951171875	1326.4815673828125
291.2489929199219	1433.40283203125	1263.949951171875	1326.4815673828125
291.343994140625	1433.40283203125	1263.949951171875	1326.4815673828125
291.5199890136719	1433.40283203125	1263.949951171875	1326.4815673828125
291.6830139160156	1433.40283203125	1263.949951171875	1326.4815673828125
291.718994140625	1433.40283203125	1267.5120849609375	1326.4815673828125
291.822998046875	1433.40283203125	1263.949951171875	1329.3175048828125
291.9150085449219	1433.40283203125	1263.949951171875	1329.3175048828125
292.0190124511719	1433.40283203125	1267.5120849609375	1329.3175048828125
292.1239929199219	1433.40283203125	1267.5120849609375	1329.3175048828125
292.2279968261719	1433.40283203125	1267.5120849609375	1329.3175048828125
292.3320007324219	1433.40283203125	1267.5120849609375	1329.3175048828125
292.43798828125	1433.40283203125	1267.5120849609375	1329.3175048828125
292.68701171875	1433.40283203125	1267.5120849609375	1329.3175048828125
292.7349853515625	1433.40283203125	1267.5120849609375	1329.3175048828125
292.8399963378906	1433.40283203125	1267.5120849609375	1329.3175048828125
292.9460144042969	1433.40283203125	1267.5120849609375	1329.3175048828125
293.052001953125	1433.40283203125	1267.5120849609375	1329.3175048828125
293.1570129394531	1433.40283203125	1267.5120849609375	1329.3175048828125
293.260986328125	1433.40283203125	1270.3607177734375	1332.8616943359375
293.3550109863281	1433.40283203125	1270.3607177734375	1332.8616943359375
293.52801513671875	1433.40283203125	1270.3607177734375	1332.8616943359375
293.6940002441406	1433.40283203125	1270.3607177734375	1332.8616943359375
293.7449951171875	1433.7427978515625	1270.7025146484375	1333.201904296875
293.8500061035156	1433.7427978515625	1270.7025146484375	1333.201904296875
293.9549865722656	1433.7427978515625	1270.7025146484375	1333.201904296875
294.05999755859375	1430.20166015625	1270.7025146484375	1333.201904296875
294.1659851074219	1433.7427978515625	1270.7025146484375	1333.201904296875
294.2650146484375	1430.20166015625	1270.7025146484375	1333.201904296875
294.3689880371094	1433.7427978515625	1270.7025146484375	1333.201904296875
294.5260009765625	1433.7427978515625	1270.7025146484375	1333.201904296875
294.7349853515625	1430.20166015625	1274.2620849609375	1333.201904296875
294.8399963378906	1433.7427978515625	1270.7025146484375	1336.7454833984375
294.94500732421875	1433.7427978515625	1274.2282721168638	1333.2355652382544
295.0450134277344	1430.20166015625	1274.2620849609375	1336.7454833984375
295.1499938964844	1430.20166015625	1274.2620849609375	1336.7454833984375
295.2449951171875	1433.7427978515625	1274.2620849609375	1336.7454833984375
295.3500061035156	1433.7427978515625	1274.2620849609375	1336.7454833984375
295.4549865722656	1433.7427978515625	1274.2620849609375	1336.7454833984375
295.7030029296875	1433.7427978515625	1274.2620849609375	1336.7454833984375
295.7380065917969	1430.20166015625	1274.2620849609375	1336.7454833984375
295.843994140625	1430.20166015625	1274.2620849609375	1336.7454833984375
295.9490051269531	1433.7427978515625	1274.2620849609375	1336.7454833984375
296.04400634765625	1430.20166015625	1274.2620849609375	1336.7454833984375
296.14898681640625	1433.7427978515625	1274.2620849609375	1336.7454833984375
296.2539978027344	1433.7427978515625	1274.2620849609375	1336.7454833984375
296.3599853515625	1430.20166015625	1277.8204345703125	1336.7454833984375
296.5270080566406	1430.20166015625	1277.8204345703125	1336.7454833984375
296.7049865722656	1433.7427978515625	1277.8204345703125	1340.28857421875
296.7510070800781	1433.7427978515625	1277.8204345703125	1336.7454833984375
296.85699462890625	1433.7427978515625	1277.8204345703125	1340.28857421875
296.9620056152344	1430.20166015625	1277.8204345703125	1340.28857421875
297.0679931640625	1433.7427978515625	1277.8204345703125	1340.28857421875
297.1730041503906	1433.7427978515625	1277.8204345703125	1340.28857421875
297.2650146484375	1430.20166015625	1277.8204345703125	1340.28857421875
297.3689880371094	1430.20166015625	1277.8204345703125	1340.28857421875
297.54901123046875	1430.20166015625	1277.8204345703125	1340.28857421875
297.71600341796875	1433.7427978515625	1277.8204345703125	1340.28857421875
297.7510070800781	1437.2841796875	1277.8204345703125	1340.28857421875
297.8559875488281	1433.7427978515625	1277.8204345703125	1340.28857421875
297.9549865722656	1430.20166015625	1277.8204345703125	1340.28857421875
298.05499267578125	1430.20166015625	1277.8204345703125	1340.28857421875
298.1600036621094	1430.20166015625	1281.377685546875	1340.28857421875
298.2539978027344	1433.7427978515625	1281.377685546875	1340.28857421875
298.34600830078125	1430.20166015625	1281.377685546875	1340.28857421875
298.45098876953125	1430.20166015625	1281.377685546875	1340.28857421875
298.7300109863281	1433.7427978515625	1281.377685546875	1340.28857421875
298.77899169921875	1433.7427978515625	1281.377685546875	1340.28857421875
298.885009765625	1430.20166015625	1281.377685546875	1340.28857421875
298.9840087890625	1430.20166015625	1281.377685546875	1340.28857421875
299.0880126953125	1430.20166015625	1281.377685546875	1340.28857421875
299.1940002441406	1433.7427978515625	1281.377685546875	1343.8310546875
299.28399658203125	1430.20166015625	1284.9337158203125	1343.8310546875
299.3890075683594	1430.20166015625	1281.377685546875	1343.8310546875
299.4939880371094	1430.20166015625	1284.9337158203125	1340.28857421875
299.7569885253906	1430.20166015625	1284.9337158203125	1343.8310546875
299.80499267578125	1433.7427978515625	1284.9337158203125	1343.8310546875
299.9100036621094	1433.7427978515625	1284.9337158203125	1343.8310546875
300.0039978027344	1430.20166015625	1284.9337158203125	1343.8310546875
300.1099853515625	1430.20166015625	1284.9337158203125	1343.8310546875
300.2149963378906	1430.20166015625	1284.9337158203125	1343.8310546875
300.3210144042969	1430.20166015625	1284.9337158203125	1343.8310546875
300.4150085449219	1430.20166015625	1284.9337158203125	1343.8310546875
300.58099365234375	1430.20166015625	1284.9337158203125	1343.8310546875
300.7850036621094	1433.7427978515625	1288.48876953125	1343.8310546875
300.8330078125	1433.7427978515625	1284.9337158203125	1343.8310546875
300.92498779296875	1430.20166015625	1288.48876953125	1343.8310546875
301.031005859375	1430.20166015625	1288.48876953125	1343.8310546875
301.1239929199219	1430.20166015625	1288.48876953125	1343.8310546875
301.22900390625	1430.20166015625	1288.48876953125	1343.8310546875
301.3330078125	1430.20166015625	1288.48876953125	1343.8310546875
301.43798828125	1430.20166015625	1288.48876953125	1343.8310546875
301.5920104980469	1433.7427978515625	1288.48876953125	1343.8310546875
301.8089904785156	1430.20166015625	1288.48876953125	1343.8310546875
301.9150085449219	1430.20166015625	1288.48876953125	1343.8310546875
302.0140075683594	1430.20166015625	1288.48876953125	1343.8310546875
302.114013671875	1430.20166015625	1288.48876953125	1347.3387937018358
302.22100830078125	1430.20166015625	1288.48876953125	1347.373046875
302.31500244140625	1430.20166015625	1288.48876953125	1343.8310546875
302.4049987792969	1430.20166015625	1288.48876953125	1347.3338497783575
302.510009765625	1430.20166015625	1292.0426025390625	1343.8310546875
302.760986328125	1430.20166015625	1288.48876953125	1347.373046875
302.8089904785156	1430.20166015625	1288.48876953125	1347.373046875
302.91400146484375	1430.20166015625	1292.0426025390625	1347.373046875
303.0190124511719	1430.20166015625	1292.0426025390625	1347.373046875
303.125	1430.20166015625	1288.48876953125	1347.373046875
303.22900390625	1430.20166015625	1292.0426025390625	1347.373046875
303.3240051269531	1430.20166015625	1292.0426025390625	1347.373046875
303.42999267578125	1430.20166015625	1292.0426025390625	1347.373046875
303.6090087890625	1430.20166015625	1292.0426025390625	1347.373046875
303.7770080566406	1430.20166015625	1292.0426025390625	1347.373046875
303.8240051269531	1430.20166015625	1292.0426025390625	1347.373046875
303.92999267578125	1430.20166015625	1292.0426025390625	1347.373046875
304.0249938964844	1430.20166015625	1292.0426025390625	1347.373046875
304.1300048828125	1430.20166015625	1292.0426025390625	1347.373046875
304.2250061035156	1430.20166015625	1292.0426025390625	1347.373046875
304.3290100097656	1430.20166015625	1292.0426025390625	1347.373046875
304.4330139160156	1430.20166015625	1292.0426025390625	1347.373046875
304.5260009765625	1430.20166015625	1292.0426025390625	1347.373046875
304.7850036621094	1430.20166015625	1292.0426025390625	1347.373046875
304.82000732421875	1430.20166015625	1292.0426025390625	1347.373046875
304.9150085449219	1430.20166015625	1292.0426025390625	1347.373046875
305.0050048828125	1430.20166015625	1292.0426025390625	1347.373046875
305.1050109863281	1430.20166015625	1292.0426025390625	1347.373046875
305.2099914550781	1430.20166015625	1292.0426025390625	1347.373046875
305.31500244140625	1426.6610107421875	1292.0426025390625	1347.373046875
305.41900634765625	1430.20166015625	1292.0426025390625	1347.373046875
305.51300048828125	1430.20166015625	1292.0426025390625	1350.8766060965402
305.7720031738281	1426.6610107421875	1295.595458984375	1350.91455078125
305.8080139160156	1426.6610107421875	1295.595458984375	1350.91455078125
305.91400146484375	1430.20166015625	1292.0426025390625	1350.91455078125
306.0190124511719	1430.20166015625	1292.0426025390625	1350.91455078125
306.1159973144531	1430.20166015625	1295.595458984375	1350.91455078125
306.2200012207031	1430.20166015625	1295.595458984375	1350.91455078125
306.3240051269531	1426.6610107421875	1295.595458984375	1350.91455078125
306.42999267578125	1426.6610107421875	1295.595458984375	1350.91455078125
306.5360107421875	1426.6610107421875	1295.595458984375	1350.91455078125
306.7860107421875	1430.20166015625	1295.595458984375	1350.91455078125
306.8210144042969	1430.20166015625	1295.595458984375	1350.91455078125
306.92498779296875	1430.20166015625	1295.595458984375	1350.91455078125
307.0299987792969	1430.20166015625	1295.595458984375	1350.91455078125
307.1260070800781	1430.20166015625	1295.595458984375	1350.91455078125
307.2300109863281	1430.20166015625	1295.595458984375	1350.91455078125
307.3349914550781	1430.20166015625	1295.595458984375	1350.91455078125
307.4410095214844	1430.20166015625	1295.595458984375	1350.91455078125
307.6449890136719	1430.20166015625	1295.595458984375	1350.91455078125
307.8169860839844	1426.6610107421875	1295.595458984375	1350.91455078125
307.864013671875	1426.6610107421875	1295.595458984375	1350.91455078125
307.9700012207031	1426.6610107421875	1295.595458984375	1350.91455078125
308.0639953613281	1426.6610107421875	1295.595458984375	1350.91455078125
308.16900634765625	1430.20166015625	1295.595458984375	1350.91455078125
308.2749938964844	1430.20166015625	1295.595458984375	1350.91455078125
308.3789978027344	1426.6610107421875	1295.595458984375	1350.91455078125
308.4840087890625	1426.6610107421875	1295.595458984375	1350.91455078125
308.6340026855469	1426.6610107421875	1295.595458984375	1350.91455078125
308.84600830078125	1430.20166015625	1295.595458984375	1350.91455078125
308.9530029296875	1430.20166015625	1295.595458984375	1350.91455078125
309.04400634765625	1430.20166015625	1295.595458984375	1350.91455078125
309.14898681640625	1426.6610107421875	1295.595458984375	1350.91455078125
309.2560119628906	1430.20166015625	1295.595458984375	1350.91455078125
309.35400390625	1430.20166015625	1295.595458984375	1354.4556884765625
309.46099853515625	1426.6610107421875	1299.1473388671875	1350.91455078125
309.55499267578125	1426.6610107421875	1295.595458984375	1350.91455078125
309.8059997558594	1430.20166015625	1295.595458984375	1350.91455078125
309.8529968261719	1430.20166015625	1295.595458984375	1350.91455078125
309.96099853515625	1430.20166015625	1299.1473388671875	1350.91455078125
310.0669860839844	1426.6610107421875	1295.595458984375	1354.4556884765625
310.1650085449219	1430.20166015625	1299.1473388671875	1354.4556884765625
310.2690124511719	1426.6610107421875	1299.1473388671875	1354.4556884765625
310.3739929199219	1430.20166015625	1299.1473388671875	1354.4556884765625
310.4779968261719	1426.6610107421875	1299.1473388671875	1350.94851112532
310.64599609375	1426.6610107421875	1299.1473388671875	1354.4556884765625
310.8190002441406	1430.20166015625	1299.1473388671875	1354.4556884765625
310.8680114746094	1430.20166015625	1299.1473388671875	1354.4556884765625
310.9739990234375	1430.20166015625	1299.1473388671875	1354.4556884765625
311.0790100097656	1430.20166015625	1299.1473388671875	1354.4556884765625
311.1830139160156	1426.6610107421875	1299.1473388671875	1354.4556884765625
311.2760009765625	1426.6610107421875	1299.1473388671875	1354.4556884765625
311.3800048828125	1426.6610107421875	1299.1473388671875	1354.4556884765625
311.4750061035156	1426.6610107421875	1299.1473388671875	1354.4556884765625
311.5799865722656	1426.6610107421875	1299.1473388671875	1354.4556884765625
311.843994140625	1430.20166015625	1299.1473388671875	1354.4556884765625
311.8789978027344	1430.20166015625	1299.1473388671875	1354.4556884765625
311.9840087890625	1430.20166015625	1299.1473388671875	1354.4556884765625
312.07501220703125	1430.20166015625	1299.1473388671875	1354.4556884765625
312.1650085449219	1426.6610107421875	1299.1473388671875	1354.4556884765625
312.2640075683594	1426.6610107421875	1299.1473388671875	1354.4556884765625
312.3550109863281	1426.6610107421875	1299.1473388671875	1354.4556884765625
312.4460144042969	1426.6610107421875	1299.1473388671875	1354.4556884765625
312.5459899902344	1426.6610107421875	1299.1473388671875	1354.4556884765625
312.8450012207031	1430.20166015625	1299.1473388671875	1354.4556884765625
312.8800048828125	1430.20166015625	1299.1473388671875	1354.4556884765625
312.9750061035156	1426.6610107421875	1299.1473388671875	1354.4556884765625
313.0799865722656	1430.20166015625	1299.1473388671875	1354.4556884765625
313.17498779296875	1430.20166015625	1299.1473388671875	1354.4556884765625
313.27398681640625	1426.6610107421875	1299.1473388671875	1354.4556884765625
313.3789978027344	1426.6610107421875	1299.1473388671875	1354.4556884765625
313.4849853515625	1426.6610107421875	1299.1473388671875	1354.4556884765625
313.5899963378906	1426.6610107421875	1299.1473388671875	1354.4556884765625
313.8559875488281	1426.6610107421875	1299.1473388671875	1354.4556884765625
313.9049987792969	1426.6610107421875	1299.1473388671875	1354.4556884765625
314.010009765625	1426.6610107421875	1299.1473388671875	1354.4556884765625
314.10400390625	1430.20166015625	1299.1473388671875	1354.4556884765625
314.2099914550781	1426.6610107421875	1299.1473388671875	1354.4556884765625
314.3139953613281	1426.6610107421875	1299.1473388671875	1354.4556884765625
314.41900634765625	1426.6610107421875	1299.1473388671875	1354.4556884765625
314.52398681640625	1426.6610107421875	1299.1473388671875	1354.4556884765625
314.6929931640625	1426.6610107421875	1299.1473388671875	1354.4556884765625
314.9110107421875	1426.6610107421875	1301.9881591796875	1354.4556884765625
315.01800537109375	1426.6610107421875	1301.9881591796875	1354.4556884765625
315.12200927734375	1426.6610107421875	1299.1737651026526	1354.4556884765625
315.22601318359375	1426.6610107421875	1299.1473388671875	1354.4556884765625
315.33099365234375	1426.6610107421875	1299.1473388671875	1354.4556884765625
315.4360046386719	1426.6610107421875	1301.9881591796875	1354.4556884765625
315.5409851074219	1426.6610107421875	1299.1473388671875	1354.4556884765625
315.8479919433594	1426.6610107421875	1301.9881591796875	1354.4556884765625
315.8970031738281	1426.6610107421875	1301.9881591796875	1354.4556884765625
316.00201416015625	1426.6610107421875	1301.9881591796875	1354.4556884765625
316.10699462890625	1426.6610107421875	1301.9881591796875	1354.4556884765625
316.21099853515625	1426.6610107421875	1299.1473388671875	1354.4556884765625
316.3160095214844	1426.6610107421875	1301.9881591796875	1354.4556884765625
316.4200134277344	1426.6610107421875	1301.9881591796875	1354.4556884765625
316.5260009765625	1426.6610107421875	1301.9881591796875	1357.9964599609375
316.68701171875	1426.6610107421875	1301.9881591796875	1354.4556884765625
316.8609924316406	1426.6610107421875	1301.9881591796875	1354.4556884765625
316.89599609375	1426.6610107421875	1301.9881591796875	1354.4556884765625
316.9949951171875	1426.6610107421875	1301.9881591796875	1357.96080373299
317.093994140625	1426.6610107421875	1301.9881591796875	1357.9964599609375
317.1990051269531	1426.6610107421875	1301.9881591796875	1357.9964599609375
317.2950134277344	1426.6610107421875	1301.9881591796875	1354.4556884765625
317.385009765625	1426.6610107421875	1301.9881591796875	1354.4556884765625
317.4840087890625	1426.6610107421875	1301.9881591796875	1357.9964599609375
317.5899963378906	1426.6610107421875	1301.9881591796875	1354.4556884765625
317.864990234375	1426.6610107421875	1301.9881591796875	1357.9835402949727
317.8999938964844	1426.6610107421875	1301.9881591796875	1357.9964599609375
318.0050048828125	1426.6610107421875	1301.9881591796875	1354.4556884765625
318.1099853515625	1426.6610107421875	1301.9881591796875	1357.962816004996
318.2149963378906	1426.6610107421875	1301.9881591796875	1354.4556884765625
318.3210144042969	1426.6610107421875	1301.9881591796875	1357.9964599609375
318.42498779296875	1426.6610107421875	1301.9881591796875	1354.4556884765625
318.52899169921875	1426.6610107421875	1301.9881591796875	1354.4556884765625
318.7019958496094	1426.6610107421875	1301.9881591796875	1357.9964599609375
318.92401123046875	1426.6610107421875	1301.9881591796875	1357.9964599609375
319.02801513671875	1426.6610107421875	1301.9881591796875	1357.9964599609375
319.135009765625	1426.6610107421875	1301.9881591796875	1357.9964599609375
319.239013671875	1426.6610107421875	1301.9881591796875	1357.9964599609375
319.343994140625	1426.6610107421875	1301.9881591796875	1357.9964599609375
319.4490051269531	1426.6610107421875	1301.9881591796875	1357.9964599609375
319.5530090332031	1426.6610107421875	1301.9881591796875	1357.9964599609375
319.7099914550781	1426.6610107421875	1301.9881591796875	1357.9964599609375
319.8869934082031	1426.6610107421875	1301.9881591796875	1357.9964599609375
319.9209899902344	1426.6610107421875	1301.9881591796875	1357.9964599609375
320.0260009765625	1426.6610107421875	1301.9881591796875	1357.9964599609375
320.1239929199219	1426.6610107421875	1301.9881591796875	1357.9964599609375
320.22900390625	1426.6610107421875	1301.9881591796875	1357.9964599609375
320.32501220703125	1426.6610107421875	1301.9881591796875	1357.9964599609375
320.4150085449219	1423.1207275390625	1301.9881591796875	1357.9964599609375
320.5199890136719	1426.6610107421875	1301.9881591796875	1357.9964599609375
320.6159973144531	1426.6610107421875	1301.9881591796875	1357.9964599609375
320.9200134277344	1426.6610107421875	1301.9881591796875	1357.9964599609375
320.9549865722656	1426.6610107421875	1301.9881591796875	1357.9964599609375
321.05999755859375	1423.1207275390625	1301.9881591796875	1357.9964599609375
321.15399169921875	1426.6610107421875	1301.9881591796875	1357.9964599609375
321.2569885253906	1426.6610107421875	1301.9881591796875	1357.9964599609375
321.3550109863281	1423.1207275390625	1301.9881591796875	1357.9964599609375
321.46099853515625	1426.6610107421875	1301.9881591796875	1357.9964599609375
321.55499267578125	1426.6610107421875	1301.9881591796875	1357.9964599609375
321.6600036621094	1426.6610107421875	1301.9881591796875	1357.9964599609375
321.9209899902344	1426.6610107421875	1301.9881591796875	1357.9964599609375
321.968994140625	1423.1207275390625	1301.9881591796875	1357.9964599609375
322.0660095214844	1423.1207275390625	1301.9881591796875	1357.9964599609375
322.16400146484375	1426.6610107421875	1301.9881591796875	1357.9964599609375
322.2550048828125	1426.6610107421875	1301.9881591796875	1357.9964599609375
322.35400390625	1426.6610107421875	1301.9881591796875	1357.9964599609375
322.44500732421875	1426.6610107421875	1301.9881591796875	1357.9964599609375
322.5360107421875	1426.6610107421875	1301.9881591796875	1357.9964599609375
322.635986328125	1423.1207275390625	1301.9881591796875	1357.9964599609375
322.9289855957031	1426.6610107421875	1301.9881591796875	1357.9964599609375
322.9630126953125	1430.20166015625	1301.9881591796875	1357.9964599609375
323.05499267578125	1426.6610107421875	1301.9881591796875	1357.9964599609375
323.15399169921875	1426.6610107421875	1301.9881591796875	1357.9964599609375
323.2590026855469	1426.6610107421875	1301.9881591796875	1357.9964599609375
323.364013671875	1423.1207275390625	1301.9881591796875	1357.9964599609375
323.4679870605469	1426.6610107421875	1301.9881591796875	1357.9964599609375
323.5719909667969	1426.6610107421875	1301.9881591796875	1357.9964599609375
323.7560119628906	1426.6610107421875	1301.9881591796875	1357.9964599609375
323.9309997558594	1426.6610107421875	1301.9881591796875	1357.9964599609375
323.97900390625	1423.1207275390625	1301.9881591796875	1357.9964599609375
324.0870056152344	1426.6610107421875	1301.9881591796875	1357.9964599609375
324.1910095214844	1423.1207275390625	1301.9881591796875	1357.9964599609375
324.28399658203125	1426.6610107421875	1305.5382080078125	1357.9964599609375
324.3890075683594	1426.6610107421875	1301.9881591796875	1357.9964599609375
324.4849853515625	1426.6610107421875	1301.9881591796875	1357.9964599609375
324.5899963378906	1423.1207275390625	1301.9881591796875	1357.9964599609375
324.7489929199219	1423.1207275390625	1301.9881591796875	1357.9964599609375
324.9519958496094	1426.6610107421875	1301.9881591796875	1357.9964599609375
325.0559997558594	1426.6610107421875	1301.9881591796875	1357.9964599609375
325.156005859375	1426.6610107421875	1301.9881591796875	1357.9964599609375
325.260009765625	1423.1207275390625	1301.9881591796875	1357.9964599609375
325.3659973144531	1423.1207275390625	1301.9881591796875	1357.9964599609375
325.468994140625	1423.1207275390625	1301.9881591796875	1357.9964599609375
325.57598876953125	1426.6610107421875	1301.9881591796875	1357.9964599609375
325.74798583984375	1426.6610107421875	1301.9881591796875	1357.9964599609375
325.93499755859375	1423.1207275390625	1305.5382080078125	1357.9964599609375
325.9830017089844	1423.1207275390625	1305.5382080078125	1357.9964599609375
326.0870056152344	1423.1207275390625	1302.022204983619	1357.9964599609375
326.1940002441406	1423.1207275390625	1301.9881591796875	1357.9964599609375
326.29901123046875	1426.6610107421875	1305.5382080078125	1357.9964599609375
326.40301513671875	1423.1207275390625	1305.5382080078125	1357.9964599609375
326.50799560546875	1423.1207275390625	1305.5382080078125	1357.9964599609375
326.61199951171875	1423.1207275390625	1305.5382080078125	1357.9964599609375
326.77398681640625	1426.6610107421875	1305.5382080078125	1357.9964599609375
326.95098876953125	1426.6610107421875	1301.9881591796875	1357.9964599609375
327.0	1426.6610107421875	1305.5382080078125	1357.9964599609375
327.1059875488281	1423.1207275390625	1301.9881591796875	1357.9964599609375
327.2099914550781	1423.1207275390625	1305.5382080078125	1357.9964599609375
327.31500244140625	1423.1207275390625	1301.9881591796875	1357.9964599609375
327.41900634765625	1426.6610107421875	1305.5382080078125	1357.9964599609375
327.5150146484375	1423.1207275390625	1305.5382080078125	1357.9964599609375
327.6210021972656	1423.1207275390625	1301.9881591796875	1357.9964599609375
327.8030090332031	1426.6610107421875	1301.9881591796875	1357.9964599609375
327.9939880371094	1426.6610107421875	1301.9881591796875	1357.9964599609375
328.02801513671875	1423.1207275390625	1305.5382080078125	1357.9964599609375
328.1369934082031	1423.1207275390625	1305.5382080078125	1357.9964599609375
328.2340087890625	1426.6610107421875	1305.5382080078125	1357.9964599609375
328.3389892578125	1423.1207275390625	1305.5382080078125	1357.9964599609375
328.4339904785156	1423.1207275390625	1301.9881591796875	1357.9964599609375
328.5400085449219	1423.1207275390625	1305.5382080078125	1357.9964599609375
328.6440124511719	1426.6610107421875	1301.9881591796875	1357.9964599609375
328.81500244140625	1423.1207275390625	1305.5382080078125	1357.9964599609375
329.02099609375	1423.1207275390625	1305.5382080078125	1357.9964599609375
329.1260070800781	1423.1207275390625	1305.5382080078125	1357.9964599609375
329.23199462890625	1426.6610107421875	1305.5382080078125	1357.9964599609375
329.3240051269531	1426.6610107421875	1301.9881591796875	1357.9964599609375
329.4289855957031	1426.6610107421875	1301.9881591796875	1357.9964599609375
329.5249938964844	1423.1207275390625	1305.5382080078125	1357.9964599609375
329.6289978027344	1423.1207275390625	1305.5382080078125	1357.9964599609375
329.7340087890625	1423.1207275390625	1305.5382080078125	1357.9964599609375
329.9989929199219	1423.1207275390625	1305.5382080078125	1357.9964599609375
330.03399658203125	1423.1207275390625	1305.5382080078125	1357.9964599609375
330.13800048828125	1426.6610107421875	1301.9881591796875	1357.9964599609375
330.2330017089844	1423.1207275390625	1305.5382080078125	1357.9964599609375
330.32501220703125	1423.1207275390625	1305.5382080078125	1357.9964599609375
330.4309997558594	1423.1207275390625	1301.9881591796875	1357.9964599609375
330.5249938964844	1426.6610107421875	1305.5382080078125	1357.9964599609375
330.6300048828125	1423.1207275390625	1302.0218815778821	1357.9964599609375
330.72698974609375	1426.6610107421875	1305.5382080078125	1357.9964599609375
331.00299072265625	1423.1207275390625	1305.5382080078125	1357.9964599609375
331.0509948730469	1423.1207275390625	1305.5382080078125	1357.9964599609375
331.1449890136719	1423.1207275390625	1305.5382080078125	1357.9964599609375
331.2439880371094	1423.1207275390625	1305.5382080078125	1357.9964599609375
331.3489990234375	1423.1207275390625	1305.5382080078125	1357.9964599609375
331.4549865722656	1423.1207275390625	1305.5382080078125	1357.9964599609375
331.55499267578125	1423.1207275390625	1305.5382080078125	1357.9964599609375
331.64599609375	1426.6610107421875	1305.5382080078125	1357.9964599609375
331.7439880371094	1423.1207275390625	1305.5382080078125	1357.9964599609375
332.03900146484375	1423.1207275390625	1305.5382080078125	1357.9964599609375
332.0740051269531	1426.6610107421875	1305.5382080078125	1357.9964599609375
332.17999267578125	1426.6610107421875	1301.9881591796875	1357.9964599609375
332.2850036621094	1423.1207275390625	1305.5382080078125	1357.9964599609375
332.375	1423.1207275390625	1305.5382080078125	1357.9964599609375
332.4800109863281	1423.1207275390625	1305.5382080078125	1357.9964599609375
332.57501220703125	1423.1207275390625	1305.5382080078125	1357.9964599609375
332.67401123046875	1423.1207275390625	1305.5382080078125	1357.9964599609375
332.843994140625	1423.1207275390625	1305.5382080078125	1357.9964599609375
333.0509948730469	1426.6610107421875	1305.5382080078125	1357.9964599609375
333.156005859375	1423.1207275390625	1305.5382080078125	1357.9964599609375
333.2539978027344	1423.1207275390625	1305.5382080078125	1357.9964599609375
333.3590087890625	1423.1207275390625	1305.5382080078125	1357.9964599609375
333.4540100097656	1423.1207275390625	1305.5382080078125	1357.9964599609375
333.5589904785156	1423.1207275390625	1305.5382080078125	1357.9964599609375
333.6549987792969	1423.1207275390625	1305.5382080078125	1357.9964599609375
333.760986328125	1423.1207275390625	1305.5382080078125	1357.9964599609375
334.0660095214844	1423.1207275390625	1305.5382080078125	1357.9964599609375
334.114013671875	1423.1207275390625	1305.5382080078125	1357.9964599609375
334.2149963378906	1423.1207275390625	1305.5382080078125	1357.9964599609375
334.3210144042969	1426.6610107421875	1305.5382080078125	1357.9964599609375
334.427001953125	1423.1207275390625	1305.5382080078125	1357.9964599609375
334.5299987792969	1423.1207275390625	1305.5382080078125	1357.9964599609375
334.635009765625	1423.1207275390625	1305.5382080078125	1357.9964599609375
334.7349853515625	1423.1207275390625	1305.5382080078125	1357.9964599609375
335.0350036621094	1423.1207275390625	1305.5382080078125	1357.9964599609375
335.07000732421875	1423.1207275390625	1301.9881591796875	1357.9964599609375
335.1759948730469	1423.1207275390625	1305.5382080078125	1357.9964599609375
335.2799987792969	1423.1207275390625	1305.5382080078125	1357.9964599609375
335.385009765625	1423.1207275390625	1305.5382080078125	1357.9964599609375
335.489990234375	1426.6610107421875	1305.5382080078125	1357.9964599609375
335.5950012207031	1426.6610107421875	1305.5382080078125	1357.9964599609375
335.70098876953125	1423.1207275390625	1305.5382080078125	1357.9964599609375
335.8760070800781	1423.1207275390625	1305.5382080078125	1357.9964599609375
336.0570068359375	1423.1207275390625	1305.5382080078125	1357.9964599609375
336.10400390625	1423.1207275390625	1305.5382080078125	1357.9964599609375
336.2099914550781	1423.1207275390625	1305.5382080078125	1357.9964599609375
336.3160095214844	1423.1207275390625	1305.5382080078125	1357.9964599609375
336.4049987792969	1423.1207275390625	1305.5382080078125	1357.9964599609375
336.510986328125	1423.1207275390625	1305.5382080078125	1357.9964599609375
336.61700439453125	1423.1207275390625	1301.9881591796875	1357.9964599609375
336.7139892578125	1423.1207275390625	1305.5382080078125	1357.9964599609375
336.885009765625	1423.1207275390625	1305.5382080078125	1357.9964599609375
337.06298828125	1423.1207275390625	1305.5382080078125	1357.9964599609375
337.0979919433594	1423.1207275390625	1305.5382080078125	1357.9964599609375
337.1940002441406	1423.1207275390625	1305.5382080078125	1357.9964599609375
337.2850036621094	1423.1207275390625	1305.5382080078125	1357.9964599609375
337.3760070800781	1423.1207275390625	1305.5382080078125	1357.9964599609375
337.4739990234375	1423.1207275390625	1305.5382080078125	1357.9964599609375
337.5790100097656	1423.1207275390625	1305.5382080078125	1357.9964599609375
337.6839904785156	1423.1207275390625	1305.5382080078125	1357.9964599609375
337.7760009765625	1423.1207275390625	1305.5382080078125	1357.9964599609375
338.07000732421875	1423.1207275390625	1305.5382080078125	1360.828857421875
338.1050109863281	1423.1207275390625	1305.5382080078125	1357.9964599609375
338.2040100097656	1423.1207275390625	1305.5382080078125	1357.9964599609375
338.3089904785156	1423.1207275390625	1305.5382080078125	1357.9964599609375
338.40399169921875	1423.1207275390625	1305.5382080078125	1357.9964599609375
338.50799560546875	1423.1207275390625	1305.5382080078125	1357.9964599609375
338.6059875488281	1423.1207275390625	1305.5382080078125	1357.9964599609375
338.70599365234375	1423.1207275390625	1305.5382080078125	1357.9964599609375
338.8089904785156	1423.1207275390625	1305.5382080078125	1357.9964599609375
339.0820007324219	1423.1207275390625	1305.5382080078125	1357.9964599609375
339.11700439453125	1423.1207275390625	1305.5382080078125	1357.9964599609375
339.23199462890625	1423.1207275390625	1305.5382080078125	1357.9964599609375
339.32598876953125	1423.1207275390625	1305.5382080078125	1357.9964599609375
339.4309997558594	1423.1207275390625	1305.5382080078125	1357.9964599609375
339.5369873046875	1423.1207275390625	1305.5382080078125	1357.9964599609375
339.6419982910156	1423.1207275390625	1305.5382080078125	1357.9964599609375
339.74700927734375	1423.1207275390625	1305.5382080078125	1357.9964599609375
340.0679931640625	1423.1207275390625	1305.5382080078125	1357.9964599609375
340.11700439453125	1423.1207275390625	1305.5382080078125	1360.7718292850777
340.2149963378906	1423.1207275390625	1305.5382080078125	1358.0255689974404
340.32000732421875	1423.1207275390625	1302.0218815778821	1357.9964599609375
340.4150085449219	1423.1207275390625	1305.5382080078125	1357.9964599609375
340.52099609375	1423.1207275390625	1305.5382080078125	1357.9964599609375
340.6239929199219	1423.1207275390625	1301.9881591796875	1357.9964599609375
340.7130126953125	1423.1207275390625	1305.5382080078125	1357.9964599609375
340.9259948730469	1423.1207275390625	1305.5382080078125	1357.9964599609375
341.1080017089844	1423.1207275390625	1305.5382080078125	1357.9964599609375
341.1419982910156	1423.1207275390625	1305.5382080078125	1357.9964599609375
341.24798583984375	1423.1207275390625	1305.5382080078125	1357.9964599609375
341.35400390625	1423.1207275390625	1305.5382080078125	1357.9964599609375
341.4590148925781	1423.1207275390625	1305.5382080078125	1357.9964599609375
341.56298828125	1423.1207275390625	1305.5382080078125	1357.9964599609375
341.6679992675781	1423.1207275390625	1305.5382080078125	1357.9964599609375
341.7650146484375	1423.1207275390625	1305.5382080078125	1357.9964599609375
342.0929870605469	1423.1207275390625	1305.5382080078125	1357.9964599609375
342.1419982910156	1423.1207275390625	1305.5382080078125	1357.9964599609375
342.2359924316406	1423.1207275390625	1305.5382080078125	1357.9964599609375
342.34100341796875	1423.1207275390625	1305.5382080078125	1357.9964599609375
342.44500732421875	1423.1207275390625	1305.5382080078125	1357.9964599609375
342.5459899902344	1423.1207275390625	1305.5382080078125	1357.9964599609375
342.6510009765625	1423.1207275390625	1305.5382080078125	1357.9964599609375
342.7449951171875	1423.1207275390625	1305.5382080078125	1357.9964599609375
342.9159851074219	1423.1207275390625	1305.5382080078125	1357.9964599609375
343.1310119628906	1423.1207275390625	1305.5382080078125	1357.9964599609375
343.2349853515625	1423.1207275390625	1305.5382080078125	1357.9964599609375
343.3389892578125	1423.1207275390625	1305.5382080078125	1357.9964599609375
343.4360046386719	1423.1207275390625	1305.5382080078125	1357.9964599609375
343.5409851074219	1423.1207275390625	1305.5382080078125	1357.9964599609375
343.64599609375	1423.1207275390625	1305.5382080078125	1357.9964599609375
343.75	1423.1207275390625	1301.9881591796875	1357.9964599609375
343.92498779296875	1423.1207275390625	1305.5178938737172	1357.9964599609375
344.12200927734375	1423.1207275390625	1305.5382080078125	1357.9964599609375
344.1709899902344	1423.1207275390625	1305.5382080078125	1357.9964599609375
344.2760009765625	1423.1207275390625	1305.5382080078125	1357.9964599609375
344.3800048828125	1423.1207275390625	1305.5382080078125	1357.9964599609375
344.4750061035156	1423.1207275390625	1305.5382080078125	1357.9964599609375
344.57501220703125	1420.2886962890625	1305.5382080078125	1357.9964599609375
344.6659851074219	1423.1207275390625	1305.5382080078125	1357.9964599609375
344.7640075683594	1420.2886962890625	1305.5382080078125	1357.9964599609375
344.93798828125	1423.1207275390625	1301.9881591796875	1357.9964599609375
345.13299560546875	1423.1207275390625	1301.9881591796875	1357.9964599609375
345.1679992675781	1423.1207275390625	1305.5382080078125	1357.9964599609375
345.2749938964844	1423.1207275390625	1305.5382080078125	1357.9964599609375
345.3659973144531	1423.1207275390625	1305.5382080078125	1357.9964599609375
345.4639892578125	1423.1207275390625	1305.5382080078125	1357.9964599609375
345.5679931640625	1420.2886962890625	1305.5382080078125	1357.9964599609375
345.6650085449219	1423.1207275390625	1305.5382080078125	1357.9964599609375
345.7699890136719	1423.1207275390625	1305.5382080078125	1357.9964599609375
345.86700439453125	1423.1207275390625	1305.5382080078125	1357.9964599609375
346.135009765625	1423.1207275390625	1305.5382080078125	1360.828857421875
346.1700134277344	1423.1207275390625	1305.5382080078125	1357.9964599609375
346.27398681640625	1423.1207275390625	1305.5382080078125	1357.9964599609375
346.364990234375	1420.2886962890625	1305.5382080078125	1357.9964599609375
346.47100830078125	1423.1207275390625	1305.5382080078125	1357.9964599609375
346.5740051269531	1423.1207275390625	1305.5382080078125	1357.9964599609375
346.6789855957031	1420.2886962890625	1305.5382080078125	1357.9964599609375
346.7829895019531	1423.1207275390625	1305.5382080078125	1357.9964599609375
346.968994140625	1423.1207275390625	1305.5382080078125	1357.9964599609375
347.1520080566406	1420.2886962890625	1305.5382080078125	1357.9964599609375
347.20098876953125	1420.2886962890625	1305.5382080078125	1357.9964599609375
347.3070068359375	1423.1207275390625	1305.5382080078125	1357.9964599609375
347.4119873046875	1420.2886962890625	1305.5382080078125	1357.9964599609375
347.5050048828125	1423.1207275390625	1305.5382080078125	1357.9964599609375
347.6099853515625	1423.1207275390625	1305.5382080078125	1357.9964599609375
347.7049865722656	1423.1207275390625	1305.5382080078125	1357.9964599609375
347.8110046386719	1420.2886962890625	1301.9881591796875	1357.9964599609375
347.9739990234375	1423.1207275390625	1305.5382080078125	1357.9964599609375
348.1570129394531	1423.1207275390625	1301.9881591796875	1357.9964599609375
348.1919860839844	1423.1207275390625	1305.5382080078125	1357.9964599609375
348.2959899902344	1423.1207275390625	1301.9881591796875	1357.9964599609375
348.4020080566406	1420.2886962890625	1301.9881591796875	1357.9964599609375
348.4949951171875	1423.1207275390625	1305.5382080078125	1357.9964599609375
348.593994140625	1423.1207275390625	1305.5382080078125	1357.9964599609375
348.6990051269531	1423.1207275390625	1305.5382080078125	1357.9964599609375
348.7950134277344	1423.1207275390625	1305.5382080078125	1357.9964599609375
348.98199462890625	1420.2886962890625	1301.9881591796875	1357.9964599609375
349.16900634765625	1420.2886962890625	1305.5382080078125	1357.9964599609375
349.218994140625	1423.1207275390625	1301.9881591796875	1357.9964599609375
349.322998046875	1423.1207275390625	1305.5382080078125	1357.9964599609375
349.4280090332031	1423.1207275390625	1301.9881591796875	1357.9964599609375
349.5329895019531	1423.1207275390625	1305.5044758997421	1357.9964599609375
349.63800048828125	1423.1207275390625	1305.5382080078125	1357.9964599609375
349.7430114746094	1420.2886962890625	1305.5382080078125	1357.9964599609375
349.8340148925781	1420.2886962890625	1302.0258504744786	1357.9964599609375
349.9930114746094	1420.2886962890625	1301.9881591796875	1357.9964599609375
350.23199462890625	1423.1207275390625	1301.9881591796875	1357.9964599609375
350.33599853515625	1423.1207275390625	1301.9881591796875	1357.9964599609375
350.4419860839844	1423.1207275390625	1301.9881591796875	1357.9964599609375
350.5459899902344	1423.1207275390625	1305.5382080078125	1357.9964599609375
350.6499938964844	1423.1207275390625	1302.022204983619	1357.9964599609375
350.7550048828125	1420.2886962890625	1301.9881591796875	1357.9964599609375
350.8590087890625	1420.2886962890625	1301.9881591796875	1357.9964599609375
351.1809997558594	1423.1207275390625	1301.9881591796875	1357.9964599609375
351.22900390625	1423.1207275390625	1301.9881591796875	1357.9964599609375
351.32598876953125	1423.1207275390625	1301.9881591796875	1357.9964599609375
351.4150085449219	1423.1207275390625	1301.9881591796875	1357.9964599609375
351.5150146484375	1423.1207275390625	1305.5382080078125	1357.9964599609375
351.614990234375	1423.1207275390625	1301.9881591796875	1357.9964599609375
351.70599365234375	1423.1207275390625	1301.9881591796875	1357.9964599609375
351.80999755859375	1423.1207275390625	1301.9881591796875	1357.9964599609375
351.989013671875	1420.2886962890625	1305.5382080078125	1357.9964599609375
352.20001220703125	1420.2886962890625	1305.5382080078125	1357.9964599609375
352.24798583984375	1420.2886962890625	1301.9881591796875	1357.9964599609375
352.3559875488281	1423.1207275390625	1301.9881591796875	1357.9964599609375
352.46099853515625	1423.1207275390625	1301.9881591796875	1357.9964599609375
352.5660095214844	1423.1207275390625	1301.9881591796875	1357.9964599609375
352.6709899902344	1423.1207275390625	1301.9881591796875	1357.9964599609375
352.7760009765625	1423.1207275390625	1301.9881591796875	1357.9964599609375
352.8810119628906	1420.2886962890625	1301.9881591796875	1357.9964599609375
353.20001220703125	1423.1207275390625	1305.5382080078125	1357.9964599609375
353.2489929199219	1423.1207275390625	1301.9881591796875	1357.9964599609375
353.3550109863281	1423.1207275390625	1301.9881591796875	1357.9964599609375
353.4599914550781	1423.1207275390625	1301.9881591796875	1357.9964599609375
353.5559997558594	1423.1207275390625	1305.5382080078125	1357.9964599609375
353.65399169921875	1423.1207275390625	1305.5382080078125	1357.9964599609375
353.7590026855469	1423.1207275390625	1301.9881591796875	1357.9964599609375
353.8559875488281	1420.2886962890625	1301.9881591796875	1357.9964599609375
354.03900146484375	1420.2886962890625	1301.9881591796875	1357.9964599609375
354.22698974609375	1423.1207275390625	1301.9881591796875	1357.9964599609375
354.260986328125	1423.1207275390625	1301.9881591796875	1357.9964599609375
354.36700439453125	1423.1207275390625	1301.9881591796875	1357.9964599609375
354.47100830078125	1423.1207275390625	1301.9881591796875	1357.9964599609375
354.5639953613281	1423.1207275390625	1301.9881591796875	1357.9964599609375
354.66900634765625	1423.1207275390625	1301.9881591796875	1357.9964599609375
354.7650146484375	1420.2886962890625	1301.9881591796875	1357.9964599609375
354.8689880371094	1420.2886962890625	1301.9881591796875	1357.9964599609375
355.0459899902344	1420.2886962890625	1301.9881591796875	1357.9964599609375
355.24200439453125	1423.1207275390625	1301.9881591796875	1357.9964599609375
355.2900085449219	1423.1207275390625	1301.9881591796875	1357.9964599609375
355.39599609375	1423.1207275390625	1301.9881591796875	1357.9964599609375
355.4949951171875	1420.2886962890625	1301.9881591796875	1357.9964599609375
355.60198974609375	1420.2886962890625	1301.9881591796875	1357.9964599609375
355.6940002441406	1423.1207275390625	1301.9881591796875	1357.9964599609375
355.7950134277344	1423.1207275390625	1301.9881591796875	1357.9964599609375
355.8949890136719	1420.2886962890625	1301.9881591796875	1357.9964599609375
356.0570068359375	1420.2886962890625	1301.9881591796875	1357.9964599609375
356.2550048828125	1423.1207275390625	1301.9881591796875	1357.9964599609375
356.2900085449219	1423.1207275390625	1301.9881591796875	1357.9964599609375
356.39300537109375	1423.1207275390625	1301.9881591796875	1357.9964599609375
356.49798583984375	1423.1207275390625	1301.9881591796875	1357.9964599609375
356.60400390625	1420.2886962890625	1301.9881591796875	1357.9964599609375
356.7080078125	1423.1207275390625	1301.9881591796875	1357.9964599609375
356.8039855957031	1420.2886962890625	1301.9881591796875	1357.9964599609375
356.9079895019531	1420.2886962890625	1301.9881591796875	1357.9964599609375
357.2430114746094	1420.2886962890625	1301.9881591796875	1357.9964599609375
357.2909851074219	1423.1207275390625	1301.9881591796875	1357.9964599609375
357.39801025390625	1423.1207275390625	1301.9881591796875	1357.9964599609375
357.50201416015625	1423.1207275390625	1301.9881591796875	1357.9964599609375
357.60699462890625	1420.2886962890625	1301.9881591796875	1357.9964599609375
357.7120056152344	1420.2886962890625	1301.9881591796875	1357.9964599609375
357.8160095214844	1420.2886962890625	1301.9881591796875	1357.9964599609375
357.9209899902344	1420.2886962890625	1301.9881591796875	1357.9964599609375
358.2650146484375	1423.1207275390625	1301.9881591796875	1357.9964599609375
358.29901123046875	1423.1207275390625	1301.9881591796875	1357.9964599609375
358.3949890136719	1420.2886962890625	1301.9881591796875	1357.9964599609375
358.4960021972656	1423.1207275390625	1301.9881591796875	1357.9964599609375
358.60101318359375	1423.1207275390625	1301.9881591796875	1357.9964599609375
358.7049865722656	1420.2886962890625	1301.9881591796875	1357.9964599609375
358.80499267578125	1420.2886962890625	1301.9881591796875	1357.9964599609375
358.9110107421875	1420.2886962890625	1301.9881591796875	1357.9964599609375
359.0820007324219	1423.1207275390625	1301.9881591796875	1357.9964599609375
359.2699890136719	1423.1207275390625	1301.9881591796875	1357.9964599609375
359.30499267578125	1420.2886962890625	1301.9881591796875	1357.9964599609375
359.4100036621094	1420.2886962890625	1301.9881591796875	1357.9964599609375
359.5050048828125	1420.2886962890625	1301.9881591796875	1357.9964599609375
359.6099853515625	1420.2886962890625	1301.9881591796875	1357.9964599609375
359.7040100097656	1423.1207275390625	1301.9881591796875	1357.9964599609375
359.8039855957031	1420.2886962890625	1301.9881591796875	1357.9964599609375
359.9079895019531	1420.2886962890625	1301.9881591796875	1357.9964599609375
360.0920104980469	1423.1207275390625	1301.9881591796875	1357.9964599609375
360.2820129394531	1423.1207275390625	1301.9881591796875	1357.9964599609375
360.3320007324219	1420.2886962890625	1301.9881591796875	1357.9964599609375
360.43499755859375	1420.2886962890625	1301.9881591796875	1357.9964599609375
360.53399658203125	1420.2886962890625	1301.9881591796875	1357.9964599609375
360.6400146484375	1420.2886962890625	1301.9881591796875	1357.9964599609375
360.7349853515625	1420.2886962890625	1301.9881591796875	1357.9964599609375
360.8399963378906	1420.2886962890625	1301.9881591796875	1357.9964599609375
360.9460144042969	1420.2886962890625	1301.9881591796875	1357.9964599609375
361.12200927734375	1423.1207275390625	1301.9881591796875	1357.9964599609375
361.32000732421875	1423.1207275390625	1301.9881591796875	1357.9964599609375
361.3699951171875	1420.2886962890625	1299.1473388671875	1357.9964599609375
361.4750061035156	1420.2886962890625	1301.9881591796875	1357.9964599609375
361.5790100097656	1420.2886962890625	1301.9881591796875	1357.9964599609375
361.6839904785156	1423.1207275390625	1301.9881591796875	1357.9964599609375
361.7900085449219	1420.2886962890625	1301.9881591796875	1357.9964599609375
361.8940124511719	1420.2886962890625	1301.9881591796875	1357.9964599609375
361.9989929199219	1420.2886962890625	1301.9881591796875	1357.9964599609375
362.31201171875	1420.2886962890625	1301.9881591796875	1357.9964599609375
362.3599853515625	1420.2886962890625	1301.9881591796875	1357.9964599609375
362.46600341796875	1420.2886962890625	1301.9881591796875	1357.9964599609375
362.5719909667969	1423.1207275390625	1301.9881591796875	1357.9964599609375
362.6759948730469	1423.1207275390625	1301.9881591796875	1357.9964599609375
362.781005859375	1420.2886962890625	1301.9881591796875	1357.9964599609375
362.8869934082031	1420.2886962890625	1301.9881591796875	1357.9964599609375
362.9909973144531	1420.2886962890625	1301.9881591796875	1357.9964599609375
363.3179931640625	1423.1207275390625	1301.9881591796875	1357.9964599609375
