0.123999997973442	234.610424554714
1.01199996471405	-48.0555061169695
3.28299999237061	-8.58772526919851
3.38800001144409	-9.47683010552453
3.49300003051758	-10.3659349418506
3.59699988365173	-11.2465707094885
3.70199990272522	-12.1356755458146
3.82100009918213	-13.1433291741396
3.91300010681152	-13.9223542871549
4.01499986648560	-10.3200113548246
4.12099981307983	20.3427160173196
4.22800016403198	51.2948315172352
4.33400011062622	81.9575588893822
4.43900012969971	112.331036068998
4.54400014877319	142.704513248611
4.64900016784668	173.077990428227
4.75400018692017	203.451467607843
4.86999988555908	237.006834840541
4.97599983215332	267.669562212688
5.08099985122681	251.702500471440
5.18499994277954	222.287602245592
5.29199981689453	192.024259586174
5.39699983596802	162.326546549135
5.50199985504150	132.628833512097
5.60900020599365	102.365355986294
5.71400022506714	72.6676429492541
5.82299995422363	41.8386706674595
5.92299985885620	13.5551665527519
6.02799987792969	-8.12485143331979
6.13399982452393	-7.75255955334681
6.23999977111816	-7.38026767337386
6.34600019454956	-7.00797411865851
6.45200014114380	-6.63568223868552
6.55800008773804	-6.26339035871254
6.66300010681152	-5.89461041349521
6.76900005340576	-5.52231853352223
6.87200021743774	-5.16056245781610
6.97700023651123	-4.79178251259873
7.08400011062622	-4.68592968824128
7.18900012969971	-4.65458809788519
7.29400014877319	-4.62324650752910
7.40000009536743	-4.59160644752493
7.50299978256226	-4.56086193879674
7.60799980163574	-4.52952034844065
7.71600008010864	-4.49728320680859
7.82700014114380	-4.46415065623229
7.92600011825562	-4.43460002609641
8.02999973297119	-4.42146636525877
8.13599967956543	-4.45310642526294
8.24100017547607	-4.48444815795076
8.34500026702881	-4.51549127865878
8.44999980926514	-4.54683272668313
8.55599975585938	-4.57847278668730
8.65999984741211	-4.60951590739531
8.76700019836426	-4.64145457937929
8.88000011444092	-4.67518406925175
8.98299980163574	-4.70592857797995
9.08899974822998	-4.71100298899250
9.19400024414063	-4.71100298899250
9.29899978637695	-4.71100298899250
9.40600013732910	-4.71100298899250
9.51099967956543	-4.71100298899250
9.61499977111816	-4.71100298899250
9.72099971771240	-4.71100298899250
9.82800006866455	-4.71100298899250
9.93200016021729	-4.71100298899250
10.0360002517700	-6.58037990777961
10.1420001983643	-12.0846151231894
10.2469997406006	-17.5369025681155
10.3529996871948	-23.0411377835200
10.4589996337891	-28.5453729989297
10.5629997253418	-33.9457621946068
10.6680002212524	-39.3980991607623
10.7720003128052	-44.7984883564446
10.8850002288818	-50.6662094015099
10.9890003204346	-56.0665985971922
11.0959997177124	-51.5498349968462
11.1999998092651	-46.0378773448038
11.3050003051758	-40.4728987158190
11.4079999923706	-35.0139620407136
11.5129995346069	-29.4490339560393
11.6169996261597	-23.9370763039916
11.7239999771118	-18.2661062654431
11.8409996032715	-12.0651791790446
11.9329996109009	-7.18922052872106
12.0399999618530	-3.68114118053015
12.1429996490479	-3.79163643043695
12.2489995956421	-3.90535027664380
12.3549995422363	-4.01906412285065
12.4600000381470	-4.13170578567471
12.5649995803833	-4.24434642542293
12.6689996719360	-4.35591488178825
12.7729997634888	-4.46748333815368
12.8950004577637	-4.59836234924428
12.9989995956421	-4.70992978253388
13.1040000915527	-4.71100298899250
13.2110004425049	-4.71100298899250
13.3140001296997	-4.71100298899250
13.4189996719360	-4.71100298899250
13.5229997634888	-4.71100298899250
13.6280002593994	-4.71100298899250
13.7329998016357	-4.71100298899250
13.8450002670288	-4.71100298899250
13.9449996948242	-4.71100298899250
14.0520000457764	-4.71100298899250
14.1560001373291	-4.71100298899250
14.2600002288818	-4.71100298899250
14.3660001754761	-4.71100298899250
14.4720001220703	-4.71100298899250
14.5760002136230	-4.71100298899250
14.6820001602173	-4.71100298899250
14.7880001068115	-4.71100298899250
14.8940000534058	-4.71100298899250
14.9989995956421	-4.71100298899250
15.1040000915527	-4.71100298899250
15.2100000381470	-4.71100298899250
15.3159999847412	-4.71100298899250
15.4209995269775	-4.71100298899250
15.5270004272461	-4.71100298899250
15.6309995651245	-4.71100298899250
15.7360000610352	-4.71100298899250
15.8459997177124	-4.71100298899250
15.9479999542236	-4.71100298899250
16.0529994964600	2.56342928905267
16.1580009460449	16.9753762908211
16.2619991302490	31.2496203603538
16.3680000305176	45.7987467090866
16.4640007019043	58.9752942103725
16.5559997558594	71.6026007385711
16.6620006561279	86.1517270872902
16.7539997100830	98.7790336154888
16.8780002593994	115.798697172544
16.9850006103516	130.485002868228
17.0860004425049	144.659195983231
17.1909999847412	159.451181578306
17.2959995269775	174.243167173381
17.3999996185303	188.894353486873
17.5060005187988	203.827407064459
17.6040000915527	217.633260286531
17.7089996337891	232.425245881621
17.8500003814697	252.288961324231
17.9209995269775	262.291084335877
18.0279998779297	265.632762155257
18.1340007781982	236.150582228953
18.2390003204346	206.946911424725
18.3439998626709	177.743240620524
18.4500007629395	148.261060694192
18.5559997558594	118.779411261444
18.6620006561279	89.2972313351391
18.7670001983643	60.0935605309107
18.9029998779297	22.2677777997199
19.0060005187988	-3.31176767663956
19.1119995117188	21.4056840872283
19.2169990539551	45.8900782211677
19.3220005035400	70.3749171215690
19.4300003051758	95.5589289117082
19.5319995880127	119.343705389471
19.6380004882813	144.061601919801
19.7430000305176	168.545996053740
19.8680000305176	197.694211384572
19.9540004730225	217.748286718009
20.0599994659424	214.483700833470
20.1650009155273	189.998861933069
20.2700004577637	165.514467799106
20.3759994506836	140.797016035261
20.4810009002686	116.312177134837
20.5860004425049	91.8277830008974
20.6909999847412	67.3433888669580
20.7970008850098	42.6254923366283
20.9200000762939	13.9438370320919
21.0160007476807	-5.35615743012755
21.1210002899170	-9.58976715529095
21.2250003814697	-13.7830787606361
21.3299999237061	-18.0166884858035
21.4370002746582	-22.3309713554111
21.5419998168945	-26.5645810805745
21.6469993591309	-30.7981908057419
21.7509994506836	-34.9915024110871
21.8740005493164	-39.9509397218297
21.9619998931885	-43.4990968860438
22.0659999847412	-24.2470734852955
22.1879997253418	14.1721286274885
22.2959995269775	48.1825796887435
22.4360008239746	92.2706908511453
22.5259990692139	120.612232862814
22.6319999694824	153.993205572297
22.7350006103516	186.429360106880
22.8719997406006	229.572052447047
22.9340000152588	249.096693002961
23.0419998168945	270.079601605297
23.1459999084473	270.571649715583
23.2509994506836	271.068426454593
23.3439998626709	271.508432576616
23.4489994049072	272.005209315625
23.5540008544922	272.501995078736
23.6590003967285	272.998771817745
23.7560005187988	273.457701478764
23.8850002288818	274.068028475847
23.9650001525879	274.446526328059
24.0709991455078	254.780415622825
24.1749992370605	225.730785407446
24.2800006866455	196.401452740683
24.3840007781982	167.351822525305
24.4899997711182	137.743852940315
24.5930004119873	108.973392409728
24.6979999542236	79.6445925095575
24.8029994964600	50.3157926093597
24.9349994659424	13.4451490872635
25.0400009155273	-3.42930997966140
25.1439990997314	-0.0970426072672304
25.2490005493164	3.26737098498854
25.3549995422363	6.66374745364333
25.4599990844727	10.0280999314137
25.5650005340576	13.3925135236663
25.6550006866455	16.2762616801783
25.7609996795654	19.6726381488330
25.8880004882813	23.7419462275311
25.9580001831055	25.9848478793759
26.0559997558594	30.9278227678977
26.1599998474121	37.6084350121186
26.2639999389648	44.2890472563398
26.3689994812012	51.0338608139955
26.4650001525879	57.2006175076129
26.5699996948242	63.9454310652623
26.6749992370605	70.6902446229116
26.7789993286133	77.3708568671390
26.8899993896484	84.5011233485353
26.9750003814697	89.9612980296756
27.0799999237061	83.8649405415083
27.1760005950928	74.6221695170830
27.2800006866455	64.6092287859821
27.3740005493164	55.5590920062625
27.4799995422363	45.3537006665299
27.5739994049072	36.3035638868099
27.6779994964600	26.2906231556998
27.7830009460449	16.1812734842094
27.9190006256104	3.08747029031516
28.0219993591309	-4.71100298899250
28.1159992218018	-4.71100298899250
28.2210006713867	-4.71100298899250
28.3260002136230	-4.71100298899250
28.4309997558594	-4.71100298899250
28.5349998474121	-4.71100298899250
28.6259994506836	-4.71100298899250
28.7250003814697	-4.71100298899250
28.8299999237061	-4.71100298899250
28.9230003356934	-4.71100298899250
29.0149993896484	-4.71100298899250
29.1140003204346	-4.71100298899250
29.2189998626709	-4.71100298899250
29.3159999847412	-4.71100298899250
29.4200000762939	-4.71100298899250
29.5249996185303	-4.71100298899250
29.6299991607666	-4.71100298899250
29.7250003814697	-4.71100298899250
29.8290004730225	-4.71100298899250
29.9360008239746	-4.71100298899250
30.0429992675781	-4.71100298899250
30.1490001678467	-4.71100298899250
30.2530002593994	-4.71100298899250
30.3579998016357	-4.71100298899250
30.4619998931885	-4.71100298899250
30.5680007934570	-4.71100298899250
30.6720008850098	-4.71100298899250
30.7770004272461	-4.71100298899250
30.8889999389648	-4.71100298899250
30.9890003204346	-4.71100298899250
31.0849990844727	-4.71100298899250
31.1900005340576	-4.71100298899250
31.2950000762939	-4.71100298899250
31.3990001678467	-4.71100298899250
31.4950008392334	-4.71100298899250
31.5949993133545	-4.71100298899250
31.6949996948242	-4.71100298899250
31.7950000762939	-4.71100298899250
31.9230003356934	-4.71100298899250
32.0149993896484	-4.70983297921864
32.1150016784668	-4.70203241812458
32.2210006713867	-4.69376409116977
32.3269996643066	-4.68549576421495
32.4239997863770	-4.67792938361225
32.5289993286133	-4.66973901763423
32.6360015869141	-4.66139243214163
32.7340011596680	-4.65374809056215
32.8440017700195	-4.64516762213918
32.9440002441406	-4.63736735860610
33.0359992980957	-4.63580724638729
33.1389999389648	-4.64384169041172
33.2350006103516	-4.65133011003763
33.3400001525879	-4.65952047601565
33.4469985961914	-4.66786676394726
33.5449981689453	-4.67551110552675
33.6489982604980	-4.68362351052798
33.7540016174316	-4.69181417406698
33.8610000610352	-4.70016046199860
33.9640007019043	-4.70819490602303
34.0709991455078	-2.47590205987079
34.1640014648438	0.451873603788973
34.2700004577637	3.78879330707206
34.3759994506836	7.12571301035515
34.4819984436035	10.4626327136382
34.5870018005371	13.7682091253630
34.6930007934570	17.1051288286460
34.7980003356934	20.4105851511331
34.9230003356934	24.3456693573159
35.0110015869141	26.4233332932012
35.1160011291504	23.1178769707173
35.2210006713867	19.8124206482334
35.3269996643066	16.4755009449503
35.4309997558594	13.2015080032622
35.5239982604980	10.2738524288466
35.6290016174316	6.96827601712184
35.7350006103516	3.63135631383562
35.8390007019043	0.357363372150876
35.9749984741211	-3.92393811206028
36.0740013122559	10.3119207835616
36.1669998168945	29.1914433698086
36.2700004577637	50.1014884640261
36.3650016784668	69.3875802023301
36.4550018310547	87.6584106866706
36.5600013732910	108.974250515487
36.6539993286133	128.056670469063
36.7610015869141	149.779079449936
36.8639984130859	170.688350126695
36.9640007019043	190.989703118984
37.0690002441406	196.858309617708
37.1739997863770	194.667675684312
37.2649993896484	192.769126275372
37.3699989318848	190.578492341976
37.4739990234375	188.408710219320
37.5789985656738	186.218076285926
37.6839981079102	184.027442352530
37.7890014648438	181.836728832071
37.9290008544922	178.915883587546
37.9910011291504	177.622355038247
38.0960006713867	175.244795715679
38.2019996643066	172.826916592028
38.3069992065430	170.431835335377
38.4109992980957	168.059551945731
38.5169982910156	165.641672822080
38.6220016479492	163.246504550671
38.7260017395020	160.874221161022
38.8310012817383	158.479139904374
38.9749984741211	155.194506760832
39.0810012817383	142.096742588393
39.1850013732910	126.012330829080
39.2900009155273	109.773346356530
39.3940010070801	93.6889345972009
39.5000000000000	77.2953774114142
39.6040000915527	61.2109656521009
39.7099990844727	44.8174084662988
39.8160018920898	28.4232613083341
39.9620018005371	5.84325575998800
40.0540008544922	-0.286048673225773
40.1450004577637	-0.711703483953039
40.2449989318848	-1.17945092509341
40.3489990234375	-1.66591611498449
40.4449996948242	-2.11496365079494
40.5480003356934	-2.59675386435404
40.6459999084473	-3.05515135282945
40.7500000000000	-3.54161654272053
40.8460006713867	-3.99066407853099
40.9780006408691	-4.60809997941512
41.0750007629395	-4.71100298899250
41.1739997863770	-4.71100298899250
41.2789993286133	-4.71100298899250
41.3750000000000	-4.71100298899250
41.4799995422363	-4.71100298899250
41.5740013122559	-4.71100298899250
41.6660003662109	-4.71100298899250
41.7659988403320	-4.71100298899250
41.8689994812012	-4.71100298899250
41.9669990539551	-4.71100298899250
42.0730018615723	-3.20865839261593
42.1769981384277	-1.06846304400485
42.2820014953613	1.09245754751128
42.3870010375977	3.25329963432077
42.4920005798340	5.41414172112820
42.5960006713867	7.55441557444798
42.7010002136230	9.71525766125541
42.8050003051758	11.8555315145774
42.9350013732910	14.5308934574043
43.0159988403320	15.5392864312489
43.1199989318848	13.3990125779271
43.2280006408691	11.1763872859502
43.3240013122559	9.20073780523595
43.4300003051758	7.01932748494086
43.5349998474121	4.85848539813342
43.6389999389648	2.71821154481365
43.7340011596680	0.763130297587228
43.8380012512207	-1.37714355573270
43.9659996032715	-4.01129052687763
44.0660018920898	5.40062918837696
44.1689987182617	21.1799650333202
44.2659988403320	36.0405928801760
44.3720016479492	52.2804515638508
44.4650001525879	66.5280229921438
44.5649986267090	81.8480048380433
44.6699981689453	97.9341611021861
44.7639999389648	112.335434949997
44.8639984130859	127.655416795896
44.9850006103516	146.193214314481
45.0890007019043	134.856053719810
45.1940002441406	118.769897455667
45.2840003967285	104.981680026418
45.3889999389648	88.8955237622747
45.4939994812012	72.8093674981167
45.5989990234375	56.7232112339739
45.6940002441406	42.1688193864825
45.7999992370605	25.9295451226580
45.9389991760254	4.63445477013365
46.0050010681152	-4.71100298899250
46.1090011596680	-4.71100298899250
46.2060012817383	-4.71100298899250
46.3089981079102	-4.71100298899250
46.4049987792969	-4.71100298899250
46.5099983215332	-4.71100298899250
46.6160011291504	-4.71100298899250
46.7140007019043	-4.71100298899250
46.8190002441406	-4.71100298899250
46.9490013122559	-4.71100298899250
47.0139999389648	-4.71100298899250
47.1189994812012	-4.71100298899250
47.2239990234375	-4.71100298899250
47.3279991149902	-4.71100298899250
47.4259986877441	-4.71100298899250
47.5239982604980	-4.71100298899250
47.6290016174316	-4.71100298899250
47.7249984741211	-4.71100298899250
47.8160018920898	-4.71100298899250
47.9550018310547	-4.71100298899250
48.0149993896484	-0.850301775524179
48.1199989318848	26.1755885858795
48.2159996032715	50.8852545925815
48.3230018615723	78.4266251516009
48.4140014648438	101.849063464805
48.5159988403320	128.102224463249
48.6160011291504	153.841868998180
48.7159996032715	179.580531666060
48.8050003051758	202.488471648677
48.9490013122559	239.552970658744
49.0149993896484	248.818849944497
49.1199989318848	221.792959583093
49.2239990234375	195.024318387010
49.3300018310547	167.740196993285
49.4339981079102	140.972537664228
49.5390014648438	113.945665435798
49.6450004577637	86.6625259091249
49.7360000610352	63.2400875959206
49.8419990539551	35.9569480692480
49.9850006103516	-0.850301775524179
50.0900001525879	20.5497066283181
50.1850013732910	47.2140864150902
50.2919998168945	77.2457756473114
50.4000015258789	107.559055462739
50.5060005187988	137.310224798390
50.5940017700195	162.009894622562
50.6990013122559	191.480544061671
50.8050003051758	221.231713397322
50.9510002136230	262.210102715458
51.0139999389648	272.033652528513
51.1189994812012	242.563003089404
51.2140007019043	215.898623302634
51.3059997558594	190.076873892181
51.3950004577637	165.096684171441
51.5009994506836	135.345514835790
51.5950012207031	108.961654945590
51.6949996948242	80.8946756759689
51.7949981689453	52.8276964063476
51.9599990844727	6.51621699349450
51.9959983825684	-3.58785271610332
52.1020011901855	-4.71100298899250
52.1949996948242	-4.71100298899250
52.2939987182617	-4.71100298899250
52.3989982604980	-4.71100298899250
52.4939994812012	-4.71100298899250
52.5929985046387	-4.71100298899250
52.6990013122559	-4.71100298899250
52.8030014038086	-4.71100298899250
52.9640007019043	-4.71100298899250
53.0130004882813	-4.71100298899250
53.1180000305176	-4.71100298899250
53.2229995727539	-4.71100298899250
53.3279991149902	-4.71100298899250
53.4329986572266	-4.71100298899250
53.5359992980957	-4.71100298899250
53.6399993896484	-4.71100298899250
53.7449989318848	-4.71100298899250
53.8510017395020	-4.71100298899250
54.0040016174316	-4.71100298899250
54.1090011596680	-4.71100298899250
54.2130012512207	-4.71100298899250
54.3199996948242	-4.71100298899250
54.4239997863770	-4.71100298899250
54.5279998779297	-4.71100298899250
54.6339988708496	-4.71100298899250
54.7379989624023	-4.71100298899250
54.8440017700195	-4.71100298899250
54.9650001525879	-4.71100298899250
55.0600013732910	11.7752793953866
55.1539993286133	37.6026355040863
55.2589988708496	66.4528435675372
55.3629989624023	95.0284374797556
55.4550018310547	120.307613431615
55.5600013732910	149.157821495066
55.6660003662109	178.282643709750
55.7719993591309	207.407465924461
55.8759994506836	235.983059836679
56.0229988098145	263.734811295199
56.1300010681152	234.334326783687
56.2350006103516	205.484118720209
56.3380012512207	177.183138959221
56.4449996948242	147.783702593307
56.5480003356934	119.482722832292
56.6529998779297	90.6325147688407
56.7589988708496	61.5076925541570
56.8639984130859	32.6574844907060
57.0270004272461	-4.71100298899250
57.1310005187988	-4.71100298899250
57.2260017395020	-4.71100298899250
57.3149986267090	-4.71100298899250
57.4140014648438	-4.71100298899250
57.5149993896484	-4.71100298899250
57.6049995422363	-4.71100298899250
57.7039985656738	-4.71100298899250
57.8050003051758	-4.71100298899250
57.9220008850098	-4.71100298899250
58.0330009460449	2.88213498327028
58.1250000000000	24.0500587466759
58.2299995422363	48.2092452784771
58.3260002136230	70.2978951698245
58.4309997558594	94.4570817016501
58.5349998474121	118.386306130949
58.6419982910156	143.005416867753
58.7459983825684	166.934641297076
58.8499984741211	190.863865726375
59.0040016174316	224.621906056880
59.0610008239746	213.859323910483
59.1660003662109	194.033325143295
59.2719993591309	174.018610238867
59.3759994506836	154.381327608902
59.4819984436035	134.366612704493
59.5750007629395	116.805927874538
59.6749992370605	97.9242300840689
59.7659988403320	80.7416978191646
59.8639984130859	62.2374323031195
60.0139999389648	36.5402662576963
60.0629997253418	36.4794867578781
60.1549987792969	36.3653708219410
60.2560005187988	36.2400879245737
60.3540000915527	36.1185289249376
60.4459991455078	36.0044129890004
60.5349998474121	35.8940162190311
60.6349983215332	35.7699777754164
60.7270011901855	35.6558571077160
60.8260002136230	35.5330583860906
60.9300003051758	35.4040563227553
61.0569992065430	33.0948833943048
61.1629981994629	28.9620830661287
61.2700004577637	24.7901663710776
61.3740005493164	20.7353013137829
61.4799995422363	16.6025009856068
61.5859985351563	12.4697006574269
61.6899986267090	8.41483560013216
61.7939987182617	4.35997054283745
61.9000015258789	0.227021483227023
62.0540008544922	0.373172166946798
62.1609992980957	8.38801434876953
62.2659988403320	16.2531265115789
62.3720016479492	24.1933894282082
62.4770011901855	32.0585015910175
62.5820007324219	39.9236137538349
62.6749992370605	46.8897743139446
62.7649993896484	53.6313398455429
62.8709983825684	61.5713170178664
63.0120010375977	73.0423211385581
63.0550003051758	79.5202770247638
63.1619987487793	95.6398817668003
63.2669982910156	111.458346614906
63.3730010986328	127.427956104438
63.4780006408691	143.246420952544
63.5820007324219	158.914315853700
63.6860008239746	174.582210754840
63.7919998168945	190.551245549912
63.8979988098145	206.520280344999
64.0630035400391	216.753757721001
64.1679992675781	208.199123819263
64.2740020751953	199.562437041843
64.3799972534180	190.926371877116
64.4850006103516	182.371116362676
64.5899963378906	173.816482460938
64.6839981079102	166.157592451966
64.7880020141602	157.683768200507
64.8939971923828	149.047703035788
65.0250015258789	143.251415821965
65.0859985351563	150.181228001086
65.1930007934570	162.337652743049
65.2839965820313	172.675597691189
65.3889999389648	184.604929150984
65.4840011596680	195.397927431708
65.5759963989258	205.849419020920
65.6800003051758	217.665203839642
65.7750015258789	228.458202120358
65.8750000000000	239.818933606493
66.0279998779297	247.937671773991
66.0739974975586	237.945642703975
66.1650009155273	218.177037172853
66.2699966430664	195.368892528357
66.3629989624023	175.166067123899
66.4690017700195	152.139155214981
66.5650024414063	131.285000000490
66.6650009155273	109.562405039367
66.7699966430664	86.7542603948713
66.8750000000000	63.9444584226245
67.0299987792969	38.1804479605289
67.0770034790039	40.3578687862199
67.1740036010742	44.8512510906915
67.2789993286133	49.7150175901537
67.3750000000000	54.1621018702516
67.4789962768555	58.9795703453403
67.5749969482422	63.4266546254382
67.6669998168945	67.6885468080404
67.7639999389648	72.1819291125119
67.8690032958984	77.0460490320062
68.0299987792969	80.5646815501433
68.0660018920898	77.5047851517176
68.1640014648438	69.1758236687985
68.2689971923828	60.2522605759421
68.3639984130859	52.1781283544417
68.4700012207031	43.1689737539296
68.5640029907227	35.1797846195567
68.6679992675781	26.3411646138363
68.7730026245117	17.4169531004602
68.8649978637695	9.59829856087885
69.0380020141602	-0.661899167418957
69.0719985961914	0.423789657765283
69.1660003662109	3.42575824284287
69.2710037231445	6.77906508777812
69.3629989624023	9.71695464210621
69.4670028686523	13.0383437949182
69.5660018920898	16.1999008406113
69.6640014648438	19.3295401941847
69.7679977416992	22.6506857004896
69.8730010986328	26.0039925454244
70.0309982299805	32.9091387581234
70.0800018310547	37.4136275384620
70.1740036010742	46.0544194211573
70.2799987792969	55.7976644196453
70.3769989013672	64.7140695812884
70.4800033569336	74.1824026068779
70.5849990844727	83.8337765123837
70.6750030517578	92.1070840231477
70.7809982299805	101.850329021636
70.8750000000000	110.491120904331
71.0350036621094	124.985246186373
71.0839996337891	129.189958170365
71.1849975585938	137.857347962342
71.2900009155273	146.868473941103
71.3860015869141	155.107011919085
71.4899978637695	164.031712799454
71.5950012207031	173.042838778224
71.6930007934570	181.452917481799
71.7990036010742	190.549813823370
71.9029998779297	199.474514703749
72.0510025024414	203.236908514981
72.1050033569336	198.406806639125
72.2089996337891	189.104868426380
72.3150024414063	179.623456238878
72.4199981689453	170.232122244038
72.5240020751953	160.929501620746
72.6309967041016	151.359376061686
72.7340011596680	142.146151220500
72.8389968872070	132.754817225659
72.9430007934570	123.452196602367
73.0999984741211	110.197721136525
73.1930007934570	102.612163014125
73.2860031127930	95.0266048917173
73.3860015869141	86.8704186480465
73.4909973144531	78.3066408891919
73.5849990844727	70.6395644637452
73.6760025024414	63.2170429474221
73.7740020751953	55.2238933098298
73.8799972534180	46.5785972479278
73.9929962158203	37.3620507876435
74.1119995117188	36.3737424814008
74.2040023803711	36.0311470242630
74.3089981079102	35.6401694406212
74.4049987792969	35.2826871753283
74.5120010375977	34.8842377776700
74.6050033569336	34.5379206184933
74.7099990844727	34.1469430348516
74.8050003051758	33.7931824715974
74.9100036621094	33.4021764780166
75.0839996337891	30.1120266818539
75.1340026855469	28.3529675168204
75.2259979248047	25.1166636700129
75.3300018310547	21.4579064930610
75.4349975585938	17.7642579991326
75.5250015258789	14.5980051810226
75.6309967041016	10.8691969753732
75.7360000610352	7.17528008670027
75.8339996337891	3.72774957482032
75.9380035400391	0.0689923978684091
76.0999984741211	1.77823570095380
76.1350021362305	3.13997559660121
76.2399978637695	7.22460167416755
76.3349990844727	10.9204136141415
76.4349975585938	14.8106326229119
76.5410003662109	18.9344369189215
76.6449966430664	22.9801815827320
76.7500000000000	27.0651044649857
76.8560028076172	31.1889087609998
76.9599990844727	35.2346534248097
77.0970001220703	39.0816837208666
77.1760025024414	40.9475085516725
77.2829971313477	43.4744353915787
77.3870010375977	45.9307293648807
77.4850006103516	48.2452170473237
77.5849990844727	50.6069134314250
77.6910018920898	53.1104161063832
77.7850036621094	55.3304863855115
77.8750000000000	57.4559590754367
77.9789962768555	59.9120728628552
78.1250000000000	91.7337807816432
78.1760025024414	104.515275627876
78.2779998779297	130.076353354027
78.3750000000000	154.385093140861
78.4779968261719	180.196638454877
78.5749969482422	204.505378241711
78.6740036010742	229.316965170584
78.7779998779297	255.378978072462
78.8730010986328	279.186782683569
78.9789962768555	305.749730761174
79.1340026855469	274.266812732268
79.1839981079102	260.556939341104
79.2900009155273	231.488576622253
79.3830032348633	205.985241258550
79.4879989624023	177.193042630586
79.5859985351563	150.319347573416
79.6890029907227	122.073200670619
79.7829971313477	96.2978855204444
79.8870010375977	67.7776666789523
79.9850006103516	40.9039716218098
80.1640014648438	36.8196152753358
80.2699966430664	36.8382385174436
80.3740005493164	36.8565118951456
80.4779968261719	36.8747839323709
80.5830001831055	36.8932329125141
80.6880035400391	36.9116818926573
80.7910003662109	36.9297783274413
80.8970031738281	36.9484029100257
81.0029983520508	36.9659725374861
81.1399993896484	36.9419015982700
81.2009963989258	36.9311844874479
81.2939987182617	36.9148440770762
81.4000015258789	36.8962194944917
81.5039978027344	36.8779474572664
81.5950012207031	36.8619582517772
81.6999969482422	36.8435106121107
81.8050003051758	36.8250616319675
81.9039993286133	36.8076676069484
82.0039978027344	36.7908003892530
82.1409988403320	36.7908003892530
82.1940002441406	36.7908003892530
82.2860031127930	36.7908003892530
82.3830032348633	36.7908003892530
82.4879989624023	36.7908003892530
82.5920028686523	36.7908003892530
82.6959991455078	36.7908003892530
82.8010025024414	36.7908003892530
82.9059982299805	36.7908003892530
83.0110015869141	38.9454897249520
83.1579971313477	67.7349484147938
83.2340011596680	82.6205345189174
83.3389968872070	103.184220120692
83.4459991455078	124.140889977187
83.5500030517578	144.510324806684
83.6449966430664	163.115066081780
83.7480010986328	183.288755902276
83.8470001220703	202.677971450072
83.9499969482422	222.850167033867
84.0550003051758	221.871441988870
84.1849975585938	196.411142688700
84.2910003662109	175.650217841226
84.3850021362305	157.239727338407
84.4850006103516	137.654766781610
84.5899963378906	117.091081179838
84.6839981079102	98.6805906770194
84.7890014648438	78.1154108385212
84.8850021362305	59.3134303177254
84.9850006103516	39.7284697609283
85.1520004272461	36.7908003892530
85.1859970092773	36.7908003892530
85.2860031127930	36.7908003892530
85.3850021362305	36.7908003892530
85.4830017089844	36.7908003892530
85.5889968872070	36.7908003892530
85.6940002441406	36.7908003892530
85.7850036621094	36.7908003892530
85.8899993896484	36.7908003892530
85.9840011596680	36.7908003892530
86.1689987182617	58.4617932340972
86.2040023803711	62.9503723127931
86.3089981079102	76.4141528884282
86.4059982299805	88.8526433867954
86.4950027465820	100.265843807897
86.5999984741211	113.729624383530
86.6940002441406	125.783631102922
86.7839965820313	137.324014453473
86.8830032348633	150.019805801378
86.9739990234375	161.688350411573
87.0660018920898	160.196973192123
87.2180023193359	149.083926484287
87.3160018920898	141.918987220012
87.4140014648438	134.754047955730
87.5059967041016	128.028097185111
87.6090011596680	120.497241209481
87.7050018310547	113.478445509804
87.8079986572266	105.948147334036
87.9039993286133	98.9293516343599
88.0080032348633	92.9709652586506
88.1900024414063	117.085421334169
88.2399978637695	123.709694260707
88.3359985351563	136.429551766407
88.4410018920898	150.342243401995
88.5459976196289	164.253924161222
88.6510009765625	178.166615796824
88.7460021972656	190.754048496560
88.8450012207031	203.871180420092
88.9349975585938	215.795478213721
89.0250015258789	219.717425086074
89.2080001831055	185.383702953137
89.2440032958984	178.628894533852
89.3499984741211	158.742360656048
89.4530029296875	139.416938221431
89.5589981079102	119.530404343628
89.6660003662109	99.4549247757973
89.7699966430664	79.9434194646085
89.8740005493164	60.4304827466848
89.9789962768555	40.7314631521910
90.0830001831055	39.6476445998618
90.2740020751953	46.2218788872549
90.3750000000000	49.6982005767513
90.4789962768555	53.2777247457747
90.5839996337891	56.8919123430355
90.6740036010742	59.9898249409322
90.7789993286133	63.6037499364645
90.8830032348633	67.1835367072160
90.9879989624023	70.7974617027452
91.0930023193359	70.5245697679557
91.2699966430664	69.2190989408120
91.3730010986328	68.4593609504995
91.4769973754883	67.6923075066098
91.5820007324219	66.9178260637038
91.6859970092773	66.1507726198148
91.7900009155273	65.3836629032055
91.8960037231445	64.6018097340029
92	63.8347562901132
92.1050033569336	71.2800675692479
92.2760009765625	83.4047323733781
92.3789978027344	90.7077696667259
92.4749984741211	97.5147413898476
92.5749969482422	104.605179153099
92.6790008544922	111.979623922202
92.7750015258789	118.786595645325
92.8740005493164	125.806166898544
92.9800033569336	133.322344687710
93.0739974975586	127.492204222347
93.2340011596680	111.819939046500
93.2850036621094	106.824273745122
93.3860015869141	96.9315860473416
93.4909973144531	86.6473159085942
93.5839996337891	77.5377930927600
93.6750030517578	68.6240614974260
93.7809982299805	58.2418957484236
93.8750000000000	49.0344773223551
93.9739990234375	39.3375808450643
94.0790023803711	36.7908003892530
94.2429962158203	36.7908003892530
94.2939987182617	36.7908003892530
94.3850021362305	36.7908003892530
94.4769973754883	36.7908003892530
94.5820007324219	36.7908003892530
94.6760025024414	36.7908003892530
94.7799987792969	36.7908003892530
94.8750000000000	36.7908003892530
94.9789962768555	36.7908003892530
95.0820007324219	36.7908003892530
95.2570037841797	36.7908003892530
95.3059997558594	36.7908003892530
95.4110031127930	36.7908003892530
95.5049972534180	36.7908003892530
95.6090011596680	36.7908003892530
95.7050018310547	36.7908003892530
95.8040008544922	36.7908003892530
95.9079971313477	36.7908003892530
96.0059967041016	36.7908003892530
96.1110000610352	36.7908003892530
96.2600021362305	36.7908003892530
96.3249969482422	36.7908003892530
96.4169998168945	36.7908003892530
96.5199966430664	36.7908003892530
96.6159973144531	36.7908003892530
96.7160034179688	36.7908003892530
96.8199996948242	36.7908003892530
96.9140014648438	36.7908003892530
97.0149993896484	36.7908003892530
97.1039962768555	36.7908003892530
97.2939987182617	36.7908003892530
97.3430023193359	36.7908003892530
97.4329986572266	36.7908003892530
97.5270004272461	36.7908003892530
97.6309967041016	36.7908003892530
97.7340011596680	36.7908003892530
97.8410034179688	36.7908003892530
97.9449996948242	36.7908003892530
98.0500030517578	47.8592948274738
98.1559982299805	71.3220035901084
98.3000030517578	103.198389388310
98.3639984130859	117.364170796272
98.4649963378906	139.720705641135
98.5690002441406	162.742633651795
98.6650009155273	183.992994578886
98.7699966430664	207.234468557967
98.8649978637695	228.263594701501
98.9700012207031	251.506757495715
99.0630035400391	244.200943193033
99.1689987182617	220.738234430420
99.3270034790039	185.762872847320
99.3659973144531	177.131338658471
99.4700012207031	154.109410647810
99.5640029907227	133.301519287807
99.6689987182617	110.060045308747
99.7649993896484	88.8096843816601
99.8690032958984	65.7877563709996
99.9739990234375	42.5462823919181
100.079002380371	58.8511162283405
100.181999206543	87.6115473078602
100.334999084473	130.334635075945
100.399002075195	148.206579988784
100.504997253418	177.804259173122
100.609001159668	206.845903356494
100.714996337891	236.443582540832
100.820999145508	266.043392127325
100.928001403809	295.922284415519
101.030998229980	307.371066387471
101.136001586914	278.050339502398
101.332000732422	223.320304359239
101.383003234863	209.078564969254
101.486999511719	180.039051188034
101.591003417969	150.997407004661
101.694999694824	121.957893223722
101.801002502441	92.3580836372333
101.904998779297	63.3185698560124
102.010002136230	36.7908003892530
102.115997314453	36.7908003892530
102.220001220703	36.7908003892530
102.367996215820	36.7908003892530
102.405998229980	36.7908003892530
102.510002136230	36.7908003892530
102.614997863770	36.7908003892530
102.712997436523	36.7908003892530
102.818000793457	36.7908003892530
102.921997070313	36.7908003892530
103.014999389648	36.7908003892530
103.111999511719	36.7908003892530
103.204002380371	36.7908003892530
103.371002197266	36.7908003892530
103.405998229980	36.7908003892530
103.503997802734	36.7908003892530
103.610000610352	36.7908003892530
103.704002380371	36.7908003892530
103.807998657227	36.7908003892530
103.913002014160	36.7908003892530
104.017997741699	36.7908003892530
104.112998962402	36.7908003892530
104.216003417969	36.7908003892530
104.386001586914	36.7908003892530
104.448997497559	36.7908003892530
104.555000305176	36.7908003892530
104.643997192383	36.7908003892530
104.745002746582	36.7908003892530
104.847999572754	36.7908003892530
104.945999145508	36.7908003892530
105.044998168945	36.7908003892530
105.150001525879	36.7908003892530
105.252998352051	36.7908003892530
105.433998107910	36.7908003892530
105.537002563477	36.7908003892530
105.639999389648	36.7908003892530
105.744003295898	36.7908003892530
105.849998474121	36.7908003892530
105.954002380371	36.7908003892530
106.058998107910	36.7908003892530
106.163002014160	36.7908003892530
106.269996643066	36.7908003892530
106.434997558594	36.7908003892530
106.540000915527	36.7908003892530
106.646003723145	36.7908003892530
106.750000000000	36.7908003892530
106.853996276855	36.7908003892530
106.958999633789	36.7908003892530
107.063003540039	36.7908003892530
107.166999816895	36.7908003892530
107.272003173828	36.7908003892530
107.439002990723	36.7908003892530
107.533996582031	36.7908003892530
107.638999938965	36.7908003892530
107.736999511719	36.7908003892530
107.839996337891	36.7908003892530
107.944999694824	36.7908003892530
108.036003112793	36.7908003892530
108.138999938965	36.7908003892530
108.244003295898	36.7908003892530
108.433998107910	36.7908003892530
108.539001464844	36.7908003892530
108.642997741699	36.7908003892530
108.747001647949	36.7908003892530
108.852996826172	36.7908003892530
108.958000183105	36.7908003892530
109.063003540039	48.8867612435120
109.167999267578	69.0447429916774
109.274002075195	89.3960726246313
109.440002441406	121.266248970877
109.545997619629	141.616113847231
109.652999877930	162.159326608369
109.758003234863	182.318773113136
109.861999511719	202.284871733312
109.967002868652	222.444318238079
110.071998596191	214.956481971933
110.177001953125	194.797035466972
110.300003051758	171.182227899422
110.444000244141	143.536409884916
110.547996520996	123.570311264935
110.652999877930	103.410864759973
110.758003234863	83.2514182552058
110.861999511719	63.2853196350303
110.964996337891	43.5111041430438
111.072998046875	36.7908003892530
111.175003051758	36.7908003892530
111.279998779297	36.7908003892530
111.468002319336	36.7908003892530
111.572998046875	36.7908003892530
111.677001953125	36.7908003892530
111.780998229980	36.7908003892530
111.886001586914	36.7908003892530
111.991996765137	36.7908003892530
112.095001220703	43.8691595308363
112.194999694824	51.3198544608699
112.315002441406	60.2610294478658
112.447998046875	70.1702774848465
112.553001403809	77.9938766549496
112.657997131348	85.8169073734314
112.762001037598	93.5660393858144
112.866996765137	101.389070104297
112.963996887207	108.616363561246
113.069000244141	124.023472685835
113.172996520996	143.201804511591
113.264999389648	160.168388290256
113.461997985840	196.497616232196
113.568000793457	216.045979696930
113.664001464844	233.749812824748
113.754997253418	250.530677301767
113.861000061035	270.079040766502
113.953002929688	287.045624545350
114.056999206543	280.954192413610
114.152999877930	256.097532986488
114.259002685547	228.651103194006
114.414001464844	188.518551900965
114.449996948242	179.198539250931
114.543998718262	154.859438813660
114.635002136230	131.296676861552
114.724998474121	107.994669820094
114.823997497559	82.3616719080665
114.915000915527	58.7989099559584
115.019996643066	36.7908003892530
115.114997863770	36.7908003892530
115.219001770020	36.7908003892530
115.327003479004	36.7908003892530
115.472999572754	36.7908003892530
115.564002990723	36.7908003892530
115.668998718262	36.7908003892530
115.774002075195	36.7908003892530
115.877998352051	36.7908003892530
115.981002807617	36.7908003892530
116.085998535156	36.7908003892530
116.184997558594	36.7908003892530
116.289001464844	36.7908003892530
116.472000122070	36.7908003892530
116.578002929688	36.7908003892530
116.681999206543	36.7908003892530
116.786003112793	36.7908003892530
116.890998840332	36.7908003892530
116.997001647949	36.7908003892530
117.100997924805	36.7908003892530
117.204002380371	36.7908003892530
117.309997558594	36.7908003892530
117.477996826172	36.7908003892530
117.581001281738	36.7908003892530
117.688003540039	36.7908003892530
117.790000915527	36.7908003892530
117.897003173828	36.7908003892530
118	36.7908003892530
118.107002258301	62.7560264095010
118.209999084473	87.7492920974216
118.305000305176	110.802339826694
118.464996337891	149.627063881601
118.513999938965	161.518304289943
118.619003295898	186.998475820348
118.714996337891	210.292199441658
118.820999145508	236.014898216986
118.914001464844	258.582891456660
119.021003723145	274.503254029236
119.113998413086	252.595425497908
119.220001220703	227.623125094668
119.314002990723	205.478047127892
119.499000549316	161.896044812047
119.607002258301	136.452840226548
119.710998535156	111.953241349650
119.815002441406	87.4518451284355
119.919998168945	62.7167941604063
120.024002075195	43.6999311038052
120.127998352051	42.9637370480971
120.233001708984	42.2204138298004
120.356002807617	41.3496838344895
120.509002685547	40.2665912078939
120.615997314453	39.5091716908246
120.720001220703	38.7729236263127
120.823997497559	38.0367295706046
120.930000305176	37.2863311985162
121.035003662109	36.7908003892530
121.139999389648	36.7908003892530
121.244003295898	36.7908003892530
121.370002746582	36.7908003892530
121.516998291016	36.7908003892530
121.622001647949	36.7908003892530
121.726997375488	36.7908003892530
121.833000183105	36.7908003892530
121.936996459961	36.7908003892530
122.041000366211	36.7908003892530
122.147003173828	36.7908003892530
122.250000000000	36.7908003892530
122.375000000000	36.7908003892530
122.533996582031	36.7908003892530
122.638000488281	36.7908003892530
122.734001159668	36.7908003892530
122.837997436523	36.7908003892530
122.944000244141	36.7908003892530
123.049003601074	36.7908003892530
123.143997192383	36.7908003892530
123.249000549316	36.7908003892530
123.375000000000	36.7908003892530
123.529998779297	36.7908003892530
123.636001586914	36.7908003892530
123.740997314453	36.7908003892530
123.846000671387	36.7908003892530
123.950996398926	36.7908003892530
124.056999206543	36.7908003892530
124.154998779297	36.7908003892530
124.260002136230	36.7908003892530
124.363998413086	36.7908003892530
124.543998718262	36.7908003892530
124.635002136230	36.7908003892530
124.738998413086	36.7908003892530
124.844001770020	36.7908003892530
124.950996398926	36.7908003892530
125.055000305176	34.5081885380954
125.146003723145	30.7313825787974
125.251998901367	26.3323915331858
125.355003356934	22.0575208711608
125.540000915527	14.3797885689788
125.642997741699	10.1052345406050
125.750000000000	5.66444785556888
125.851997375488	1.43137283296895
125.944999694824	-2.42839113783488
126.051002502441	-1.38920943779428
126.144996643066	4.73262998645295
126.248001098633	11.4413113230796
126.352996826172	18.2796842253885
126.514999389648	28.8309129862659
126.564002990723	32.0225180692665
126.668998718262	38.8608909715753
126.773002624512	45.6346665423008
126.863998413086	51.5612232641201
126.969001770020	58.4000930690102
127.066001892090	74.5561586941669
127.170997619629	97.0455201588722
127.277000427246	119.750591237945
127.375999450684	140.955499998858
127.563003540039	181.010487563187
127.667999267578	203.499849027890
127.765998840332	224.490682338062
127.869003295898	246.553527065132
127.974998474121	269.256963980574
128.065002441406	271.236751524034
128.169998168945	265.784662164030
128.264007568359	260.903057375921
128.369003295898	255.450968015917
128.548995971680	246.104529113010
128.654006958008	240.651647413325
128.753997802734	235.459445469433
128.845001220703	230.733931598895
128.951004028320	225.229547819808
129.044998168945	222.685345097080
129.149993896484	222.685345097080
129.246002197266	222.685345097080
129.345993041992	222.685345097080
129.522994995117	222.685345097080
129.557998657227	222.685345097080
129.664993286133	222.685345097080
129.764999389648	222.685345097080
129.869995117188	222.685345097080
129.964996337891	222.685345097080
130.069000244141	233.989874792420
130.173995971680	251.191659142968
130.279998779297	268.558436629248
130.375000000000	284.122789102208
130.535003662109	310.336698519375
130.583999633789	318.363864563553
130.675003051758	333.273244285543
130.781005859375	350.640021771823
130.873992919922	365.874387973308
130.979003906250	383.078672219843
131.083999633789	392.908031041967
131.175994873047	399.905725345940
131.274993896484	407.436168312248
131.380004882813	415.423916230685
131.580993652344	430.712293966901
131.684005737305	438.547993792090
131.789001464844	446.534581037989
131.893997192383	454.521168283887
131.998001098633	462.432311819431
132.104003906250	459.537780102802
132.208999633789	456.462146935076
132.313995361328	453.386513767350
132.445999145508	449.519735314497
132.598007202148	445.066972981002
132.701995849609	442.020840145938
132.807998657227	438.915706645522
132.912002563477	435.869126835722
133.016998291016	437.653078604865
133.121002197266	464.339829970094
133.227996826172	491.793982049399
133.332000732422	518.480733414628
133.552001953125	574.931669621154
133.602996826172	588.016634859240
133.707000732422	614.703386224469
133.811996459961	641.644632724475
133.916000366211	668.331384089705
134.020996093750	687.846258788054
134.126007080078	677.648767444503
134.231994628906	667.356443284044
134.337005615234	657.158951940494
134.453002929688	645.894591406588
134.608001708984	630.842845247433
134.712005615234	620.743150246312
134.804992675781	611.713287960968
134.910003662109	601.515796617418
135.005996704102	594.217488271028
135.106002807617	618.250963529521
135.205001831055	642.042417218700
135.305999755859	666.314247053287
135.404998779297	690.105700742459
135.611999511719	739.852134272971
135.705993652344	762.440814101051
135.809997558594	787.435041651083
135.914993286133	812.667623777210
136.014007568359	836.905088929233
136.119003295898	865.453327150752
136.225006103516	894.275389485658
136.330001831055	922.823627707177
136.464996337891	959.528505420594
136.602996826172	997.050706623192
136.707992553711	1025.59894484471
136.811996459961	1053.87750780329
136.919006347656	1082.97339425105
137.022994995117	1101.52137548818
137.128005981445	1085.65617064182
137.233001708984	1069.79327111437
137.339004516602	1053.77822053770
137.445007324219	1037.76316996118
137.619995117188	1011.32577252169
137.727005004883	995.158570896092
137.832992553711	979.145825638490
137.936996459961	963.432771841202
138.042999267578	963.468578719656
138.147994995117	986.798706214180
138.253005981445	1010.13222422279
138.356994628906	1033.23857778701
138.481002807617	1060.79328584518
138.636993408203	1095.45451144856
138.742996215820	1119.00841287339
138.847000122070	1142.11815695170
138.951004028320	1165.22790103000
139.055999755859	1188.98146562111
139.160995483398	1213.10550882724
139.266006469727	1237.23305792563
139.369995117188	1261.12571225639
139.589004516602	1311.44578087107
139.639007568359	1322.93458912355
139.744995117188	1347.28651531324
139.850006103516	1371.41406441140
139.953994750977	1395.30671874216
140.057998657227	1396.67039706651
140.164001464844	1379.84373187175
140.268997192383	1363.17692847385
140.373001098633	1346.66756472436
140.498001098633	1326.82532472498
140.660003662109	1301.10937476494
140.766006469727	1284.28270957002
140.863998413086	1268.72767230494
140.955001831055	1254.28197902410
141.059997558594	1257.19709440178
141.154006958008	1272.95689341690
141.253997802734	1289.71942595149
141.358993530273	1307.32098041068
141.455993652344	1323.58214618571
141.660995483398	1357.94879117315
141.753997802734	1373.53976260592
141.856002807617	1390.63995030538
141.960006713867	1408.07523517588
142.065002441406	1421.44605134657
142.169998168945	1432.21387102565
142.264999389648	1441.95670568950
142.369995117188	1452.72452536868
142.498001098633	1465.85215787670
142.656997680664	1482.15802636325
142.763000488281	1493.02912697515
142.867996215820	1503.79694665423
142.966003417969	1513.84805925402
143.070007324219	1528.42138488810
143.173004150391	1544.73262706503
143.264999389648	1559.30158692930
143.369995117188	1575.92938802861
143.498001098633	1596.20124145406
143.660003662109	1621.85701303802
143.753997802734	1636.74253182466
143.858993530273	1653.37033292381
143.962997436523	1669.84106280202
144.054992675781	1687.24943855608
144.160995483398	1709.50992996069
144.266998291016	1731.77042136550
144.371002197266	1753.61114533470
144.513000488281	1783.43065490872
144.667007446289	1815.77197342712
144.764999389648	1836.35019075835
144.869995117188	1858.39919627969
144.975006103516	1880.45140613236
145.074005126953	1897.91951109949
145.179000854492	1915.25595630275
145.283004760742	1932.42863621925
145.376007080078	1947.78478118568
145.503997802734	1968.91806157585
145.649993896484	1993.02431178728
145.753997802734	2010.19699170379
145.845001220703	2025.22308663077
145.944000244141	2041.56938171570
146.048995971680	2060.94405655378
146.145996093750	2080.99550115948
146.250000000000	2102.49473765987
146.345001220703	2122.13297804297
146.449996948242	2143.83723953931
146.623001098633	2179.59990729781
146.671997070313	2189.72814209875
146.777999877930	2211.64058282174
146.882995605469	2233.34484431808
146.988006591797	2255.05226004511
147.093002319336	2271.96114511438
147.197006225586	2288.09774244711
147.302993774414	2304.54210938857
147.406997680664	2320.67870672130
147.623992919922	2354.34633446027
147.673004150391	2361.95061125502
147.764007568359	2376.07013392104
147.867996215820	2392.20436379524
147.973999023438	2408.65109819538
148.063995361328	2425.45358351261
148.169006347656	2446.40534513466
148.264007568359	2465.35996121412
148.369995117188	2486.50656630393
148.473999023438	2507.25739560007
148.682006835938	2548.75905419235
148.787002563477	2569.70777138522
148.891998291016	2590.65648857810
148.996994018555	2611.60520577098
149.102005004883	2628.38653157010
149.207000732422	2645.04253838189
149.311004638672	2661.54120753308
149.414993286133	2678.03745610488
149.645004272461	2714.52526989373
149.695999145508	2722.61484622932
149.802001953125	2739.43061128112
149.895004272461	2754.18404268906
150.001007080078	2771.04288460365
150.106002807617	2792.18998070170
150.210006713867	2813.13731495608
150.315002441406	2834.28441105414
150.419998168945	2855.43150715219
150.548004150391	2881.21307802381
150.712005615234	2914.24446719122
150.815994262695	2935.18872818648
150.923004150391	2956.74149449031
151.016006469727	2978.54836547046
151.115005493164	3017.50856049776
151.214004516602	3056.46875552544
151.315002441406	3096.21560060640
151.414001464844	3135.17579563409
151.505996704102	3171.37971299247
151.699005126953	3247.33648039403
151.804000854492	3288.65662558268
151.908004760742	3329.58644822562
152.005004882813	3366.28166187488
152.104003906250	3375.99974216394
152.207992553711	3386.20762088933
152.305999755859	3395.82834063297
152.410995483398	3406.13507775833
152.516006469727	3416.44331273832
152.692001342773	3433.71956706232
152.727005004883	3437.15564538902
152.832992553711	3447.55974305981
152.923995971680	3456.49294756727
153.029998779297	3468.19582225492
153.126007080078	3481.77214425827
153.231002807617	3496.61935845172
153.335998535156	3511.46657264518
153.434997558594	3525.46580614143
153.539001464844	3540.17276907453
153.742996215820	3569.01921676409
153.850006103516	3584.15124890178
153.945007324219	3597.58516193308
154.050003051758	3627.89172938312
154.154998779297	3675.20028314265
154.259002685547	3722.06194604415
154.354003906250	3764.86721500312
154.458999633789	3812.17576876266
154.690994262695	3916.70697808684
154.742004394531	3939.69091867954
154.848999023438	3987.90012939956
154.953002929688	4034.76179230106
155.044006347656	4060.03236579726
155.134994506836	4068.49887897041
155.225997924805	4076.96681198477
155.324996948242	4086.17874179643
155.414993286133	4094.55296529053
155.520004272461	4104.32431254147
155.714004516602	4122.37617376623
155.748992919922	4125.63186967530
155.854003906250	4135.40321692624
155.944000244141	4143.77744042033
156.044998168945	4180.33235845580
156.149002075195	4252.77772666871
156.255004882813	4326.61545744614
156.360000610352	4399.75169258004
156.455001831055	4465.92611489415
156.544998168945	4528.61431643711
156.746994018555	4669.31733644965
156.845001220703	4737.58561697040
156.949996948242	4810.72185210430
157.044006347656	4846.95293934039
157.143997192383	4850.13574710366
157.244995117188	4853.35061122468
157.352005004883	4856.75684208744
157.445999145508	4859.74876881133
157.544998168945	4862.90000591920
157.727996826172	4868.72503468538
157.763000488281	4869.83923596859
157.856002807617	4872.79959203711
157.955993652344	4875.98239980038
158.054992675781	4896.65605505979
158.154006958008	4931.35688202835
158.255996704102	4967.10049852662
158.360992431641	5003.89759983182
158.464996337891	5040.34710462710
158.600997924805	5088.01060759662
158.742996215820	5137.77573254137
158.777999877930	5150.04321552286
158.886993408203	5188.24139814488
158.985992431641	5222.93687747483
159.091003417969	5252.68980930519
159.195007324219	5281.08272311371
159.300994873047	5310.01716843556
159.395004272461	5335.68159654211
159.498992919922	5364.07034472362
159.735000610352	5428.50009793327
159.785003662109	5442.15085769692
159.884994506836	5469.44821159775
159.988006591797	5497.57035964961
160.093994140625	5505.66402060535
160.197998046875	5510.99674184254
160.302993774414	5516.38031796241
160.408996582031	5521.81553134778
160.514999389648	5527.25074473315
160.733993530273	5538.47950283118
160.783996582031	5541.04337130159
160.888000488281	5546.37609253877
160.983993530273	5551.29806280038
161.083999633789	5577.03219463596
161.188995361328	5608.17282857071
161.285995483398	5636.94204960293
161.384994506836	5666.30412386100
161.490005493164	5697.44928339287
161.626998901367	5738.08009453457
161.789993286133	5786.42252320657
161.884994506836	5814.59889101322
161.990997314453	5846.03821435931
162.097000122070	5879.98134484908
162.194000244141	5911.25437302530
162.298995971680	5945.10519996866
162.395996093750	5976.37822814456
162.494003295898	6007.97594089800
162.617004394531	6047.63173453133
162.789001464844	6103.08392480991
162.884002685547	6133.71250329402
162.988006591797	6167.24356512313
163.085998535156	6178.44784332161
163.186004638672	6186.98057923916
163.285003662109	6195.42738891761
163.384002685547	6203.87419859615
163.485000610352	6212.49155884000
163.589004516602	6221.36539588818
163.764999389648	6236.38165711372
163.798995971680	6239.28231863716
163.904998779297	6248.32670625066
164.009002685547	6258.79272566380
164.115005493164	6286.58438597088
164.220001220703	6314.11201150322
164.324996948242	6341.63963703555
164.414993286133	6365.23474463482
164.520996093750	6393.02640494188
164.626007080078	6420.55803100110
164.809997558594	6468.79638424479
164.904998779297	6493.70366466394
165.009994506836	6521.24373384482
165.115997314453	6549.16737281814
165.214004516602	6574.98478078229
165.320007324219	6602.90841975561
165.425994873047	6630.82803920412
165.524993896484	6656.90671628175
165.667999267578	6694.57770296073
165.832000732422	6737.77955580169
165.923995971680	6762.01327098390
166.027999877930	6787.90446929419
166.134002685547	6810.12708996735
166.225006103516	6829.20521141478
166.330001831055	6851.21670599549
166.425994873047	6871.34086126464
166.531005859375	6893.35555472553
166.658996582031	6920.18776175107
166.807998657227	6951.42482679710
166.916000366211	6974.06650077499
167.020004272461	6998.09105557544
167.125000000000	7031.75976946939
167.229003906250	7065.11043854383
167.333999633789	7098.77915243778
167.438995361328	7132.44786633173
167.544006347656	7166.12147322287
167.785003662109	7243.40147136864
167.820999145508	7254.94405181874
167.927993774414	7289.25374834888
168.033996582031	7320.79574985733
168.136993408203	7346.40196456886
168.233993530273	7370.51732855708
168.339996337891	7396.87086538702
168.447006225586	7423.47477409386
168.552001953125	7449.57793904641
168.787994384766	7508.24841559880
168.837997436523	7520.67975865188
168.942993164063	7546.78292360468
169.048004150391	7568.55230517070
169.151992797852	7585.00885330908
169.244003295898	7599.56981960012
169.348999023438	7616.18574149904
169.445999145508	7631.53633233033
169.550994873047	7648.15225422909
169.675994873047	7667.93391855037
169.841995239258	7694.20402672313
169.947998046875	7710.97932238227
170.052001953125	7733.80215213137
170.158004760742	7763.54980197301
170.261993408203	7792.73221649313
170.367004394531	7822.20153075976
170.470993041992	7851.38394527988
170.576004028320	7880.85325954651
170.800994873047	7943.99261421999
170.850997924805	7958.02500928716
170.945999145508	7984.68527528891
171.050003051758	8008.95032670770
171.143997192383	8026.07642352219
171.250000000000	8045.39054601734
171.354003906250	8064.34046093415
171.458999633789	8083.47108953488
171.563003540039	8102.42100445170
171.692993164063	8126.10561788731
171.860000610352	8156.53502204876
171.966003417969	8175.84914454391
172.072006225586	8200.74068951458
172.166000366211	8225.14733781227
172.270004272461	8252.15313566894
172.375000000000	8279.41647121055
172.483993530273	8307.71788172837
172.574996948242	8331.34795485301
172.701995849609	8364.32466488246
172.869995117188	8407.94758659659
172.975997924805	8435.47242194135
173.076004028320	8467.99188904547
173.179000854492	8503.61478045605
173.285003662109	8540.27733254919
173.389007568359	8576.24853667575
173.483993530273	8609.10075875434
173.589996337891	8645.76331084782
173.828994750977	8728.42425131648
173.880996704102	8746.40985337976
173.985992431641	8782.72409275693
174.089996337891	8816.61142155431
174.195999145508	8850.81946671090
174.300003051758	8884.38244868696
174.404998779297	8918.26550018008
174.494995117188	8947.30811574577
174.600997924805	8981.51616090235
174.830993652344	9055.73781984089
174.867996215820	9067.67887490115
174.970993041992	9100.91686321374
175.076004028320	9110.50484188822
175.179992675781	9110.81566436001
175.276000976563	9111.10263354453
175.380996704102	9111.41646618259
175.485992431641	9111.73029882065
175.585998535156	9112.02921745309
175.828994750977	9112.75553408746
175.880004882813	9112.90800356995
175.975006103516	9113.19196258820
176.080001831055	9155.55653277945
176.175003051758	9205.77524136947
176.274993896484	9258.63152106573
176.380004882813	9314.14150380262
176.475006103516	9364.36021239263
176.574005126953	9416.69220425431
176.712005615234	9489.64080696679
176.867996215820	9572.09918440280
176.973007202148	9627.60916713916
177.065994262695	9637.86209069470
177.164993286133	9631.83796917398
177.270996093750	9625.38766519677
177.376007080078	9618.99771385501
177.481002807617	9612.60869101533
177.576004028320	9606.82783704064
177.679992675781	9600.50009533850
177.880004882813	9588.32929002199
177.983993530273	9582.00154831990
178.089004516602	9597.53387567992
178.192993164063	9616.81908260668
178.285003662109	9633.88288271925
178.375000000000	9650.57314690918
178.475006103516	9669.11977144306
178.576004028320	9687.85033412057
178.675994873047	9706.39412883686
178.880004882813	9744.22879011508
178.985992431641	9763.88470314706
179.091003417969	9779.40099991350
179.195999145508	9794.30582303601
179.300994873047	9809.21064615852
179.395004272461	9822.55588889327
179.500000000000	9837.46071201578
179.604995727539	9852.36553513829
179.729003906250	9869.96929876521
179.901992797852	9894.52619162096
179.994995117188	9907.72847282018
180.085006713867	9932.76797476574
180.190994262695	9963.10174206465
180.285003662109	9990.00734821620
180.389999389648	10020.0572550380
180.494003295898	10049.8233013826
180.595001220703	10078.7290321272
180.725006103516	10115.9365900581
180.882995605469	10161.1533805293
180.975997924805	10187.7707591194
181.080001831055	10210.4426769185
181.184005737305	10230.9862208473
181.285995483398	10251.1319144533
181.389999389648	10271.6754583821
181.494995117188	10292.4149134547
181.595001220703	10312.1687847734
181.738998413086	10340.6120688192
181.904006958008	10373.2056550935
182.011001586914	10394.0964424645
182.106002807617	10410.7590031911
182.210006713867	10429.0005730454
182.315002441406	10447.4161015323
182.406997680664	10463.5514337875
182.509994506836	10481.6163687225
182.604003906250	10498.1049708164
182.742996215820	10522.4832659751
182.901992797852	10550.3701729414
183.007003784180	10570.9786479325
183.106002807617	10619.3020323000
183.205001831055	10667.6254166679
183.309997558594	10718.8759110937
183.416000366211	10770.6179812542
183.514999389648	10818.9413656217
183.619995117188	10870.1918600479
183.750000000000	10933.6498185577
183.917007446289	11015.1694612680
184.022003173828	11061.4275500168
184.126998901367	11088.8550600716
184.225997924805	11114.7160810332
184.330993652344	11142.1435910881
184.436004638672	11169.5750871202
184.533996582031	11195.1730335774
184.639999389648	11222.8636181364
184.761001586914	11254.4724184177
184.940994262695	11301.4910070831
185.048004150391	11329.0977573186
185.151000976563	11355.2587831124
185.255996704102	11381.9275265920
185.361999511719	11408.8520667682
185.466003417969	11435.2688892586
185.574005126953	11462.7011471206
185.677993774414	11489.1140939035
185.893997192383	11543.9786096276
185.929992675781	11553.1214036790
186.037002563477	11577.5251279156
186.139999389648	11595.9574381233
186.244995117188	11614.7474716850
186.348999023438	11633.3600089261
186.445999145508	11650.7191490729
186.550994873047	11669.5091826344
186.643997192383	11686.1528760740
186.785995483398	11711.5648877472
186.945007324219	11740.0216439956
187.050003051758	11759.3467667227
187.152999877930	11778.8812593741
187.259002685547	11798.9858698110
187.354995727539	11817.1920169621
187.460006713867	11837.1085174698
187.563995361328	11856.8311200504
187.669998168945	11876.9357304873
187.798004150391	11901.2134873545
187.970993041992	11934.0227530119
188.063995361328	11953.2573603572
188.169006347656	11975.7922435914
188.264999389648	11996.3919167136
188.356002807617	12015.9208390632
188.460006713867	12038.2396074626
188.554992675781	12058.6231657499
188.660003662109	12081.1580489842
188.809005737305	12113.1332211411
188.972000122070	12148.1110797154
189.076004028320	12162.2842017585
189.180999755859	12173.5630113731
189.274993896484	12183.6600128593
189.380004882813	12194.9404615977
189.485000610352	12206.2192712124
189.576004028320	12215.9950044694
189.673995971680	12226.5214563435
189.809005737305	12241.0244221146
189.970993041992	12258.4253584420
190.076004028320	12259.3212837146
190.179992675781	12256.2838149210
190.276000976563	12253.4794490150
190.375000000000	12250.5877252391
190.481002807617	12247.4914235943
190.576004028320	12244.7164741139
190.675994873047	12241.7957796158
190.811996459961	12237.8232250513
190.992996215820	12232.5362911071
191.087005615234	12252.1270766515
191.184997558594	12274.4220299734
191.283996582031	12296.9461123699
191.376007080078	12317.8801778527
191.475006103516	12340.4042602495
191.574996948242	12363.1540000683
191.680999755859	12387.2715710316
191.817001342773	12418.2144111058
191.979995727539	12455.2986047189
192.085998535156	12452.3524000956
192.184997558594	12443.7214477146
192.283996582031	12435.0904953338
192.389999389648	12425.8489376596
192.485000610352	12417.5665225049
192.591003417969	12408.3249648308
192.695999145508	12399.1712066105
192.841995239258	12386.4429463793
193.020004272461	12377.0739733816
193.125000000000	12400.2007950238
193.225006103516	12422.2285800904
193.330993652344	12445.5738646605
193.423995971680	12466.0589653594
193.526000976563	12488.5270372499
193.632003784180	12511.8756827881
193.725006103516	12532.3607834870
193.970001220703	12586.3244876414
194.020004272461	12596.8280562699
194.115005493164	12615.3298918236
194.214004516602	12634.6103140968
194.304000854492	12652.1374303985
194.404006958008	12671.6139852041
194.509994506836	12692.2554483836
194.602996826172	12710.3679905776
194.708999633789	12731.0124254621
194.807006835938	12750.0996869080
195.033004760742	12784.2366965453
195.138000488281	12773.2642671252
195.242004394531	12762.3954865805
195.335006713867	12752.6764112548
195.440002441406	12741.7039818346
195.535995483398	12731.6723652844
195.641006469727	12720.6983412661
195.733001708984	12711.0845094141
195.873001098633	12696.4540719878
196.050003051758	12696.1383748266
196.145004272461	12720.7538598529
196.250000000000	12747.9589919547
196.343994140625	12772.3135354436
196.444000244141	12798.2258208376
196.535003662109	12821.8054470335
196.626007080078	12845.3850732296
196.723999023438	12870.7754755489
196.824005126953	12896.6877609427
197.039993286133	12955.2687040528
197.149002075195	12990.6464479128
197.242996215820	13021.1513334361
197.348999023438	13055.5535152108
197.453002929688	13089.3069729587
197.559005737305	13123.7091547331
197.656005859375	13155.1896023420
197.759994506836	13188.9381079981
197.891006469727	13231.4567682423
198.059997558594	13300.1644473555
198.154998779297	13352.9475115998
198.246002197266	13403.5093804008
198.343994140625	13457.9541023051
198.434005737305	13507.9649111678
198.539993286133	13566.8520239595
198.643997192383	13624.6370168747
198.748992919922	13682.9730697282
198.845001220703	13736.3156717560
199.039001464844	13829.3430176076
199.087997436523	13838.0230117295
199.195999145508	13857.1563030394
199.298995971680	13875.4029428164
199.395004272461	13892.4115142944
199.501007080078	13911.1906856322
199.604995727539	13929.6130337922
199.695999145508	13945.7349537374
199.800994873047	13964.3357134863
200.035995483398	14000.9736546061
200.070007324219	14002.2801848600
200.175994873047	14006.3515886927
200.281997680664	14010.4235786762
200.375000000000	14013.9961681320
200.464996337891	14017.4532858696
200.570999145508	14021.5252758531
200.667007446289	14025.2133370272
200.764007568359	14028.9394980068
200.917999267578	14034.8549324265
201.095001220703	14090.2521331860
201.199005126953	14147.4505098146
201.294998168945	14200.2432016236
201.399993896484	14257.9870439917
201.505004882813	14315.7392781410
201.604003906250	14370.1851507297
201.708999633789	14427.9289930979
201.813995361328	14485.6728354661
202.054000854492	14597.9863975493
202.089004516602	14604.4799644687
202.197006225586	14624.5154773958
202.294006347656	14642.5100741291
202.399993896484	14662.1719380443
202.505004882813	14681.6526388025
202.595001220703	14698.3479560169
202.699996948242	14717.8258261006
202.794998168945	14735.4496044962
202.929992675781	14760.4925803181
203.097000122070	14792.5483968558
203.201995849609	14813.1888885425
203.307006835938	14833.8323798649
203.412994384766	14854.6678478573
203.518005371094	14875.3113391795
203.623992919922	14896.1468071719
203.727996826172	14916.5923225529
203.832992553711	14937.2328142396
204.067001342773	14968.9584122497
204.102005004883	14968.3809092499
204.207000732422	14966.6486519955
204.313003540039	14964.8997795721
204.406997680664	14963.3490304532
204.511993408203	14961.6167731989
204.604003906250	14960.0987509284
204.708999633789	14958.3664936740
204.805999755859	14956.7661507928
204.938995361328	14954.5719414876
205.102996826172	15009.4126008186
205.205001831055	15064.7219493734
205.309005737305	15121.1151460449
205.404998779297	15173.1646765994
205.511001586914	15230.6417213876
205.604995727539	15281.6074038255
205.695007324219	15330.4136636797
205.794998168945	15384.6308904676
205.942993164063	15464.8770193584
206.110000610352	15515.9816730155
206.205001831055	15533.4223306133
206.309997558594	15552.6978148617
206.404998779297	15570.1384724595
206.511993408203	15589.7809220380
206.602996826172	15606.4876489756
206.695007324219	15623.3792592093
206.800994873047	15642.8368254917
206.945007324219	15669.2751368326
207.123992919922	15677.5234485367
207.229003906250	15675.9588337407
207.333999633789	15674.3944462936
207.438003540039	15672.8448365218
207.544006347656	15671.2654440505
207.649002075195	15669.7010566034
207.753005981445	15668.1514468316
207.858001708984	15666.5870593845
208.082000732422	15685.7072055045
208.132003784180	15698.6565719543
208.236999511719	15725.8474753846
208.335998535156	15751.4854032228
208.440994262695	15778.6763066531
208.546997070313	15806.1280151448
208.645996093750	15831.7659429831
208.744995117188	15857.4038708216
208.843994140625	15883.0417986598
209.248001098633	15967.6293047293
209.283996582031	15974.0426309478
209.389007568359	15992.7524703020
209.485992431641	16010.0322928734
209.585998535156	16027.8504107355
209.692001342773	16046.7369631902
209.785003662109	16063.3072146962
209.884002685547	16080.9459007948
210.214004516602	16169.4635408493
210.261993408203	16184.6784707965
210.354003906250	16213.8504986447
210.458999633789	16247.1395075374
210.554000854492	16277.2597472360
210.660003662109	16310.8680519558
210.764007568359	16343.8426028369
210.869995117188	16377.4460697416
211.203002929688	16533.9546082560
211.253005981445	16562.3525695201
211.358001708984	16621.9822220871
211.462997436523	16681.6118746540
211.569000244141	16741.8134727336
211.666000366211	16796.9022245671
211.770004272461	16855.9685974630
211.865997314453	16910.4854037844
212.151000976563	17011.1216932365
212.186004638672	17016.8086789461
212.292007446289	17034.0307756005
212.384002685547	17048.9770863432
212.488998413086	17066.0355644025
212.583999633789	17081.4702518604
212.675003051758	17096.2554230778
212.779998779297	17113.3139011372
212.875000000000	17128.7485885951
213.177001953125	17195.6918177032
213.225997924805	17208.6007825379
213.330993652344	17236.2639986785
213.425994873047	17261.2939628829
213.529998779297	17288.6958639458
213.625000000000	17313.7258281503
213.731002807617	17341.6543796004
213.835006713867	17369.0562806633
213.994003295898	17410.9470977225
214.188003540039	17466.9523749875
214.285995483398	17495.3201571670
214.389007568359	17525.1412249799
214.486999511719	17553.5090071597
214.585006713867	17581.8812066208
214.690994262695	17612.5636443379
214.785995483398	17640.0656393317
214.889999389648	17670.1738304461
215.136993408203	17716.5172176326
215.171997070313	17720.2219597732
215.277999877930	17731.4411592717
215.382995605469	17742.5537707227
215.475006103516	17752.2920423474
215.574996948242	17762.8749435010
215.675003051758	17773.4594596251
215.774993896484	17784.0423607786
215.865005493164	17793.5690712785
215.988006591797	17806.5873478235
216.177001953125	17853.5794008099
216.274002075195	17878.6362211901
216.380004882813	17906.0185919912
216.485000610352	17933.1408164738
216.583999633789	17958.7139878796
216.688995361328	17985.8362123622
216.794998168945	18013.2185831631
216.899002075195	18040.0846029384
217.130004882813	18092.3177898285
217.164001464844	18099.1544194545
217.270004272461	18120.4713252048
217.375000000000	18141.5857096108
217.464004516602	18159.4843005483
217.570999145508	18181.0006591378
217.664001464844	18199.7031984423
217.768997192383	18220.8175828483
217.865997314453	18240.3240705199
217.998992919922	18267.0691620012
218.169006347656	18318.7271073888
218.274993896484	18350.9959206251
218.378997802734	18382.6607969594
218.475006103516	18411.8913430124
218.578994750977	18443.5515736783
218.684005737305	18475.5230641320
218.789993286133	18507.7918773683
218.884002685547	18536.4138408506
219.126998901367	18603.2967879920
219.175003051758	18615.2285969744
219.274002075195	18639.8355825680
219.380996704102	18666.4299387615
219.485000610352	18692.2809273260
219.576004028320	18714.9005423198
219.679992675781	18740.7477381923
219.776000976563	18764.6113561572
219.880996704102	18790.7088697006
220.143997192383	18855.4309988521
220.179992675781	18864.2157989559
220.285995483398	18890.0860856544
220.384994506836	18914.2470789035
220.490005493164	18939.8753087954
220.585998535156	18963.3026837228
220.690994262695	18988.9271896639
220.796005249023	19014.5554195559
220.901000976563	19040.1799254972
221.147003173828	19087.7106840869
221.195007324219	19095.3421229247
221.300994873047	19112.1914471989
221.395996093750	19127.2942247589
221.500000000000	19143.8282003209
221.604995727539	19160.5198502389
221.708999633789	19177.0538258009
221.813995361328	19193.7454757190
221.914001464844	19209.6439023378
222.164001464844	19256.5218092893
222.212997436523	19266.4423077317
222.317993164063	19287.7014014047
222.414993286133	19307.3415784832
222.520004272461	19328.6037616914
222.623992919922	19349.6589460222
222.729003906250	19370.9211292304
222.824996948242	19390.3573969670
222.929000854492	19411.4156708332
223.167007446289	19471.1783389502
223.216003417969	19484.4938115927
223.313995361328	19511.1247568772
223.419006347656	19539.6632441785
223.524002075195	19568.1975846494
223.628997802734	19596.7319251202
223.723999023438	19622.5500916328
223.828002929688	19650.8148881231
223.934005737305	19679.6229194050
224.177001953125	19880.8616681349
224.225006103516	19930.5748976218
224.332000732422	20041.3788280598
224.436004638672	20149.0855579326
224.533996582031	20250.5662825864
224.639999389648	20360.3430801839
224.735992431641	20459.7537371139
224.839996337891	20567.4604669867
224.944000244141	20675.1671968594
225.201004028320	20785.2698722429
225.250000000000	20797.9718050539
225.354995727539	20825.1913627218
225.445999145508	20848.7834920535
225.550994873047	20876.0030497214
225.654006958008	20902.7083590974
225.746002197266	20926.5576125751
225.850006103516	20953.5200460970
225.944000244141	20977.8875036227
226.214996337891	21006.7352219235
226.266006469727	21010.1351866065
226.365005493164	21016.7337420546
226.470001220703	21023.7319942184
226.574005126953	21030.6641387829
226.679000854492	21037.6623909466
226.783996582031	21044.6606431104
226.889007568359	21051.6599123142
226.992996215820	21058.5910398387
227.220993041992	21057.0945970602
227.270004272461	21056.6591897277
227.375000000000	21055.7264257629
227.479003906250	21054.8024729677
227.583999633789	21053.8697090029
227.690002441406	21052.9279983121
227.794006347656	21052.0040455169
227.899002075195	21051.0712815521
228.005996704102	21051.3516148593
228.227996826172	21094.9461007721
228.277999877930	21104.7652725597
228.384002685547	21125.5811976155
228.486999511719	21145.8068337357
228.593002319336	21166.6227587915
228.695999145508	21186.8483949117
228.802993774414	21207.8590853523
228.895004272461	21225.9273202864
229	21246.5454835668
229.231002807617	21320.1927619242
229.281005859375	21336.1345104663
229.386993408203	21369.9249850994
229.492004394531	21403.4041164592
229.583999633789	21432.7336257543
229.688995361328	21466.2078923755
229.785003662109	21496.8168279342
229.889007568359	21529.9748865434
229.994003295898	21563.4491531646
230.233001708984	21640.0734607544
230.268005371094	21651.2974552145
230.373001098633	21684.9645458329
230.477005004883	21718.3136069658
230.576004028320	21750.0578423867
230.680999755859	21783.7249330051
230.774002075195	21813.5463132288
230.873001098633	21845.2905486500
230.979995727539	21879.5985910008
231.113006591797	21935.7583227293
231.289993286133	22013.6675835627
231.395996093750	22060.3298505691
231.494003295898	22103.4724647885
231.593994140625	22147.4882753104
231.686004638672	22187.9911499397
231.785995483398	22232.0069604611
231.886001586914	22276.0294878776
231.985000610352	22319.6087002484
232.119003295898	22360.6306678188
232.317001342773	22417.8975378888
232.414001464844	22445.9528317419
232.505004882813	22472.2737020486
232.610000610352	22502.6415606299
232.703994750977	22529.8274360639
232.809005737305	22560.1997079368
232.914001464844	22590.5675665181
233.018005371094	22622.1494909686
233.272994995117	22717.1559691811
233.322006225586	22735.4170432054
233.427001953125	22774.5373577635
233.531997680664	22813.6576723216
233.636001586914	22852.4084445972
233.742004394531	22891.9039867037
233.835006713867	22926.5556822759
233.938995361328	22965.3007692856
234.044998168945	22999.1079128127
234.277999877930	23056.4672445840
234.326004028320	23068.2846943384
234.434005737305	23094.8720781157
234.537002563477	23120.2273819438
234.634994506836	23144.3506058229
234.740997314453	23170.4459088886
234.845993041992	23196.2932934280
234.945007324219	23220.6681921749
235.048995971680	23241.2241021711
235.296997070313	23276.7471364007
235.345993041992	23283.7651923233
235.451004028320	23298.8066936810
235.557006835938	23313.9902609483
235.660995483398	23328.8853251378
235.766006469727	23343.9268264957
235.871002197266	23358.9661422241
235.975997924805	23374.0054579525
236.080993652344	23435.5764872236
236.302993774414	23594.9166370938
236.350997924805	23629.3715213812
236.455001831055	23704.0201200145
236.559997558594	23779.3805964224
236.666000366211	23855.4639025704
236.764007568359	23925.8083786590
236.869003295898	24001.1688550669
236.973999023438	24076.5293314754
237.065002441406	24139.8109098906
237.315994262695	24312.0984647334
237.363998413086	24345.0498081306
237.472000122070	24419.1850937512
237.563995361328	24482.3331068918
237.664001464844	24550.9799932949
237.768997192383	24623.0518921868
237.865997314453	24689.6353918605
237.955001831055	24750.7304923166
238.059997558594	24797.7657161674
238.199996948242	24835.4440418040
238.391006469727	24886.8508298500
238.485000610352	24912.1476675527
238.585006713867	24939.0625172771
238.688995361328	24967.0491973005
238.785003662109	24992.8881100967
238.876998901367	25017.6469793353
238.981002807617	25045.6377659881
239.085006713867	25067.1872357431
239.205993652344	25090.5810109020
239.402999877930	25128.6737125132
239.494995117188	25146.4617148379
239.600997924805	25166.9581905635
239.705993652344	25187.2599394432
239.804000854492	25206.2104020292
239.895004272461	25223.8066279148
239.994003295898	25242.9488669399
240.095001220703	25261.8671196651
240.486999511719	25335.1440397330
240.522994995117	25341.8727378427
240.628005981445	25361.5026235534
240.733993530273	25381.3150597850
240.839996337891	25401.1303483687
240.936004638672	25419.0773464639
241.042007446289	25456.4860703057
241.210998535156	25558.8522189226
241.369003295898	25654.5634125054
241.419006347656	25684.8527009044
241.524002075195	25748.4537364470
241.628005981445	25811.4539774379
241.733001708984	25875.0550129804
241.837997436523	25938.6560485230
241.944000244141	26002.8671216109
242.048004150391	26037.3176887829
242.233001708984	26039.3555015079
242.389007568359	26041.0739605396
242.438995361328	26041.6245935392
242.544006347656	26042.7813262326
242.649993896484	26043.9488161029
242.755004882813	26045.1055487962
242.854003906250	26046.1960576184
242.945999145508	26047.2094173115
243.046005249023	26065.3990212717
243.145996093750	26103.6406463275
243.380004882813	26193.1376037294
243.414993286133	26206.5189628400
243.514007568359	26244.3871003319
243.604995727539	26279.1856369117
243.705001831055	26317.4330977107
243.809005737305	26357.2095232225
243.904006958008	26393.5428602584
244.003997802734	26432.8424508328
244.093994140625	26491.0780023953
244.255996704102	26595.9079194753
244.406005859375	26692.9770458583
244.440994262695	26715.6176222792
244.546005249023	26783.5689728813
244.649993896484	26850.8587802561
244.755004882813	26918.8101308588
244.845001220703	26977.0456824206
244.949996948242	27044.9871592432
245.046005249023	27086.1225860826
245.151000976563	27106.1586234075
245.380996704102	27150.0480567159
245.429992675781	27159.3978192285
245.537994384766	27180.0074794792
245.634994506836	27198.5177380569
245.738998413086	27218.3645089340
245.833999633789	27236.4933228249
245.938995361328	27256.5293601496
246.035995483398	27282.9606434167
246.139999389648	27325.6941053850
246.412994384766	27437.8631734712
246.464004516602	27458.8223817107
246.567001342773	27501.1420513532
246.666000366211	27541.8190908560
246.770996093750	27584.9600755690
246.876998901367	27628.5148526072
246.981994628906	27671.6558373202
247.076004028320	27718.9371813906
247.180999755859	27774.0338620948
247.402999877930	27890.5287912575
247.451004028320	27915.7190481232
247.555999755859	27970.8157288274
247.660003662109	28025.3919496790
247.764999389648	28080.4886303832
247.869003295898	28135.0648512348
247.973999023438	28190.1615319396
248.074996948242	28281.2509503151
248.180999755859	28390.7144168243
248.408004760742	28625.1304224759
248.455993652344	28674.6860007363
248.561004638672	28783.1252661051
248.667007446289	28892.5887326143
248.772003173828	29001.0122410425
248.876998901367	29109.4357494707
248.983001708984	29218.8992159800
249.087005615234	29254.6194220323
249.192001342773	29276.5427733924
249.417999267578	29323.7316641052
249.466003417969	29333.7550420123
249.570999145508	29355.6783933724
249.664993286133	29375.3045878758
249.755996704102	29394.3063125542
249.860000610352	29416.0225693294
249.955001831055	29435.8590444882
250.054992675781	29459.5330508212
250.145996093750	29483.1611550650
250.287994384766	29520.0295551477
250.485992431641	29571.4377175667
250.591003417969	29598.7027432886
250.684005737305	29622.8498417738
250.789993286133	29650.3684219343
250.884002685547	29674.7769984342
250.988998413086	29702.0380623681
251.093994140625	29746.7079437084
251.199005126953	29793.4222358899
251.432998657227	29897.5146030225
251.481994628906	29919.3105333033
251.587005615234	29966.0248254849
251.694000244141	30013.6215439940
251.798004150391	30059.8878351171
251.895004272461	30103.0384825158
252	30149.7459868025
252.104995727539	30217.1026127544
252.208999633789	30283.8229677157
252.434997558594	30428.8046545309
252.468994140625	30450.6140663344
252.574005126953	30517.9804810708
252.666000366211	30576.9970626527
252.770004272461	30643.7174176139
252.875000000000	30711.0740435658
252.973999023438	30774.5836772206
253.080993652344	30840.8712676754
253.184005737305	30903.9647575163
253.464996337891	31076.0676482613
253.514007568359	31106.0863550256
253.619995117188	31171.0022756949
253.725006103516	31235.3200652200
253.828994750977	31299.0116862044
253.934005737305	31363.3294757296
254.037994384766	31410.8408217595
254.143997192383	31430.6237709149
254.304992675781	31460.6698190708
254.453002929688	31488.2924773130
254.488006591797	31494.8250936024
254.593002319336	31514.4200947739
254.684005737305	31531.4037580478
254.789993286133	31551.1838595065
254.893997192383	31570.5937603909
254.998992919922	31590.1887615624
255.104003906250	31627.7057327873
255.207992553711	31665.0292793523
255.460006713867	31755.4820592595
255.509002685547	31773.0676657190
255.615997314453	31811.4701174451
255.714996337891	31847.0027909763
255.813995361328	31882.5354645072
255.914993286133	31918.7855825871
256.019012451172	31957.0681047976
256.114013671875	31995.9029572889
256.205993652344	32033.5027791358
256.463989257813	32138.9669111506
256.513000488281	32159.0018527182
256.604003906250	32196.2024727406
256.709991455078	32239.5283457577
256.804992675781	32278.3631982490
256.903015136719	32318.4330813851
257.010009765625	32357.7184879178
257.105010986328	32354.2986992563
257.210998535156	32350.4834323044
257.454986572266	32341.7005186043
257.503997802734	32339.9362460087
257.609008789063	32336.1561326826
257.705993652344	32332.6649382187
257.812011718750	32328.8485727160
257.915985107422	32325.1058101173
258.020996093750	32328.5760625875
258.114990234375	32357.6505590276
258.220001220703	32390.1328130050
258.463012695313	32465.3017140288
258.497985839844	32476.1196922496
258.604003906250	32508.9134586888
258.708007812500	32541.0842002044
258.804992675781	32571.0837942584
258.895996093750	32599.2331930846
258.996002197266	32630.1673245245
259.085998535156	32697.0059571496
259.183990478516	32771.7568778053
259.322998046875	32877.7956332036
259.523986816406	33031.1153353012
259.628997802734	33111.2205729139
259.734008789063	33191.3258105274
259.825988769531	33261.4906423098
259.924011230469	33336.2648426044
260.028991699219	33406.4174226844
260.126007080078	33447.1965608677
260.229003906250	33490.4899208453
260.492004394531	33601.0387138193
260.526000976563	33615.3287295278
260.631011962891	33659.4687152116
260.734985351563	33703.1725603802
260.834991455078	33745.2088094604
260.938995361328	33788.9254822912
261.045013427734	33834.1977365402
261.135009765625	33873.4439431907
261.226013183594	33913.1293240762
261.472991943359	34020.8334781690
261.507995605469	34036.0981099183
261.605987548828	34078.8310938293
261.710998535156	34124.6249890763
261.816986083984	34170.8447502483
261.920989990234	34216.1994712602
262.014007568359	34255.7963137437
262.118988037109	34294.3305154076
262.222991943359	34332.5062593817
262.471984863281	34423.9017685027
262.520996093750	34441.8918638144
262.628997802734	34481.5350439563
262.731994628906	34519.3411284377
262.837005615234	34557.8865319044
262.944000244141	34597.1600525540
263.049011230469	34636.3043596936
263.153015136719	34675.7510026198
263.324005126953	34740.6041541208
263.479003906250	34799.3921527777
263.513000488281	34812.2863899313
263.618988037109	34852.4853896034
263.716003417969	34889.2814218403
263.821990966797	34929.4804215125
263.914001464844	34964.3781998056
264.019012451172	35002.3114707722
264.115997314453	35029.4275764667
264.221984863281	35059.0607530171
264.480987548828	35131.4756016736
264.515991210938	35141.2623144590
264.619995117188	35170.3408821768
264.725006103516	35199.7010205327
264.829986572266	35229.0526264451
264.924987792969	35255.6141233070
265.028991699219	35288.8878874972
265.125000000000	35329.6236793153
265.230010986328	35374.1792608939
265.490997314453	35484.9143186272
265.540008544922	35505.7095130519
265.645996093750	35550.6794447062
265.750000000000	35594.8077277692
265.855010986328	35639.3633093478
265.960998535156	35684.3332410021
266.063995361328	35731.8203844620
266.169006347656	35782.5887332402
266.273986816406	35833.3423280665
266.498992919922	35942.1232160476
266.546997070313	35965.3311825192
266.651000976563	36015.6126508820
266.756988525391	36066.8531261237
266.860992431641	36117.1345944865
266.966003417969	36167.9029432647
267.065002441406	36203.1879818053
267.165985107422	36232.4705128495
267.264007568359	36260.8946560085
267.510009765625	36332.2293440554
267.544006347656	36342.0875306927
267.644989013672	36371.3700617369
267.748992919922	36401.5286793852
267.855010986328	36432.2713547696
267.959991455078	36462.7131519264
268.063995361328	36504.7112493277
268.169006347656	36554.5894827921
268.277008056641	36605.8882529844
268.533996582031	36727.9529446446
268.583007812500	36751.2323526494
268.690002441406	36802.0527788411
268.785003662109	36847.1765628500
268.884002685547	36894.1992275869
268.973999023438	36936.9457868683
269.074005126953	36987.3046769745
269.178985595703	37041.2224819341
269.282989501953	37094.6387259174
269.535003662109	37224.0728053815
269.569000244141	37241.5333968717
269.674987792969	37295.9684365882
269.766998291016	37343.2248848305
269.871002197266	37396.6411288138
269.964996337891	37444.9163727893
270.070007324219	37450.1422291365
270.165985107422	37432.6596897585
270.264007568359	37414.8047083652
270.394989013672	37390.9461840375
270.601013183594	37353.4184818622
270.694000244141	37336.4807084171
270.799011230469	37317.3527535683
270.895996093750	37299.6867726006
271.002014160156	37281.5178783469
271.105987548828	37321.5562715584
271.205993652344	37360.0669303651
271.309997558594	37400.1170753797
271.559997558594	37496.3878464946
271.595001220703	37509.8671646669
271.700012207031	37550.3051191842
271.795013427734	37586.8884822799
271.899993896484	37627.3146849942
271.994995117188	37663.8980480903
272.100006103516	37703.6480636061
272.194000244141	37739.1970343108
272.299987792969	37779.2819613424
272.588012695313	37888.2141644306
272.622985839844	37901.4411515823
272.729003906250	37941.5376204875
272.825012207031	37977.8483548502
272.924987792969	38015.6595327817
273.023986816406	38056.2711383068
273.130004882813	38110.3774958459
273.225006103516	38158.8614022990
273.324005126953	38209.3855887857
273.611999511719	38356.3636245065
273.648010253906	38374.7417194677
273.746002197266	38424.7519422823
273.851989746094	38478.8427251643
273.955993652344	38531.9211553578
274.061004638672	38583.7398531851
274.153991699219	38628.4922545892
274.259002685547	38679.0314778353
274.364013671875	38729.5707010815
274.602996826172	38844.5874570365
274.639007568359	38861.9185478327
274.743011474609	38911.9730880312
274.834014892578	38955.7708107051
274.925994873047	39000.0385290615
275.026000976563	39051.7736425950
275.114990234375	39106.9389317505
275.213012695313	39167.7039896274
275.307006835938	39225.9718533447
275.425994873047	39299.7336717320
275.649993896484	39438.5928014996
275.744995117188	39497.4849637573
275.845001220703	39559.4797005756
275.945007324219	39621.4744373945
276.035003662109	39645.2888160677
276.140991210938	39614.1738086918
276.244995117188	39583.6411438094
276.343994140625	39554.5777738335
276.618988037109	39473.8471860241
276.653015136719	39463.8577724841
276.759002685547	39432.7427651084
276.864990234375	39401.6277577327
276.954986572266	39375.2073267649
277.059997558594	39392.6557544087
277.164001464844	39445.8093261842
277.269989013672	39499.9766838062
277.364013671875	39548.0301329377
277.625000000000	39681.4131569471
277.673004150391	39705.9467744364
277.778991699219	39760.1141320585
277.885009765625	39814.2970863859
277.973999023438	39859.7770791377
278.079010009766	39871.3155043343
278.184997558594	39868.9680195967
278.286010742188	39866.7307105034
278.457000732422	39862.9435072254
278.618011474609	39859.3773311600
278.665008544922	39858.3364078960
278.770996093750	39855.9889231584
278.877014160156	39853.6407624967
278.973999023438	39851.4926753974
279.079986572266	39886.1468876503
279.183990478516	39931.9554262508
279.274993896484	39972.0378975258
279.380004882813	40018.2900047223
279.630004882813	40128.4025482126
279.679992675781	40150.4196803213
279.776000976563	40192.7065531024
279.880004882813	40238.5150917029
279.984008789063	40284.3236303034
280.075012207031	40303.1270457005
280.178985595703	40319.4275360846
280.285003662109	40336.0485820470
280.375000000000	40350.1578119098
280.636993408203	40391.2319856541
280.684997558594	40398.7578651300
280.790008544922	40415.2210255090
280.894989013672	40431.6794014765
281.001007080078	40448.2332090430
281.105987548828	40457.6824916151
281.210998535156	40467.1345210717
281.316009521484	40476.5865505283
281.481994628906	40491.5268551533
281.644012451172	40506.1100647974
281.679992675781	40509.3486415859
281.786987304688	40518.9792185331
281.885009765625	40527.8022114463
281.989990234375	40537.2514940185
282.096984863281	40598.5511634337
282.195007324219	40659.5960333164
282.299011230469	40724.3659326189
282.394989013672	40784.1374506077
282.643005371094	40938.5931347718
282.679992675781	40961.6275003685
282.782989501953	41025.7702263503
282.888000488281	41091.1672989734
282.993011474609	41156.5643715965
283.097991943359	41161.9990484175
283.204010009766	41163.1701835637
283.295013427734	41164.1754584647
283.398986816406	41165.3240069515
283.658996582031	41168.1962209542
283.709014892578	41168.7487513240
283.805999755859	41169.8201006316
283.911010742188	41170.9801110052
284.016998291016	41170.8905064481
284.121002197266	41164.3276289916
284.214996337891	41158.3963899758
284.319000244141	41151.8335125193
284.493988037109	41140.7913941697
284.665985107422	41129.9379970614
284.703002929688	41127.6020902672
284.795013427734	41121.7960235034
284.894012451172	41115.5489652671
284.998992919922	41108.9244645481
285.102996826172	41120.7100488274
285.209991455078	41133.0191040097
285.312011718750	41144.7558899407
285.403991699219	41155.3376048065
285.652008056641	41183.8703177176
285.700012207031	41189.3928915344
285.804992675781	41201.4702303327
285.904998779297	41212.9752998799
286.010009765625	41224.7427342627
286.114990234375	41233.5330348659
286.218994140625	41242.2415652308
286.313995361328	41250.1962762127
286.420013427734	41259.0734576939
286.662994384766	41279.4189150783
286.710998535156	41283.4384333482
286.816009521484	41292.2312892713
286.915008544922	41300.5207471657
287.015014648438	41308.8744760383
287.114013671875	41317.0317041415
287.204986572266	41324.5276033326
287.304992675781	41332.7678118697
287.404998779297	41341.0080204068
287.658996582031	41361.9366916471
287.692993164063	41364.7379099292
287.786010742188	41372.4022845466
287.884002685547	41380.4765322160
287.983001708984	41388.6337603192
288.074005126953	41404.0436339714
288.178985595703	41423.9165700203
288.283996582031	41443.7952830854
288.390991210938	41464.0495022097
288.664001464844	41515.7306899692
288.713012695313	41525.0085781362
288.819000244141	41545.0721557227
288.924011230469	41564.9508687878
289.014007568359	41581.5171868334
289.104003906250	41595.5332729016
289.196014404297	41609.8630455348
289.294006347656	41625.1243722098
289.385009765625	41639.2973015605
289.666992187500	41683.2134206751
289.716003417969	41690.8464604261
289.822998046875	41707.5098709905
289.928009033203	41723.8643478167
290.032989501953	41742.7714573961
290.136993408203	41767.0315979304
290.242004394531	41791.5266517973
290.346984863281	41816.0145870784
290.509002685547	41853.8071592899
290.674987792969	41892.5251476602
290.723999023438	41903.9575965154
290.829010009766	41928.4526503822
290.933013916016	41952.7127909165
291.040008544922	41971.4848310140
291.144012451172	41979.6649257355
291.248992919922	41987.9218288581
291.343994140625	41995.3938461315
291.519989013672	42009.2361601745
291.683013916016	42022.0583626399
291.718994140625	42024.8882721694
291.822998046875	42033.0683668908
291.915008544922	42040.3051584358
292.019012451172	42041.6919424749
292.123992919922	42012.4384302733
292.227996826172	41983.4570437667
292.332000732422	41954.4756572600
292.437988281250	41924.9415154356
292.687011718750	41855.5494632365
292.734985351563	41842.1812884745
292.839996337891	41812.9192723450
292.946014404297	41783.3766265927
293.052001953125	41772.2999309135
293.157012939453	41780.3102576161
293.260986328125	41788.2414354933
293.355010986328	41795.4137158102
293.528015136719	41808.6106184772
293.694000244141	41821.2721026199
293.744995117188	41825.1620345932
293.850006103516	41833.1723612957
293.954986572266	41841.1803600916
294.059997558594	41858.4780996396
294.165985107422	41882.9694223104
294.265014648438	41905.8529069252
294.368988037109	41929.8788027901
294.526000976563	41966.1609378728
294.734985351563	42014.4524949272
294.839996337891	42038.7181561165
294.945007324219	42062.9838173058
295.045013427734	42061.6138933890
295.149993896484	42028.7823325926
295.244995117188	41999.0716788832
295.350006103516	41966.2305740285
295.454986572266	41933.3990132320
295.703002929688	41855.8344508504
295.738006591797	41844.8874158990
295.843994140625	41811.7409011763
295.949005126953	41778.8997963216
296.044006347656	41774.4532204218
296.148986816406	41801.8910269376
296.253997802734	41829.3368095599
296.359985351563	41857.0378275920
296.527008056641	41900.6910587144
296.704986572266	41947.2077120866
296.751007080078	41959.2356807568
296.856994628906	41986.9366987886
296.962005615234	42014.3824814109
297.067993164063	42046.4501794469
297.173004150391	42080.6400131883
297.265014648438	42110.5971037813
297.368988037109	42144.4491129519
297.549011230469	42203.0616759398
297.716003417969	42257.4315597623
297.751007080078	42268.8281710093
297.855987548828	42303.0080687340
297.954986572266	42335.2405071698
298.054992675781	42335.9655267886
298.160003662109	42309.3644101071
298.253997802734	42285.5540528333
298.346008300781	42262.2461868656
298.450988769531	42235.6528008195
298.730010986328	42164.9716006396
298.778991699219	42152.5639306965
298.885009765625	42125.7077030442
298.984008789063	42100.6295215518
299.088012695313	42125.9655272479
299.194000244141	42161.3540710129
299.283996582031	42191.4032548776
299.389007568359	42226.4657308624
299.493988037109	42261.5180172291
299.756988525391	42349.3321462725
299.804992675781	42365.3604155906
299.910003662109	42400.4228915754
300.003997802734	42431.6040034769
300.109985351563	42461.6130574534
300.214996337891	42491.3456099245
300.321014404297	42521.3633045728
300.415008544922	42547.9765744394
300.580993652344	42594.9731896358
300.785003662109	42652.7360821871
300.833007812500	42666.3278592976
300.924987792969	42692.3708448101
301.031005859375	42708.6906914120
301.123992919922	42693.9387570966
301.229003906250	42677.2792868048
301.333007812500	42660.7795847546
301.437988281250	42644.1249559247
301.592010498047	42619.6900978709
301.808990478516	42585.2673039810
301.915008544922	42568.4480654475
302.014007568359	42553.0680826370
302.114013671875	42539.5280647683
302.221008300781	42525.0418570639
302.315002441406	42512.3158103641
302.404998779297	42500.1310338323
302.510009765625	42485.9133952952
302.760986328125	42451.9331978733
302.808990478516	42445.4338240230
302.914001464844	42431.2161854860
303.019012451172	42424.0760443877
303.125000000000	42449.1806793260
303.229003906250	42473.8154607455
303.324005126953	42496.3178300409
303.429992675781	42521.4224649792
303.609008789063	42563.8249379274
303.777008056641	42603.6179167167
303.824005126953	42614.7498308557
303.929992675781	42639.8544657940
304.024993896484	42654.8117991862
304.130004882813	42647.9849158312
304.225006103516	42641.8087786956
304.329010009766	42635.0473667590
304.433013916016	42628.2859548225
304.526000976563	42622.2407605236
304.785003662109	42605.4027021008
304.820007324219	42603.1270743158
304.915008544922	42596.9509371801
305.005004882813	42593.6939253772
305.105010986328	42639.0200129023
305.209991455078	42686.6006479610
305.315002441406	42734.1951145997
305.419006347656	42781.3331390997
305.513000488281	42823.9344053732
305.772003173828	42941.3230244847
305.808013916016	42957.6442888365
305.914001464844	43005.6813660337
306.019012451172	43041.1777301834
306.115997314453	43023.4205752260
306.220001220703	43004.3782894817
306.324005126953	42985.3360037375
306.429992675781	42965.9305288580
306.536010742188	42946.5194664531
306.786010742188	42900.7464603449
306.821014404297	42894.3375689868
306.924987792969	42875.3008707678
307.029998779297	42857.4634779914
307.126007080078	42844.3313893158
307.230010986328	42830.1056556202
307.334991455078	42815.7463469604
307.441009521484	42801.2451149010
307.644989013672	42773.3446442374
307.816986083984	42749.8187536541
307.864013671875	42743.3862842805
307.970001220703	42728.8892264387
308.063995361328	42714.5291907482
308.169006347656	42697.6986809045
308.274993896484	42680.7116536777
308.378997802734	42664.0425523852
308.484008789063	42647.2120425413
308.634002685547	42623.1719507419
308.846008300781	42589.1930051201
308.953002929688	42572.0445693420
309.044006347656	42577.0961119956
309.148986816406	42607.1160561624
309.256011962891	42637.7206911025
309.354003906250	42665.7422145674
309.460998535156	42696.3381227793
309.554992675781	42723.2164448822
309.805999755859	42794.9937823160
309.852996826172	42808.4329433676
309.960998535156	42839.3168336019
310.066986083984	42849.0600085161
310.165008544922	42846.9973288247
310.269012451172	42844.8087820039
310.373992919922	42842.5996854477
310.477996826172	42840.4111386269
310.645996093750	42836.8759419578
310.819000244141	42833.2354278947
310.868011474609	42832.2040880490
310.973999023438	42829.9737995782
311.079010009766	42826.4504712911
311.183013916016	42822.5327961612
311.276000976563	42819.0301095061
311.380004882813	42815.1124343762
311.475006103516	42811.5338772521
311.579986572266	42807.5794164403
311.843994140625	42797.6346372301
311.878997802734	42796.3161004420
311.984008789063	42792.3604900775
312.075012207031	42782.0976825896
312.165008544922	42770.5075103773
312.264007568359	42757.7579279234
312.355010986328	42746.0380589722
312.446014404297	42734.3181900210
312.545989990234	42721.4428410324
312.845001220703	42682.9347001927
312.880004882813	42678.4267559650
312.975006103516	42666.1920302624
313.079986572266	42657.6182915796
313.174987792969	42651.2581968947
313.273986816406	42644.6304592917
313.378997802734	42637.6002357739
313.484985351563	42630.5046338333
313.589996337891	42623.4744103155
313.855987548828	42605.6669624280
313.904998779297	42602.3857828378
314.010009765625	42595.0824120524
314.104003906250	42586.2248194014
314.209991455078	42576.2370209349
314.313995361328	42566.4361521834
314.419006347656	42556.5403806535
314.523986816406	42546.6474849654
314.692993164063	42530.7210732442
314.911010742188	42510.1760596407
315.018005371094	42508.0103036083
315.122009277344	42543.9398573720
315.226013183594	42579.8694111357
315.330993652344	42616.1363316013
315.436004638672	42652.4137947764
315.540985107422	42688.6807152421
315.847991943359	42794.7403721851
315.897003173828	42811.6719635422
316.002014160156	42847.1175993440
316.106994628906	42840.0286688355
316.210998535156	42833.0056818667
316.316009521484	42825.9146906226
316.420013427734	42818.8917036538
316.526000976563	42811.7347688701
316.687011718750	42800.8623277763
316.860992431641	42789.1140740470
316.895996093750	42786.7504102990
316.994995117188	42780.0653839707
317.093994140625	42779.7274233302
317.199005126953	42779.7274233302
317.295013427734	42779.7274233302
317.385009765625	42779.7274233302
317.484008789063	42779.7274233302
317.589996337891	42779.7274233302
317.864990234375	42779.7274233302
317.899993896484	42779.7274233302
318.005004882813	42778.9182169782
318.109985351563	42761.9446203277
318.214996337891	42744.9660894922
318.321014404297	42727.8247305493
318.424987792969	42711.0139620062
318.528991699219	42694.1982592781
318.701995849609	42666.2263641004
318.924011230469	42630.3301676957
319.028015136719	42618.0440468644
319.135009765625	42618.0440468644
319.239013671875	42618.0440468644
319.343994140625	42618.0440468644
319.449005126953	42618.0440468644
319.553009033203	42618.0440468644
319.709991455078	42618.0440468644
319.886993408203	42618.0440468644
319.920989990234	42618.0440468644
320.026000976563	42618.0440468644
320.123992919922	42618.0440468644
320.229003906250	42618.0440468644
320.325012207031	42618.0440468644
320.415008544922	42618.0440468644
320.519989013672	42618.0440468644
320.615997314453	42618.0440468644
320.920013427734	42618.0440468644
320.954986572266	42618.0440468644
321.059997558594	42608.3304217353
321.153991699219	42593.1127384201
321.256988525391	42576.4375172549
321.355010986328	42560.5676475120
321.460998535156	42543.4082273323
321.554992675781	42528.1905440171
321.660003662109	42511.1892296381
321.920989990234	42468.9354544071
321.968994140625	42461.1635661425
322.066009521484	42456.1437069710
322.164001464844	42456.1437069710
322.255004882813	42456.1437069710
322.354003906250	42456.1437069710
322.445007324219	42456.1437069710
322.536010742188	42456.1437069710
322.635986328125	42456.1437069710
322.928985595703	42456.1437069710
322.963012695313	42456.1437069710
323.054992675781	42447.2275959000
323.153991699219	42431.1766168132
323.259002685547	42414.1509019434
323.364013671875	42397.1251870737
323.467987060547	42380.2677007146
323.571990966797	42363.4052664583
323.756011962891	42333.5694452827
323.930999755859	42305.1982017306
323.979003906250	42297.4151591586
324.087005615234	42294.0110057641
324.191009521484	42294.0110057641
324.283996582031	42294.0110057641
324.389007568359	42294.0110057641
324.484985351563	42294.0110057641
324.589996337891	42294.0110057641
324.748992919922	42294.0110057641
324.951995849609	42294.0110057641
325.055999755859	42284.9186014716
325.156005859375	42268.6811034514
325.260009765625	42251.7945019096
325.365997314453	42234.5858261013
325.468994140625	42217.8627391871
325.575988769531	42200.4905487512
325.747985839844	42172.5642323516
325.934997558594	42142.2000615042
325.983001708984	42134.4058642551
326.087005615234	42142.4443678493
326.194000244141	42155.7236746450
326.299011230469	42168.7567877893
326.403015136719	42181.6649103106
326.507995605469	42194.6942358603
326.611999511719	42207.6023583815
326.773986816406	42227.7069107122
326.950988769531	42249.6749596040
327	42255.7578365903
327.105987548828	42300.8775409205
327.209991455078	42345.1527935428
327.315002441406	42389.8567678014
327.419006347656	42434.1320204238
327.515014648438	42475.0034830854
327.621002197266	42520.1231874156
327.803009033203	42597.6048795045
327.993988037109	42678.9060916260
328.028015136719	42681.4654298793
328.136993408203	42681.4654298793
328.234008789063	42681.4654298793
328.338989257813	42681.4654298793
328.433990478516	42681.4654298793
328.540008544922	42681.4654298793
328.644012451172	42681.4654298793
328.815002441406	42681.4654298793
329.020996093750	42669.7506473614
329.126007080078	42611.1597074719
329.231994628906	42552.0238939768
329.324005126953	42500.6865839601
329.428985595703	42442.1126713707
329.524993896484	42388.5447850317
329.628997802734	42330.5157460478
329.734008789063	42271.9248061576
329.998992919922	42124.0767587700
330.033996582031	42136.9542715775
330.138000488281	42178.0687436910
330.233001708984	42215.6243046326
330.325012207031	42251.9975832190
330.430999755859	42293.8962222008
330.524993896484	42331.0536676555
330.630004882813	42372.5662552563
330.726989746094	42410.9059830663
331.002990722656	42517.7566821991
331.050994873047	42500.5052033253
331.144989013672	42466.7260838523
331.243988037109	42431.1483359400
331.348999023438	42393.4100404506
331.454986572266	42355.3207930708
331.554992675781	42319.3811260214
331.645996093750	42286.6767967133
331.743988037109	42251.4609679382
332.039001464844	42173.4728774926
332.074005126953	42186.0523093222
332.179992675781	42224.1415567019
332.285003662109	42261.8798521910
332.375000000000	42294.2222623619
332.480010986328	42331.9605578510
332.575012207031	42366.1015964611
332.674011230469	42401.6793443738
332.843994140625	42462.7669078362
333.050994873047	42518.8314723641
333.156005859375	42518.8314723641
333.253997802734	42518.8314723641
333.359008789063	42518.8314723641
333.454010009766	42518.8314723641
333.558990478516	42518.8314723641
333.654998779297	42518.8314723641
333.760986328125	42518.8314723641
334.066009521484	42508.1768196376
334.114013671875	42500.4284290971
334.214996337891	42484.1287315139
334.321014404297	42467.0162656923
334.427001953125	42449.9087257387
334.529998779297	42433.2839208602
334.635009765625	42416.3340086863
334.734985351563	42400.1968647507
335.035003662109	42363.0705967894
335.070007324219	42368.7205675141
335.175994873047	42385.8281074677
335.279998779297	42402.6154659939
335.385009765625	42419.5653781678
335.489990234375	42436.5103644737
335.595001220703	42453.4602766476
335.700988769531	42470.5678166011
335.876007080078	42498.8176702244
336.057006835938	42518.8314723641
336.104003906250	42518.8314723641
336.209991455078	42518.8314723641
336.316009521484	42518.8314723641
336.404998779297	42518.8314723641
336.510986328125	42518.8314723641
336.617004394531	42518.8314723641
336.713989257813	42518.8314723641
336.885009765625	42518.8314723641
337.062988281250	42518.8314723641
337.097991943359	42518.8314723641
337.194000244141	42518.8314723641
337.285003662109	42518.8314723641
337.376007080078	42518.8314723641
337.473999023438	42518.8314723641
337.579010009766	42518.8314723641
337.683990478516	42518.8314723641
337.776000976563	42518.8314723641
338.070007324219	42518.8314723641
338.105010986328	42518.8314723641
338.204010009766	42518.8314723641
338.308990478516	42518.8314723641
338.403991699219	42518.8314723641
338.507995605469	42518.8314723641
338.605987548828	42518.8314723641
338.705993652344	42518.8314723641
338.808990478516	42518.8314723641
339.082000732422	42518.8314723641
339.117004394531	42518.8314723641
339.231994628906	42518.8314723641
339.325988769531	42518.8314723641
339.430999755859	42518.8314723641
339.536987304688	42518.8314723641
339.641998291016	42518.8314723641
339.747009277344	42518.8314723641
340.067993164063	42518.8314723641
340.117004394531	42518.8314723641
340.214996337891	42518.8314723641
340.320007324219	42518.8314723641
340.415008544922	42518.8314723641
340.520996093750	42518.8314723641
340.623992919922	42518.8314723641
340.713012695313	42518.8314723641
340.925994873047	42518.8314723641
341.108001708984	42518.8314723641
341.141998291016	42518.8314723641
341.247985839844	42518.8314723641
341.354003906250	42518.8314723641
341.459014892578	42518.8314723641
341.562988281250	42518.8314723641
341.667999267578	42518.8314723641
341.765014648438	42518.8314723641
342.092987060547	42503.6870234178
342.141998291016	42495.7047506880
342.235992431641	42480.3962824391
342.341003417969	42463.2935424246
342.445007324219	42446.3548217129
342.545989990234	42429.9081589092
342.651000976563	42412.8054188946
342.744995117188	42397.4969506457
342.915985107422	42369.6484611656
343.131011962891	42355.9652750977
343.234985351563	42355.9652750977
343.338989257813	42355.9652750977
343.436004638672	42355.9652750977
343.540985107422	42355.9652750977
343.645996093750	42355.9652750977
343.750000000000	42355.9652750977
343.924987792969	42355.9652750977
344.122009277344	42292.6104152316
344.170989990234	42267.1765607835
344.276000976563	42212.6482784422
344.380004882813	42158.6429351647
344.475006103516	42109.3123501816
344.575012207031	42057.3829165199
344.665985107422	42010.1440877903
344.764007568359	41959.2446856171
344.937988281250	41868.9030007505
345.132995605469	41905.7622814030
345.167999267578	41923.9383755165
345.274993896484	41979.4966893457
345.365997314453	42026.7513647136
345.463989257813	42077.6349202491
345.567993164063	42131.6402635266
345.665008544922	42182.0167266364
345.769989013672	42236.5291623390
345.867004394531	42286.9056254488
346.135009765625	42355.9652750977
346.170013427734	42355.9652750977
346.273986816406	42355.9652750977
346.364990234375	42355.9652750977
346.471008300781	42355.9652750977
346.574005126953	42355.9652750977
346.678985595703	42355.9652750977
346.782989501953	42355.9652750977
346.968994140625	42355.9652750977
347.152008056641	42274.9176058586
347.200988769531	42248.8020649779
347.307006835938	42192.2753428462
347.411987304688	42136.3018471261
347.505004882813	42086.7067264997
347.609985351563	42030.7332307796
347.704986572266	41980.0804714260
347.811004638672	41923.5537492949
347.973999023438	41836.6483886432
348.157012939453	41900.1643021995
348.191986083984	41917.3997672304
348.295989990234	41968.6549721393
348.402008056641	42020.9027954536
348.494995117188	42066.7286784811
348.593994140625	42115.5173770503
348.699005126953	42167.2688911616
348.795013427734	42214.5837017963
348.981994628906	42306.7317770538
349.169006347656	42229.5182455052
349.218994140625	42204.0559115820
349.322998046875	42151.0793340423
349.428009033203	42097.5897790793
349.532989501953	42044.1157688867
349.638000488281	41990.6262139238
349.743011474609	41937.1366589609
349.834014892578	41890.7821536135
349.993011474609	41809.7938998045
350.231994628906	41806.2341473816
350.335998535156	41806.2341473816
350.441986083984	41806.2341473816
350.545989990234	41806.2341473816
350.649993896484	41806.2341473816
350.755004882813	41806.2341473816
350.859008789063	41806.2341473816
351.180999755859	41905.7353472863
351.229003906250	41932.1247230158
351.325988769531	41985.4403212787
351.415008544922	42034.3772627934
351.515014648438	42089.3537308577
351.614990234375	42144.3134224590
351.705993652344	42194.3408340451
351.809997558594	42251.5150187148
351.989013671875	42349.9257485481
352.200012207031	42347.1776879007
352.247985839844	42345.0699541391
352.355987548828	42340.3248715804
352.460998535156	42335.7111871823
352.566009521484	42331.0975027843
352.670989990234	42326.4851591838
352.776000976563	42321.8714747857
352.881011962891	42317.2577903877
353.200012207031	42210.8646717768
353.248992919922	42186.0904293240
353.355010986328	42132.4669288378
353.459991455078	42079.3682409641
353.555999755859	42030.8076386240
353.653991699219	41981.2437180533
353.759002685547	41928.1295945147
353.855987548828	41879.0750508920
354.039001464844	41806.2341473816
354.226989746094	41806.2341473816
354.260986328125	41806.2341473816
354.367004394531	41806.2341473816
354.471008300781	41806.2341473816
354.563995361328	41806.2341473816
354.669006347656	41806.2341473816
354.765014648438	41806.2341473816
354.868988037109	41806.2341473816
355.045989990234	41809.6954775464
355.242004394531	41824.4480479835
355.290008544922	41828.0609692504
355.395996093750	41836.0378767902
355.494995117188	41843.4888091423
355.601989746094	41851.5415122331
355.694000244141	41858.4664693977
355.795013427734	41866.0689928519
355.894989013672	41873.5934239202
356.057006835938	41877.2063451871
356.255004882813	41862.3044804828
356.290008544922	41859.6700108750
356.393005371094	41851.9181931535
356.497985839844	41844.0170811648
356.604003906250	41836.0378767902
356.708007812500	41828.2102635176
356.803985595703	41820.9867178187
356.907989501953	41813.1591045461
357.243011474609	41806.2341473816
357.290985107422	41806.2341473816
357.398010253906	41806.2341473816
357.502014160156	41806.2341473816
357.606994628906	41806.2341473816
357.712005615234	41806.2341473816
357.816009521484	41806.2341473816
357.920989990234	41806.2341473816
358.265014648438	41819.4110358458
358.299011230469	41821.1013921043
358.394989013672	41825.8735379150
358.496002197266	41830.8960506760
358.601013183594	41836.1173396218
358.704986572266	41841.2870378020
358.804992675781	41846.2594771729
358.911010742188	41851.5308395088
359.082000732422	41865.2298480758
359.269989013672	41886.4914577123
359.304992675781	41890.4503970390
359.410003662109	41902.3272150194
359.505004882813	41913.0719213179
359.609985351563	41924.9452877382
359.704010009766	41935.5795441165
359.803985595703	41946.8868546958
359.907989501953	41958.6497711959
360.092010498047	41969.0562246138
360.282012939453	41969.0562246138
360.332000732422	41969.0562246138
360.434997558594	41969.0562246138
360.533996582031	41969.0562246138
360.640014648438	41969.0562246138
360.734985351563	41969.0562246138
360.839996337891	41969.0562246138
360.946014404297	41969.0562246138
361.122009277344	41949.1904206351
361.320007324219	41916.9519673550
361.369995117188	41908.8128510675
361.475006103516	41891.7147441413
361.579010009766	41874.7806120855
361.683990478516	41857.6874740948
361.790008544922	41840.4253922984
361.894012451172	41823.4912602425
361.998992919922	41806.3981222518
362.312011718750	41857.0365435493
362.359985351563	41864.8477100963
362.466003417969	41882.1097918926
362.571990966797	41899.3669047535
362.675994873047	41916.3010368094
362.781005859375	41933.3991437356
362.886993408203	41950.6562565965
362.990997314453	41967.5903886524
363.317993164063	41969.0562246138
363.368011474609	41969.0562246138
363.473999023438	41969.0562246138
363.578002929688	41969.0562246138
363.684997558594	41969.0562246138
363.790008544922	41969.0562246138
363.894012451172	41969.0562246138
363.998992919922	41969.0562246138
364.329986572266	41969.0562246138
364.380004882813	41969.0562246138
364.484985351563	41969.0562246138
364.588989257813	41969.0562246138
364.692993164063	41969.0562246138
364.799011230469	41969.0562246138
364.903991699219	41969.0562246138
365.010009765625	41969.0562246138
365.346008300781	41969.0562246138
365.394989013672	41969.0562246138
365.500000000000	41969.0562246138
365.596008300781	41969.0562246138
365.695007324219	41969.0562246138
365.799987792969	41969.0562246138
365.894012451172	41969.0562246138
365.998992919922	41969.0562246138
366.167999267578	41969.0562246138
366.355987548828	41969.0562246138
366.390991210938	41969.0562246138
366.494995117188	41969.0562246138
366.585998535156	41969.0562246138
366.684997558594	41969.0562246138
366.790008544922	41969.0562246138
366.894012451172	41969.0562246138
367	41969.0562246138
367.204986572266	41969.0562246138
367.402008056641	41969.0562246138
367.450012207031	41969.0562246138
367.554992675781	41969.0562246138
367.661987304688	41969.0562246138
367.768005371094	41969.0562246138
367.872009277344	41969.0562246138
367.976989746094	41969.0562246138
368.082000732422	41969.0562246138
368.369995117188	41969.0562246138
368.417999267578	41969.0562246138
368.524993896484	41969.0562246138
368.625000000000	41969.0562246138
368.730987548828	41969.0562246138
368.824005126953	41969.0562246138
368.929992675781	41969.0562246138
369.024993896484	41967.1576108984
369.187988281250	41954.7760530792
369.380004882813	41940.1898778689
369.429992675781	41936.3926504382
369.533996582031	41928.4921919009
369.635009765625	41920.8189179107
369.739990234375	41912.8442766641
369.834014892578	41905.7018726872
369.938995361328	41897.7272314406
370.045989990234	41893.0931303209
370.372009277344	41893.0931303209
370.420013427734	41893.0931303209
370.526000976563	41893.0931303209
370.625000000000	41893.0931303209
370.730010986328	41893.0931303209
370.834991455078	41893.0931303209
370.938995361328	41893.0931303209
371.044006347656	41893.0931303209
371.375000000000	41893.0931303209
371.410003662109	41893.0931303209
371.515991210938	41893.0931303209
371.605987548828	41893.0931303209
371.704010009766	41893.0931303209
371.808990478516	41893.0931303209
371.904998779297	41893.0931303209
372.003997802734	41893.0931303209
372.183013916016	41893.0931303209
372.389007568359	41893.0931303209
372.423004150391	41893.0931303209
372.529998779297	41893.0931303209
372.635009765625	41893.0931303209
372.739990234375	41893.0931303209
372.846008300781	41893.0931303209
372.951995849609	41893.0931303209
373.055999755859	41893.0931303209
373.402008056641	41893.0931303209
373.450012207031	41893.0931303209
373.545013427734	41893.0931303209
373.648986816406	41893.0931303209
373.744995117188	41893.0931303209
373.837005615234	41893.0931303209
373.940002441406	41893.0931303209
374.045013427734	41900.2569042730
374.217010498047	41927.6298059640
374.407012939453	41957.8682172357
374.441009521484	41963.2786878680
374.535003662109	41978.2376192392
374.626007080078	41992.7205846123
374.725006103516	42008.4760305111
374.829986572266	42025.1834084062
374.925994873047	42040.4628883067
375.029998779297	42050.4015434109
375.123992919922	42044.6392332846
375.415985107422	42026.7386542947
375.450988769531	42024.5927550366
375.545989990234	42018.7687058732
375.644989013672	42012.6995714414
375.748992919922	42006.3236127041
375.843994140625	42000.4995635407
375.949005126953	41994.0618657664
376.045989990234	41993.9236127088
376.230987548828	42005.9429749217
376.425994873047	42018.6126754396
376.472991943359	42021.6660930918
376.578002929688	42028.4886970797
376.683013916016	42035.3113010675
376.786987304688	42042.0664919384
376.884002685547	42048.3696183776
376.989990234375	42055.2556700049
377.084014892578	42055.9060083101
377.437011718750	42055.9060083101
377.486999511719	42055.9060083101
377.592010498047	42055.9060083101
377.683990478516	42055.9060083101
377.773986816406	42055.9060083101
377.880004882813	42055.9060083101
377.973999023438	42055.9060083101
378.075012207031	42055.9060083101
378.248992919922	42055.9060083101
378.442993164063	42055.9060083101
378.493011474609	42055.9060083101
378.598999023438	42055.9060083101
378.704010009766	42055.9060083101
378.808990478516	42055.9060083101
378.915008544922	42055.9060083101
379.006011962891	42055.9060083101
379.109985351563	42055.9060083101
379.454986572266	42055.9060083101
379.503997802734	42055.9060083101
379.593994140625	42055.9060083101
379.686004638672	42055.9060083101
379.792999267578	42055.9060083101
379.884002685547	42055.9060083101
379.975006103516	42055.9060083101
380.080993652344	42055.9060083101
380.265991210938	42055.9060083101
380.463012695313	42055.9060083101
380.510986328125	42055.9060083101
380.615997314453	42055.9060083101
380.722991943359	42055.9060083101
380.829010009766	42055.9060083101
380.925994873047	42055.9060083101
381.023986816406	42055.9060083101
381.128997802734	42055.9060083101
381.497985839844	42055.9060083101
381.532989501953	42055.9060083101
381.639007568359	42055.9060083101
381.734985351563	42055.9060083101
381.839996337891	42055.9060083101
381.936004638672	42055.9060083101
382.033996582031	42056.5168393437
382.139007568359	42058.4036163515
382.481994628906	42064.5662105946
382.515991210938	42065.1770416282
382.621002197266	42067.0638186360
382.713989257813	42068.7345566606
382.804992675781	42070.3696537362
382.904998779297	42072.1665058881
383.007995605469	42074.9937993564
383.114013671875	42089.8493416573
383.292999267578	42114.9292943329
383.493011474609	42142.9555534694
383.541992187500	42149.8188653269
383.647003173828	42164.5332928046
383.752014160156	42179.2477202823
383.845001220703	42192.2773222947
383.936004638672	42205.0289708673
384.035003662109	42199.8914950421
384.134002685547	42159.9999636576
384.304992675781	42091.0997631810
384.500000000000	42012.5218083271
384.535003662109	41998.4171269160
384.639007568359	41956.5088843273
384.744995117188	41913.8013354682
384.843994140625	41873.9098040841
384.953002929688	41829.9848502908
385.057006835938	41809.2305758684
385.153991699219	41806.1395722018
385.500000000000	41795.1119448981
385.549011230469	41793.5499084323
385.653015136719	41790.2352009132
385.743988037109	41787.3358044595
385.834991455078	41784.4354353803
385.941009521484	41781.0565345818
386.048004150391	41786.5104354022
386.153991699219	41802.7030181786
386.319000244141	41827.9127201862
386.558013916016	41864.4287893787
386.661987304688	41880.3136524710
386.766998291016	41896.3570378248
386.871002197266	41912.2465633365
386.964996337891	41926.6068152661
387.070007324219	41930.7549691741
387.165008544922	41929.1270340885
387.501007080078	41923.3693838178
387.548004150391	41922.5640449062
387.652008056641	41920.7818403537
387.757995605469	41918.9656442239
387.864013671875	41917.1489251466
387.967010498047	41915.3839778566
388.072998046875	41916.7661558939
388.177001953125	41919.5408322621
388.511993408203	41928.4779280640
388.561004638672	41929.7854780192
388.666992187500	41932.6130751513
388.772003173828	41935.4146189843
388.876007080078	41938.1892953524
388.980987548828	41940.9900250198
389.085998535156	41947.4661285069
389.190002441406	41954.6847010074
389.536010742188	41978.7000105766
389.587005615234	41982.2393986776
389.691986083984	41989.5257512017
389.796997070313	41996.8142218515
389.894989013672	42003.6155235825
389.998992919922	42010.8340960831
390.093994140625	42019.6162476895
390.197998046875	42029.2562995669
390.537994384766	42060.7703306601
390.571990966797	42063.9214509040
390.678985595703	42073.8387108459
390.773986816406	42082.6443098759
390.875000000000	42092.0071536887
390.980010986328	42101.7405511388
391.075012207031	42062.4557596749
391.179992675781	42004.8832595944
391.359008789063	41906.7087580033
391.553985595703	41799.7812280577
391.588012695313	41781.1203741068
391.695007324219	41722.4432853622
391.795989990234	41667.0632264188
391.899993896484	41610.0262844786
391.994995117188	41557.9265191437
392.101013183594	41571.5285185189
392.205993652344	41588.5172701391
392.561004638672	41645.9678944407
392.609008789063	41653.7362974345
392.716003417969	41671.0509960334
392.821990966797	41688.2027211430
392.915008544922	41703.2555452530
393.019989013672	41717.0095200385
393.115997314453	41717.0095200385
393.214996337891	41717.0095200385
393.572998046875	41717.0095200385
393.622009277344	41717.0095200385
393.727996826172	41717.0095200385
393.825012207031	41717.0095200385
393.929992675781	41717.0095200385
394.036987304688	41702.7338183864
394.135009765625	41664.9008532826
394.240997314453	41623.9936652981
394.584014892578	41491.6018446977
394.618011474609	41478.4804489550
394.716003417969	41440.6592624825
394.813995361328	41402.8380760104
394.915985107422	41363.4738887819
395.020996093750	41334.4343924958
395.115997314453	41349.7599306519
395.214996337891	41365.7303918721
395.394012451172	41394.6091605273
395.589996337891	41426.2251598973
395.626007080078	41432.0343905507
395.730010986328	41448.8122363701
395.834991455078	41465.7476206480
395.938995361328	41482.5254664675
396.044006347656	41492.3666970406
396.148986816406	41492.3666970406
396.252990722656	41492.3666970406
396.609008789063	41492.3666970406
396.657989501953	41492.3666970406
396.763000488281	41492.3666970406
396.855010986328	41492.3666970406
396.946014404297	41492.3666970406
397.045013427734	41473.5579889269
397.148986816406	41430.1130611003
397.253997802734	41386.2345766122
397.614013671875	41235.8031667004
397.661987304688	41215.7575469340
397.768005371094	41171.4582574509
397.872009277344	41128.0005779579
397.976989746094	41084.1348451363
398.082000732422	41042.9527962548
398.186004638672	41002.9150842151
398.290985107422	40962.5014312173
398.613006591797	40838.5349002775
398.662994384766	40819.2914224837
398.768005371094	40778.8660213310
398.872009277344	40738.8283092913
398.976989746094	40698.4146562935
399.074005126953	40664.1174755396
399.178985595703	40628.0307095876
399.276000976563	40594.6819220985
399.617004394531	40477.4628747884
399.652008056641	40465.4304560245
399.756988525391	40429.3436900725
399.861999511719	40393.2464337816
399.954010009766	40361.6180618789
400.058990478516	40347.8702164057
400.153991699219	40351.1895075054
400.260009765625	40354.8937212156
400.428985595703	40360.7976450251
400.631988525391	40367.8904572303
400.679992675781	40369.5676961958
400.786010742188	40373.2719099062
400.890014648438	40376.9057499536
400.994995117188	40380.5737105648
401.101013183594	40349.2481424692
401.204010009766	40317.1291178619
401.304992675781	40285.6381986249
401.632995605469	40183.3521907793
401.667999267578	40172.4364807870
401.773986816406	40139.3848148727
401.877014160156	40107.2562735174
401.975006103516	40076.6979955872
402.074005126953	40035.3762103691
402.166992187500	39993.2489932704
402.265014648438	39948.8405189279
402.445007324219	39867.2959418202
402.644012451172	39777.1378903926
402.691986083984	39755.4037304719
402.796997070313	39707.8291475912
402.902008056641	39660.2545647109
402.994995117188	39618.1273476122
403.100006103516	39632.8563088147
403.204010009766	39650.5321422391
403.295989990234	39666.1644667523
403.635986328125	39723.9480524864
403.684997558594	39732.2776852563
403.790008544922	39750.1246755184
403.884002685547	39766.0993137072
403.989013671875	39783.9463039693
404.095001220703	39756.2451983406
404.199005126953	39723.8749227173
404.294006347656	39694.3066515861
404.656005859375	39581.6375760449
404.704010009766	39566.6967181940
404.809997558594	39533.7090517504
404.915008544922	39501.0253315568
405.019012451172	39468.7543329360
405.123992919922	39436.6282858437
405.229003906250	39404.4928997843
405.419006347656	39346.3484901342
405.636993408203	39279.6402475818
405.684997558594	39264.9500522107
405.791992187500	39232.2076332848
405.897003173828	39200.0722472253
406.002014160156	39168.8731867562
406.105987548828	39185.3895874953
406.212005615234	39202.2307897752
406.316986083984	39218.9071673927
406.639007568359	39270.0609861773
406.674011230469	39275.6213946446
406.778015136719	39292.1426431680
406.884002685547	39308.9789976637
406.989013671875	39325.6602230653
407.092010498047	39306.8070192476
407.197998046875	39283.0795683431
407.303009033203	39259.5707406546
407.661987304688	39179.2062128715
407.712005615234	39168.0086050305
407.817993164063	39144.2811541258
407.923004150391	39120.7723264372
408.015014648438	39097.8016587286
408.114013671875	39059.9972331154
408.204986572266	39025.2577162369
408.295989990234	38990.5065457134
408.653991699219	38853.7976317580
408.703002929688	38835.0818772773
408.808013916016	38794.9816835240
408.903991699219	38758.3309688033
409.009002685547	38718.4505952340
409.105987548828	38683.7834069765
409.210998535156	38646.2472852665
409.316009521484	38608.7111635566
409.653991699219	38487.8996122812
409.704986572266	38469.6715217907
409.809997558594	38432.1354000808
409.916992187500	38393.8902263770
410.019989013672	38369.1978167112
410.125000000000	38395.3530371557
410.230987548828	38421.7514912690
410.335998535156	38447.9067117136
410.652008056641	38526.6156067162
410.700012207031	38538.5720617463
410.805999755859	38564.9705158596
410.911010742188	38591.1257363044
411.015991210938	38608.2147887374
411.119995117188	38575.2039145437
411.225006103516	38541.8733928006
411.329986572266	38508.5525573469
411.674987792969	38399.0490559503
411.710998535156	38387.6192344866
411.816009521484	38354.2887127436
411.914001464844	38323.1860375567
412.019012451172	38290.6256747204
412.122985839844	38261.8362547054
412.227996826172	38232.7595319959
412.325012207031	38205.8967300507
412.666992187500	38111.2051419416
412.704010009766	38100.9551958077
412.808990478516	38071.8869231774
412.914001464844	38042.8102004679
413.014007568359	38015.8605029085
413.118988037109	37992.3472843188
413.214996337891	37970.8436256897
413.321014404297	37947.0980090094
413.675994873047	37867.5905210340
413.725006103516	37856.6131288667
413.824005126953	37834.4396169177
413.915008544922	37814.0569373146
414.005004882813	37793.1201377136
414.105010986328	37755.1416683930
414.204010009766	37717.5456493276
414.296997070313	37682.2327423942
414.515014648438	37599.4380567586
414.721008300781	37521.2095953870
414.769989013672	37502.6086056829
414.875000000000	37462.7294744858
414.980010986328	37422.8503432887
415.084014892578	37409.5018965689
415.188995361328	37402.3077749414
415.294006347656	37395.1115619996
415.496002197266	37381.2691518101
415.712005615234	37366.4668282988
415.760009765625	37363.1771907058
415.868011474609	37355.7760289502
415.971984863281	37348.6509206988
416.076995849609	37335.2954401973
416.180999755859	37319.8484689932
416.286987304688	37304.1068812607
416.488006591797	37274.2508955444
416.688995361328	37244.3994423900
416.739013671875	37236.9705733162
416.842010498047	37221.6731766572
416.934997558594	37207.8624603253
417.040008544922	37187.4569580392
417.134002685547	37162.1987372358
417.226013183594	37137.4735632999
417.315002441406	37113.5602607471
417.490997314453	37066.2667025089
417.699005126953	37010.3705878996
417.747985839844	36997.2084306302
417.855010986328	36968.4485019427
417.959014892578	36940.5004446381
418.062988281250	36921.4295101912
418.169006347656	36907.8678387780
418.273010253906	36894.5638156991
418.364990234375	36882.7978751005
418.713989257813	36838.1544455434
418.761993408203	36832.0138269100
418.867004394531	36818.5809796639
418.971984863281	36805.1520361805
419.076995849609	36775.3960549032
419.183013916016	36739.3585342527
419.276000976563	36707.7504958471
419.378997802734	36672.7399511743
419.714996337891	36558.5277743292
419.764007568359	36541.8679418124
419.868011474609	36506.5150718136
419.966003417969	36473.2057802740
420.065002441406	36475.6684162273
420.164001464844	36497.0189759551
420.256988525391	36517.0729696328
420.361999511719	36539.7200954104
420.709014892578	36614.5589408677
420.757995605469	36625.1223343212
420.864990234375	36648.1972610798
420.964996337891	36669.7650120749
421.070007324219	36659.4025300037
421.174011230469	36632.7929076055
421.265014648438	36609.5094880070
421.371002197266	36582.3923464023
421.709014892578	36495.9110736082
421.757995605469	36483.3792532005
421.864990234375	36456.0044479986
421.968994140625	36429.3948256004
422.065002441406	36406.8132804508
422.157012939453	36386.0782484791
422.255004882813	36363.9952674969
422.359008789063	36340.5574602136
422.726989746094	36257.6310869089
422.777008056641	36246.3592071737
422.881988525391	36222.7013265825
422.985992431641	36199.2635192991
423.084014892578	36177.1637007432
423.188995361328	36153.4933743206
423.295013427734	36129.5890969973
423.386993408203	36108.8500377421
423.734985351563	36030.3870341963
423.769989013672	36022.4946317526
423.864013671875	36001.2945516049
423.968994140625	35977.6242251823
424.074005126953	35953.9383238011
424.178009033203	35930.4759681846
424.274993896484	35908.5970461925
424.380004882813	35884.9075022731
424.743011474609	35803.0164459181
424.792999267578	35791.7396447150
424.898010253906	35768.0501007959
425.002014160156	35744.7391978166
425.093994140625	35730.9056699416
425.199005126953	35715.1123157884
425.303985595703	35699.3235513923
425.407989501953	35683.6816592232
425.750000000000	35632.2442514944
425.799011230469	35624.8731016047
425.902008056641	35609.3826714196
426.009002685547	35593.9589737168
426.114013671875	35585.9573343624
426.217987060547	35578.0347579950
426.322998046875	35570.0331186406
426.428009033203	35562.0314792862
426.787994384766	35534.6012735831
426.837005615234	35530.8667101414
426.941986083984	35522.8673961690
427.048004150391	35507.6287052588
427.153991699219	35483.7435180484
427.259002685547	35460.0784074262
427.363006591797	35436.6402507854
427.468994140625	35412.7550635750
427.785003662109	35341.5396551201
427.835998535156	35330.0475307813
427.934997558594	35307.7372666549
428.040985107422	35289.8740681721
428.147003173828	35281.5593593686
428.244995117188	35273.8741175816
428.348999023438	35265.7173738849
428.442993164063	35258.3456689008
428.829986572266	35227.9948276983
428.880004882813	35224.0720275461
428.984008789063	35215.9152838494
429.088012695313	35192.0642119148
429.192993164063	35165.1108759070
429.299011230469	35137.8911406481
429.404998779297	35110.6792406611
429.593994140625	35062.1554005750
429.803985595703	35008.2408932873
429.851989746094	34995.9160102813
429.957000732422	34968.9548390014
430.062011718750	34912.4402118765
430.166992187500	34835.4554348711
430.270996093750	34759.1867953263
430.365997314453	34689.5200479956
430.471008300781	34612.5128916947
430.790008544922	34378.5821143581
430.838989257813	34342.6633448538
430.944000244141	34265.6561885529
431.044006347656	34213.9304574603
431.148986816406	34188.5008810698
431.253997802734	34163.0639123606
431.358001708984	34137.8708901692
431.454010009766	34114.6146554816
431.808013916016	34028.8637583510
431.842010498047	34020.6287152990
431.976013183594	33988.1690438075
432.053009033203	33970.3599306162
432.144012451172	33949.7610391226
432.248992919922	33925.9984010481
432.355010986328	33902.0008996904
432.459014892578	33878.4593094120
432.796997070313	33801.9560487505
432.846984863281	33790.6411646908
432.951995849609	33766.8716188728
433.057006835938	33747.8701008571
433.161987304688	33732.8879850742
433.255004882813	33719.6131336480
433.359985351563	33704.6310178652
433.454986572266	33691.0730741350
433.809997558594	33640.4082622450
433.843994140625	33635.5564956805
433.949005126953	33620.5700246315
434.044006347656	33609.3324843786
434.135009765625	33601.1435848010
434.239990234375	33591.6969669114
434.334991455078	33583.1483269432
434.433990478516	33574.2399465845
434.809997558594	33540.4051271025
434.859008789063	33535.9948746808
434.955993652344	33527.2677375723
435.059997558594	33509.6810373285
435.153015136719	33488.5546302149
435.244995117188	33467.6638851228
435.351013183594	33443.5847715032
435.445007324219	33422.2365648398
435.821990966797	33336.6150074006
435.869995117188	33325.7121732831
435.966003417969	33303.9065050484
436.071990966797	33279.8278171552
436.177001953125	33255.9679449366
436.282012939453	33232.1080727180
436.385986328125	33208.4839562842
436.490997314453	33184.6240840656
436.837005615234	33106.0064638348
436.886993408203	33094.6485822032
436.993011474609	33070.5598881935
437.096984863281	33036.5647129742
437.194000244141	33004.1472249198
437.299987792969	32968.7317055703
437.404998779297	32933.6425025522
437.496002197266	32903.2338994135
437.838989257813	32788.6254853708
437.886993408203	32772.5849982023
437.984008789063	32740.1675101479
438.088989257813	32712.1666279395
438.196990966797	32684.6684373974
438.302001953125	32657.9317113008
438.394012451172	32634.5050245292
438.501007080078	32607.2632454840
438.846984863281	32519.1742411954
438.881988525391	32510.2619991630
438.988006591797	32483.2688615695
439.092010498047	32461.2137945702
439.186004638672	32441.8027057982
439.290985107422	32420.1227884684
439.395996093750	32398.4365688370
439.496002197266	32377.7839266597
439.850006103516	32304.6772286870
439.898986816406	32294.5620347004
440.006011962891	32272.1606224278
440.109985351563	32245.5134871538
440.213989257813	32218.8585305898
440.315002441406	32192.9700604529
440.420013427734	32166.0570013166
440.523986816406	32139.4098660426
440.890991210938	32045.3510316413
440.924987792969	32036.6381145016
441.031005859375	31467.0580524825
441.125000000000	29798.6580332392
441.229003906250	27952.5842457129
441.322998046875	26284.1842264697
441.415008544922	24650.9939478902
441.506011962891	23035.6793837997
441.865997314453	16645.9239854342
441.899993896484	16042.4831992584
442.006011962891	13928.1893200226
442.105010986328	8342.88976800376
442.204010009766	2757.59021592720
442.308013916016	-3110.07343184671
442.403991699219	-8524.92148707445
442.506011962891	-14280.6725359421
442.875000000000	-35098.1376665635
442.924011230469	-37863.2397259440
443.015014648438	-42270.4473643325
443.105987548828	-42998.0914921311
443.209991455078	-43829.9637455879
443.303985595703	-44581.7731765288
443.394989013672	-45309.6613983053
443.500000000000	-46149.5887528070
443.678009033203	-47573.3888861434
443.894989013672	-49308.8970205576
443.929992675781	-49588.8728053891
444.023986816406	-50366.6548362247
444.128997802734	-51320.2866643109
444.234008789063	-52273.9184924070
444.339996337891	-53236.4187362156
444.444000244141	-54180.9050105903
444.549011230469	-55134.5368386766
444.890991210938	-58240.1451692669
444.941009521484	-58694.3743370110
445.045989990234	-56255.6744221302
445.151000976563	-49464.0773876323
445.256988525391	-42609.3210666264
445.361999511719	-35817.7240321984
445.454010009766	-29866.9350002682
445.554992675781	-23335.8700229885
445.916992187500	76.4880190244339
445.951995849609	2340.35369714505
446.044006347656	5456.64513802885
446.149993896484	5484.62605421906
446.256011962891	5512.61502710868
446.359985351563	5540.06420115426
446.454986572266	5565.14470564610
446.561004638672	5593.13367853545
446.937988281250	5692.65808328584
446.986999511719	5705.59714214036
447.092987060547	5743.30081048073
447.197998046875	5782.00388937312
447.303009033203	5820.70696826550
447.407012939453	5859.03887552077
447.511993408203	5897.73070678783
447.716003417969	5972.92108237524
447.928009033203	6051.05833580891
447.976013183594	6068.75085051342
448.075012207031	6097.28281279106
448.174011230469	6123.27088049946
448.265014648438	6147.16003521782
448.369995117188	6174.71828210947
448.476989746094	6202.80526280768
448.580993652344	6230.10715391429
448.941986083984	6324.87067207729
448.992004394531	6338.00089494228
449.100006103516	6392.41896106708
449.204010009766	6446.82960308188
449.294006347656	6493.91205123344
449.398986816406	6548.83359129533
449.493988037109	6598.53439193845
449.595001220703	6651.38040868419
449.937011718750	6830.30648411261
449.986999511719	6856.45807789801
450.091003417969	6884.60980696939
450.184997558594	6906.66186208822
450.289001464844	6931.06231788203
450.394989013672	6955.92815795593
450.497985839844	6980.09234173065
450.601989746094	7004.49279752447
450.959991455078	7088.48392044613
451.009002685547	7101.38059189059
451.105987548828	7139.19586708093
451.209991455078	7179.74793059540
451.304992675781	7216.78976560726
451.395996093750	7252.27282118251
451.501007080078	7293.21755432604
451.593994140625	7329.47405007978
451.976989746094	7478.80749993510
452.027008056641	7494.77908898969
452.131011962891	7521.73380041128
452.234985351563	7548.68060258658
452.334991455078	7574.59920274151
452.441009521484	7602.07592441942
452.545013427734	7629.03063584101
452.648986816406	7655.97743801633
452.993011474609	7745.13837165934
453.041992187500	7763.22617815747
453.148986816406	7804.69835937894
453.246002197266	7842.30248490780
453.352996826172	7883.77466612925
453.445007324219	7919.43884935320
453.549987792969	7960.13032208627
453.644989013672	7996.95373912636
454.011993408203	8137.34079375376
454.046997070313	8145.45813631852
454.151000976563	8169.57662233440
454.243988037109	8191.14030393349
454.335998535156	8212.47752087539
454.433990478516	8235.20183384414
454.535003662109	8258.62677184647
454.635009765625	8281.81816817111
455.045989990234	8383.80141157492
455.095001220703	8402.28274984422
455.200988769531	8442.24893154336
455.305999755859	8481.84686739901
455.410003662109	8521.06504972865
455.515014648438	8560.66298558471
455.619995117188	8600.24941375782
455.799987792969	8668.12172578242
456.015014648438	8747.51429332053
456.062988281250	8760.20281184743
456.166992187500	8787.71074514268
456.273010253906	8815.75140249817
456.377990722656	8843.51762624691
456.480987548828	8870.75919751204
456.585998535156	8898.53349283741
456.799987792969	8955.13138845559
457.014007568359	9011.61234106198
457.063995361328	9024.38745315826
457.170989990234	9051.73149650939
457.274993896484	9078.31121691468
457.381011962891	9105.40568542661
457.473999023438	9129.16988967397
457.575012207031	9154.98528713313
457.678985595703	9181.55720832471
458.028991699219	9273.94069491025
458.063995361328	9286.42917937729
458.169006347656	9323.89463277875
458.273010253906	9361.00078366288
458.377990722656	9398.45534910931
458.483001708984	9435.92080251074
458.588012695313	9473.38625591257
458.691986083984	9510.48151884130
459.035003662109	9629.26824061882
459.084991455078	9641.97036830000
459.186004638672	9667.63828199020
459.290985107422	9694.31430105187
459.385009765625	9718.20639835678
459.489990234375	9744.88241741844
459.593994140625	9771.31028746558
459.795013427734	9822.39021117455
460.027008056641	9886.60932926400
460.075988769531	9908.60977882167
460.182006835938	9956.22944347268
460.273986816406	9997.54368332760
460.381011962891	10045.6156936704
460.484985351563	10092.3169594922
460.589996337891	10139.4842784510
460.696014404297	10187.1039431016
461.035003662109	10338.0059285253
461.085998535156	10358.9293014319
461.190002441406	10401.6024641281
461.285003662109	10440.5817937857
461.390014648438	10483.6681649239
461.485992431641	10523.0481815552
461.584014892578	10563.2671365374
461.688995361328	10606.3409862073
462.063995361328	10750.0395913022
462.111999511719	10762.1107538819
462.217010498047	10788.5169016482
462.321990966797	10814.9153754395
462.425994873047	10841.0682820328
462.531005859375	10867.4744297991
462.636993408203	10894.1261447635
462.820007324219	10940.1469724749
463.036010742188	10997.1134120884
463.071014404297	11008.4913949087
463.164001464844	11038.7169517124
463.255004882813	11068.2977230903
463.355987548828	11101.1222611483
463.460998535156	11135.2562096095
463.565002441406	11169.0628054699
463.670013427734	11203.1967539310
464.044006347656	11322.6061010757
464.092010498047	11335.8564025262
464.196990966797	11364.8335398368
464.302001953125	11393.8191007337
464.394989013672	11419.4857685783
464.500000000000	11448.4713294753
464.593994140625	11474.4159756720
464.700012207031	11503.6795149210
465.053985595703	11606.6699983490
465.101989746094	11624.6200080577
465.196014404297	11659.7782915363
465.295989990234	11697.1617828300
465.394012451172	11733.8149495077
465.493011474609	11770.8332784932
465.598999023438	11810.4648002467
465.695007324219	11846.3648196637
466.066009521484	11976.8155102532
466.100006103516	11985.2649850937
466.195007324219	12008.8764888440
466.294006347656	12033.4816022927
466.394989013672	12058.5797281875
466.493988037109	12083.1848416362
466.593994140625	12108.0402537115
466.684997558594	12130.6581477634
466.863006591797	12174.9003261688
467.083007812500	12237.7491039952
467.118011474609	12249.8940543903
467.223999023438	12286.6677359273
467.329986572266	12323.4414174641
467.434997558594	12359.8762686497
467.540008544922	12396.3111198354
467.644012451172	12432.3965522216
467.748992919922	12468.8208149589
468.088989257813	12578.2991593293
468.138000488281	12590.6296460437
468.282989501953	12627.1066960942
468.377990722656	12651.0075710272
468.483001708984	12677.4267520887
468.591003417969	12704.5983538840
468.730010986328	12739.5705624673
469.147003173828	12861.1691950664
469.182006835938	12873.9496531611
469.289001464844	12913.0152905445
469.394012451172	12951.3566648275
469.497985839844	12989.3191937967
469.595001220703	13024.7412306597
469.699005126953	13062.7149021380
469.894012451172	13133.9155361599
470.115997314453	13207.4075391421
470.165985107422	13222.4016680674
470.269012451172	13253.3053184042
470.373992919922	13284.7948199322
470.477996826172	13315.9913958647
470.575012207031	13345.0917230034
470.700988769531	13382.8791248370
470.897003173828	13441.6747842308
471.118988037109	13521.2640738130
471.170989990234	13542.5454094279
471.270996093750	13583.4720155372
471.377014160156	13626.8589638505
471.484008789063	13670.6455616593
471.588012695313	13713.2082328890
471.699005126953	13758.6308958179
471.928009033203	13852.3487024224
472.166992187500	13927.0571163175
472.222991943359	13942.2303237666
472.316986083984	13967.6981597033
472.420989990234	13995.8781547916
472.561004638672	14033.8153078038
472.690002441406	14068.7674319934
472.914001464844	14129.4602617906
473.135986328125	14183.0804616003
473.186004638672	14194.2322763349
473.325012207031	14225.2246595659
473.423004150391	14247.0724186341
473.526000976563	14270.0360395792
473.630004882813	14293.2241937068
473.756011962891	14321.3180576719
474.144012451172	14423.9204773404
474.194000244141	14440.6524974467
474.294006347656	14474.1267525673
474.384002685547	14504.2505177037
474.544006347656	14557.8072829152
474.640991210938	14590.2702620958
474.744995117188	14625.0826702289
474.933990478516	14688.3435985057
475.154998779297	14766.6627761822
475.203002929688	14784.0758244310
475.308990478516	14822.5217980911
475.415008544922	14860.9788417120
475.515014648438	14897.2551030667
475.619995117188	14935.3357680223
475.716003417969	14970.1618645194
475.815002441406	15006.0728171693
476.164001464844	15132.2349487310
476.200012207031	15145.2022198240
476.304992675781	15183.0051118245
476.408996582031	15220.4563490156
476.515014648438	15258.6328742512
476.618988037109	15296.0731222293
476.714996337891	15330.6451856695
476.820007324219	15368.4590668827
477.173004150391	15470.9163945397
477.207000732422	15478.3135099016
477.303985595703	15499.4158731155
477.404998779297	15521.3947347386
477.505004882813	15543.1544717595
477.596008300781	15562.9553676385
477.700012207031	15585.5849629290
477.804992675781	15608.4270426823
478.175994873047	15713.0972294394
478.225006103516	15730.4298028942
478.329986572266	15767.5556140301
478.436004638672	15805.0483663224
478.536010742188	15840.4150183842
478.635986328125	15875.7708780588
478.739990234375	15912.5513328120
478.835998535156	15946.5041821821
479.199005126953	16069.6832039829
479.248992919922	16086.0558527736
479.343994140625	16117.1718818854
479.447998046875	16151.2365870615
479.553985595703	16185.9510005230
479.644012451172	16215.4377611655
479.748992919922	16249.8223227282
479.854003906250	16284.2168798030
480.205993652344	16408.1096009586
480.256988525391	16426.9421896628
480.354003906250	16462.7703162279
480.459014892578	16501.5512484426
480.555999755859	16537.3681047572
480.661987304688	16576.5096849906
480.765991210938	16614.9186989366
480.972991943359	16691.3648085594
481.213989257813	16774.1431072902
481.264007568359	16791.1605009169
481.369995117188	16827.2199323184
481.463989257813	16859.1989270536
481.555999755859	16890.5030404061
481.658996582031	16925.5449583385
481.756011962891	16958.5518493333
481.855010986328	16992.2336217101
482.236999511719	17101.2186186771
482.286010742188	17113.5554861829
482.384002685547	17138.2215394586
482.489990234375	17164.9002074832
482.584991455078	17188.8134506622
482.683990478516	17213.7330012157
482.787994384766	17239.9123564209
483.006011962891	17295.0711211356
483.236999511719	17363.9892455579
483.285003662109	17378.3119050526
483.390991210938	17409.9346618396
483.484985351563	17437.9790300812
483.588012695313	17468.7185713747
483.694000244141	17500.3413281614
483.798004150391	17531.3722395145
484.014007568359	17595.3741773236
484.238006591797	17655.0834307477
484.273986816406	17664.6743312635
484.365997314453	17689.2006799112
484.471984863281	17717.4527558160
484.565002441406	17742.2475520607
484.670013427734	17770.2393151440
484.764007568359	17795.2944242102
484.868988037109	17823.2780525179
485.242004394531	17914.9321332702
485.291992187500	17926.6504407923
485.385009765625	17948.4559361081
485.490997314453	17973.3018958297
485.593994140625	17997.4467602296
485.684997558594	18018.7800893083
485.789001464844	18043.1610368267
485.894989013672	18068.0069965484
486.252014160156	18180.9767275037
486.300994873047	18198.1486921455
486.407989501953	18235.6595382724
486.511993408203	18272.1218781471
486.618011474609	18309.2903548854
486.722991943359	18346.0950641486
486.815002441406	18378.3526799709
487.019989013672	18449.7280440704
487.263000488281	18528.9661315482
487.298004150391	18540.3796800022
487.404998779297	18575.2671262783
487.510009765625	18609.5077716395
487.614990234375	18643.7384662175
487.720001220703	18677.9791115787
487.825988769531	18712.5381820057
488.042999267578	18781.6967052830
488.269012451172	18846.9744027194
488.320007324219	18861.7028705045
488.423004150391	18891.4506734816
488.514007568359	18917.7345100673
488.618011474609	18947.7731804511
488.723999023438	18978.3847714852
488.813995361328	19004.3777406641
489.026000976563	19065.6590397503
489.278991699219	19139.2081771153
489.312988281250	19149.0916196996
489.419006347656	19179.9130555508
489.514007568359	19207.5316881946
489.618988037109	19238.0514749902
489.722991943359	19268.2873567924
489.829010009766	19299.1087926438
490.058013916016	19370.1487098207
490.290985107422	19455.8050299030
490.338989257813	19473.4546751075
490.444000244141	19512.0639752651
490.533996582031	19545.1528523834
490.627014160156	19579.3525463330
490.725006103516	19615.3811609238
490.816009521484	19648.8403103191
490.915008544922	19685.2391971869
491.279998779297	19811.2513804633
491.329986572266	19828.1693669992
491.434997558594	19863.7095328536
491.533996582031	19897.2149958095
491.639007568359	19932.7551616640
491.743011474609	19967.9544889619
491.848999023438	20003.8251649321
492.063995361328	20074.4779109527
492.289001464844	20143.2068560897
492.338012695313	20158.1775174068
492.433013916016	20187.1959910553
492.539001464844	20219.5702791959
492.644012451172	20251.6462727149
492.734008789063	20279.1359864284
492.838012695313	20310.9043636191
493.053985595703	20373.5273074609
493.281005859375	20428.7976203558
493.329986572266	20440.7224559785
493.434997558594	20466.2884119768
493.541992187500	20492.3373052432
493.648986816406	20518.3861985097
493.755004882813	20544.1973380444
493.859008789063	20569.5181105065
494.062011718750	20622.6830765681
494.290985107422	20692.2456013231
494.325988769531	20702.8797764388
494.433013916016	20735.3942072421
494.536987304688	20766.9815085670
494.635009765625	20796.7609074090
494.739990234375	20828.6541614617
494.834991455078	20857.5157021203
494.938995361328	20889.1122747399
495.338989257813	20984.6278028015
495.372985839844	20992.3482008665
495.464996337891	21013.2431740858
495.569000244141	21036.8617706798
495.664001464844	21058.4359171578
495.755004882813	21079.1021891777
495.859008789063	21102.7207857717
495.954986572266	21124.5167031098
496.325988769531	21217.1565955246
496.373992919922	21229.2931758099
496.480987548828	21256.3439389884
496.574005126953	21279.8609744044
496.665008544922	21302.8687826755
496.765014648438	21328.1526819729
496.864013671875	21353.1819676976
496.963989257813	21378.4581514322
497.339996337891	21486.1529711125
497.388000488281	21500.0729770921
497.493988037109	21530.8067220175
497.584014892578	21556.9122640648
497.688995361328	21587.3539808927
497.786010742188	21615.4860209499
497.885986328125	21644.4764466266
498.088989257813	21707.5853371945
498.317993164063	21784.9099145510
498.367004394531	21801.4588579456
498.473999023438	21837.5862524303
498.565002441406	21868.3141161930
498.669006347656	21903.4316747792
498.764007568359	21935.5094212225
498.855010986328	21966.2372849855
498.954986572266	21999.9946564435
499.324005126953	22095.2758633255
499.359985351563	22104.1688510182
499.464996337891	22130.1237031387
499.571014404297	22156.3274684006
499.665985107422	22179.8007319283
499.770996093750	22205.7555840488
499.875000000000	22231.4615230277
499.973999023438	22255.9304391217
500.345001220703	22401.1158336542
500.393005371094	22420.4230220751
500.498992919922	22463.0510356702
500.604003906250	22505.2862774729
500.695007324219	22541.8876988784
500.799011230469	22583.7178947703
500.904998779297	22626.3459083654
501.117004394531	22694.9391459428
501.345001220703	22754.1457621555
501.380004882813	22763.2355746033
501.485992431641	22790.7586074110
501.591003417969	22818.0280447537
501.695007324219	22845.0359617733
501.799987792969	22872.2974742578
501.894989013672	22896.9675580846
502	22924.2369954273
502.390991210938	23040.1115103637
502.441009521484	23054.9349828876
502.545989990234	23086.0470911752
502.649993896484	23116.8697845020
502.744995117188	23145.0244336590
502.848999023438	23175.8471269858
502.954010009766	23206.9682794909
503.153991699219	23254.7318770148
503.384002685547	23305.7163537156
503.433990478516	23316.7967003835
503.537994384766	23339.8503154288
503.643005371094	23363.1271609014
503.747985839844	23386.3972418157
503.852996826172	23409.6740872883
503.959014892578	23433.1741631883
504.158996582031	23491.4180162025
504.390014648438	23562.8448907988
504.437988281250	23577.6775257874
504.542999267578	23610.1451447418
504.648010253906	23642.6127636962
504.752014160156	23674.7690105421
504.846008300781	23703.8304073394
504.950988769531	23736.2885907754
505.153991699219	23785.3706804641
505.386993408203	23836.7074264809
505.420989990234	23844.1978174517
505.526000976563	23867.3346534760
505.631988525391	23890.6866533341
505.725006103516	23911.1810085219
505.815002441406	23931.0097005982
505.920013427734	23954.1465366223
506.015991210938	23975.6837578828
506.388000488281	24066.7355783014
506.421997070313	24075.0564747698
506.527008056641	24100.7586334294
506.632995605469	24126.6998124543
506.725006103516	24149.2200125005
506.830993652344	24175.1611915254
506.934997558594	24200.6168604333
507.033996582031	24226.1038337134
507.411987304688	24332.5876345347
507.446990966797	24342.4485193676
507.545989990234	24370.3375432545
507.649993896484	24399.6364931332
507.755004882813	24429.2191476326
507.846008300781	24454.8557287763
507.950012207031	24484.1546786551
508.044006347656	24507.4981711857
508.420989990234	24586.8368713613
508.468994140625	24596.9396622119
508.575012207031	24619.2518652727
508.679992675781	24641.3456990462
508.773986816406	24661.1273874248
508.880004882813	24683.4395904858
508.975006103516	24703.4332255256
509.186004638672	24750.7224801829
509.417999267578	24803.1433825234
509.467010498047	24814.2178325575
509.563995361328	24836.1322797606
509.662994384766	24858.5018413488
509.755004882813	24879.2922939346
509.854003906250	24901.6618555226
509.959014892578	24925.3898645931
510.186004638672	24992.9809936534
510.416992187500	25065.4176783660
510.464996337891	25080.4715699043
510.572998046875	25114.3404333205
510.678985595703	25147.5776649240
510.782989501953	25180.1928348937
510.888000488281	25213.1238207697
510.993011474609	25246.0548066458
511.192993164063	25307.8553282891
511.427001953125	25380.1325948341
511.475006103516	25394.9594258561
511.579986572266	25427.3842820005
511.674011230469	25456.4252650763
511.765014648438	25484.5330909551
511.868988037109	25516.6468947002
511.964996337891	25546.3005567441
512.184020996094	25598.0650796008
512.416015625000	25649.6945045150
512.465026855469	25660.6017468740
512.565002441406	25682.8508913121
512.669006347656	25705.9965214236
512.763977050781	25727.1318503282
512.869995117188	25750.7257232766
512.963989257813	25771.6437223211
513.177978515625	25821.5221345290
513.409973144531	25876.0922593929
513.443969726563	25884.0889864516
513.536010742188	25905.7390123118
513.640014648438	25930.2029672627
513.734985351563	25952.5421186145
513.840026855469	25977.2501388436
513.945007324219	26001.9438022917
514.049011230469	26028.6454688803
514.421020507813	26133.1349217980
514.471008300781	26147.1754241669
514.575988769531	26176.6621934890
514.674987792969	26204.4689026987
514.773986816406	26232.2756119082
514.864990234375	26257.8365264776
514.955993652344	26283.3974410470
515.054992675781	26307.5354881042
515.437988281250	26389.5604271993
515.486999511719	26400.0570050628
515.591979980469	26422.5403349821
515.684997558594	26442.4616110269
515.789978027344	26464.9449409461
515.893981933594	26487.2191236104
515.997985839844	26509.4933062746
516.202026367188	26553.0888808425
516.434020996094	26602.6559974450
516.468994140625	26610.1282304924
516.565002441406	26630.6410098703
516.664978027344	26652.0014247599
516.765014648438	26673.3748801958
516.856018066406	26692.8183347746
516.955017089844	26713.9701009229
517.044982910156	26733.1691733565
517.442993164063	26818.0057888353
517.476989746094	26825.2522226371
517.575012207031	26846.1458899363
517.676025390625	26867.6770352542
517.773986816406	26888.5576927979
517.864990234375	26907.9552382172
517.963989257813	26929.0570616043
518.056030273438	26947.4570337053
518.466003417969	27025.9260547804
518.515014648438	27035.3068235646
518.620971679688	27055.5870410108
518.715026855469	27073.5892386401
518.820983886719	27093.8694560864
518.914001464844	27111.6730571163
519.013977050781	27131.0989519807
519.221984863281	27175.2354006933
519.455993652344	27224.8889054950
519.492004394531	27232.5298986699
519.598022460938	27255.0255006107
519.700988769531	27276.8735607567
519.794982910156	27296.8178480271
519.900024414063	27319.1062365936
520.004028320313	27341.5563449875
520.226989746094	27410.0024513562
520.461975097656	27482.1397383859
520.510986328125	27497.1855153951
520.617980957031	27530.0314021907
520.723022460938	27562.2777063411
520.827026367188	27594.2054822109
520.931030273438	27626.1332580807
521.036987304688	27655.5317833618
521.242004394531	27701.1264010180
521.479980468750	27754.0509065977
521.526977539063	27764.5027838218
521.632995605469	27788.0805899750
521.723999023438	27808.3192249633
521.825012207031	27830.7839740615
521.914978027344	27850.7918533189
522.013977050781	27872.3840963673
522.229980468750	27913.8606660665
522.469970703125	27959.9431390977
522.518005371094	27969.1666656174
522.614990234375	27987.7895164939
522.721008300781	28008.1469060297
522.825988769531	28028.3050580169
522.929992675781	28048.2756923111
523.023986816406	28069.2464556461
523.236022949219	28135.7924613223
523.471008300781	28209.5409132084
523.505981445313	28220.5169815023
523.609985351563	28253.1578547528
523.715026855469	28286.1243705179
523.814025878906	28317.1944975202
523.918029785156	28349.8353707707
524.015991210938	28378.4323078437
524.226013183594	28416.1411814359
524.489013671875	28463.3622033215
524.538024902344	28472.1620363626
524.642028808594	28490.8356546716
524.747985839844	28509.8599512586
524.851989746094	28528.5335695675
524.956970214844	28547.3825270155
525.062011718750	28568.5692206601
525.260009765625	28611.5484301296
525.502014160156	28664.0800471291
525.536010742188	28671.4596462891
525.640991210938	28694.2476365134
525.734985351563	28714.6508370630
525.841003417969	28737.6640574232
525.947021484375	28760.6772777834
526.044982910156	28780.9402751269
526.255981445313	28822.0443877856
526.502990722656	28870.1636657516
526.536987304688	28876.7864574066
526.643005371094	28897.4395796767
526.747985839844	28917.8905700651
526.853027343750	28938.3534505641
526.945983886719	28956.4620891465
527.051025390625	28974.5511931502
527.260009765625	29005.5406705292
527.513977050781	29043.2004881034
527.549011230469	29048.3955698837
527.653991699219	29063.9627138942
527.758972167969	29079.5298579047
527.854003906250	29093.6217435002
527.953979492188	29108.4467329707
528.044982910156	29124.6073179571
528.145996093750	29145.5730094992
528.521972656250	29223.6084535468
528.556030273438	29230.6772486408
528.661987304688	29252.6690555997
528.755004882813	29271.9752271465
528.846008300781	29290.8633516715
528.945007324219	29311.4109961919
529.049011230469	29334.0575479716
529.142028808594	29355.3757102986
529.531982421875	29444.7469301851
529.580017089844	29455.7557187359
529.674987792969	29477.5215065185
529.778991699219	29501.3575620337
529.874023437500	29523.1373381118
529.979003906250	29547.1972063549
530.085021972656	29568.3183705560
530.304992675781	29610.5138642755
530.546020507813	29656.7486047579
530.596008300781	29666.3374253339
530.703002929688	29686.8614820738
530.796020507813	29704.7044156000
530.900024414063	29724.6547822199
531.005004882813	29745.2005347029
531.111022949219	29774.1811369180
531.351013183594	29839.7837436595
531.633972167969	29917.1320867046
531.669006347656	29926.7088660202
531.776000976563	29955.9564167879
531.880004882813	29984.3864376138
531.973999023438	30010.0802357781
532.073974609375	30032.9194416423
532.166015625000	30052.4932078073
532.585021972656	30141.6005716820
532.619995117188	30149.0380836268
532.728027343750	30172.0125969636
532.831970214844	30194.1174535811
532.935974121094	30216.2352901496
533.036010742188	30233.9258697762
533.140014648438	30245.6938987989
533.565979003906	30293.8917125017
533.601013183594	30297.8558255646
533.705993652344	30309.7343525125
533.809997558594	30321.5023815352
533.903991699219	30332.1378068257
534.010009765625	30344.9427809500
534.104980468750	30363.3647475305
534.335021972656	30407.9871074548
534.580993652344	30455.6995273263
534.629028320313	30465.0170644079
534.734985351563	30485.5701068140
534.840026855469	30505.9455595680
534.943969726563	30526.1079047394
535.049011230469	30550.9779562515
535.153015136719	30580.6898696046
535.348022460938	30636.3997071416
535.594970703125	30706.9480647861
535.643005371094	30720.6706444862
535.747009277344	30750.3825578393
535.843994140625	30778.0892657723
535.948974609375	30808.0801642273
536.044982910156	30831.8106811884
536.143981933594	30851.9559330431
536.351989746094	30894.2833179511
536.601989746094	30945.1556678874
536.637023925781	30952.2847520825
536.744018554688	30974.0570248948
536.835998535156	30992.7739759088
536.934020996094	31012.7205076467
537.025024414063	31031.2268759430
537.125000000000	31051.5234553771
537.223999023438	31071.6217776253
537.599975585938	31147.9507943010
537.635009765625	31155.0632708547
537.739990234375	31176.3759183681
537.844970703125	31197.6885658814
537.948974609375	31218.8029562086
538.044006347656	31238.0750134760
538.148986816406	31259.3379332803
538.361999511719	31302.4818810229
538.604003906250	31351.4978560368
538.653015136719	31361.4246726664
538.744995117188	31380.0544518206
538.851013183594	31401.5275283904
538.945983886719	31420.7630535157
539.052001953125	31436.9607876545
539.145019531250	31446.3645476764
539.369018554688	31469.0100852621
539.611022949219	31493.4759044793
539.645996093750	31497.0115701568
539.750976562500	31507.6247376356
539.843994140625	31517.0284976576
539.942993164063	31527.0369614080
540.036010742188	31539.3425757069
540.135986328125	31557.5061010128
540.234008789063	31575.3147833336
540.617980957031	31645.0746964591
540.653015136719	31651.4396925066
540.758972167969	31670.6899244548
540.856018066406	31688.3211852829
540.953979492188	31706.1187787604
541.054992675781	31725.5566112427
541.146972656250	31744.0835866892
541.245971679688	31764.0243658360
541.638000488281	31842.9883759835
541.685974121094	31852.6514169264
541.791015625000	31873.8092966499
541.885986328125	31892.9386754121
541.986022949219	31913.0884516276
542.091003417969	31934.1919817649
542.197021484375	31955.4975702132
542.468017578125	32009.9574508757
542.804016113281	32077.4803434538
542.853027343750	32087.3297317808
542.958984375000	32108.6230544903
543.065002441406	32126.4535411546
543.169982910156	32141.9382410855
543.278015136719	32157.8730776424
543.749023437500	32227.3471644837
543.797973632813	32234.5673559631
543.903991699219	32250.2051023469
543.995971679688	32263.7722202515
544.101013183594	32279.8282592222
544.205017089844	32295.7479009722
544.421020507813	32328.8110536444
544.666992187500	32366.4613800837
544.716003417969	32373.9634178333
544.822021484375	32390.1913625045
544.929016113281	32406.5687873799
545.023986816406	32421.7481238279
545.130981445313	32440.9909524874
545.224975585938	32457.8956622053
545.429992675781	32494.7676881418
545.679992675781	32539.7298251576
545.728027343750	32548.3687904486
545.823974609375	32565.6247668619
545.916015625000	32582.1782098843
546.015991210938	32600.4712598270
546.104980468750	32618.2153537680
546.197021484375	32636.5679557317
546.294982910156	32656.1010632594
546.705993652344	32738.0549237527
546.742980957031	32745.4300409874
546.849975585938	32766.7643322623
546.955017089844	32787.7091784026
547.054016113281	32802.0547905376
547.158996582031	32812.5034579671
547.263977050781	32822.9521253966
547.690002441406	32865.3542757791
547.737976074219	32870.1290738022
547.843017578125	32880.5838160383
547.948974609375	32891.1296803741
548.054992675781	32907.1362311715
548.159973144531	32927.9976977648
548.263977050781	32948.6651042038
548.692993164063	33033.9181557645
548.742004394531	33043.6575497611
548.848022460938	33064.7252052685
548.953002929688	33085.5866718618
549.057006835938	33105.0990698263
549.161987304688	33123.8335400856
549.267028808594	33142.5789024788
549.471008300781	33178.9804138779
549.721008300781	33223.5945942163
549.768981933594	33232.1558114395
549.874023437500	33250.9011738326
549.963989257813	33266.9561791596
550.056030273438	33284.4686227997
550.153991699219	33303.8511564300
550.255004882813	33323.8375073073
550.473999023438	33367.1674329556
550.726989746094	33417.2238827359
550.778015136719	33427.3197071066
550.880981445313	33447.6925010221
550.986022949219	33468.4758906655
551.091979980469	33489.3990574510
551.185974121094	33507.9543547588
551.284973144531	33527.4976614036
551.723022460938	33613.9725761946
551.757019042969	33620.6838103507
551.864013671875	33641.8055221562
551.955017089844	33659.7704236406
552.059020996094	33680.2755100609
552.153991699219	33698.9813836823
552.260009765625	33719.8631976157
552.476013183594	33762.4082405118
552.731018066406	33812.6351942330
552.780029296875	33822.2886752857
552.874023437500	33840.8022005923
552.973999023438	33860.4938593275
553.065979003906	33872.1018237827
553.164978027344	33881.8348599598
553.268981933594	33892.0599485207
553.486022949219	33913.3982201888
553.739990234375	33938.3668783472
553.775024414063	33941.8112450338
553.880004882813	33952.1323438159
553.974975585938	33961.4693378305
554.078979492188	33977.8845054966
554.182983398438	33996.2609810708
554.275024414063	34012.5237305814
554.499023437500	34052.1021726925
554.749023437500	34096.2747336972
554.783020019531	34102.2815980721
554.874023437500	34118.3610141996
554.965026855469	34134.4404303271
555.054992675781	34151.3932389476
555.155029296875	34170.9910133081
555.254028320313	34190.3855160614
555.357971191406	34210.7485482369
555.755004882813	34288.5298308573
555.804992675781	34298.3227394607
555.906005859375	34318.1118282749
556.010009765625	34337.9727699256
556.104980468750	34351.7009164870
556.210021972656	34366.8848112379
556.315002441406	34382.0598832724
556.517028808594	34411.2630742227
556.776977539063	34448.8390229408
556.812011718750	34453.9032620964
556.906005859375	34467.4902451971
556.995971679688	34480.4949290221
557.099975585938	34495.9217956985
557.205017089844	34511.5185603484
557.309997558594	34527.1062623809
557.523986816406	34558.8797991981
557.781005859375	34597.0424813253
557.828979492188	34604.1656986495
557.932983398438	34619.6083988026
558.039001464844	34633.3603422972
558.143981933594	34643.5920261455
558.247985839844	34653.7285315395
558.354003906250	34664.0613424956
558.763977050781	34704.0184473849
558.812988281250	34708.7952160653
558.905029296875	34717.7657853928
559.010009765625	34728.9697446610
559.114990234375	34749.3984634010
559.218994140625	34769.6371475481
559.323974609375	34790.0658662881
559.536010742188	34831.3271272781
559.791015625000	34880.9499103569
559.825988769531	34887.7555242162
559.929992675781	34907.9942083633
560.036987304688	34924.4918357156
560.140991210938	34932.5746513783
560.247009277344	34940.8140004428
560.351989746094	34948.9727110882
560.784973144531	34982.6226490641
560.835021972656	34986.5122669299
560.940002441406	34994.6709775753
561.034973144531	35006.1182860661
561.125000000000	35023.5827764156
561.224975585938	35042.9772409528
561.325012207031	35062.3835458222
561.526000976563	35101.3737605481
561.804016113281	35155.3064748134
561.851989746094	35164.6129761115
561.943969726563	35182.4563570990
562.051025390625	35198.2667549880
562.145996093750	35207.4631108911
562.250000000000	35217.5341844508
562.354980468750	35227.6998220815
562.799011230469	35270.6969231068
562.835021972656	35274.1839732242
562.926025390625	35282.9961625890
563.023986816406	35294.7973032784
563.129028320313	35315.1073467640
563.226013183594	35333.8596181750
563.325012207031	35353.0013326045
563.554016113281	35397.2798236896
563.814025878906	35447.5533770004
563.848022460938	35454.1267031025
563.953979492188	35474.6137661418
564.059020996094	35494.6541431482
564.163024902344	35514.2883714216
564.255004882813	35531.6526801119
564.359985351563	35551.4712673362
564.799011230469	35634.3521382110
564.851013183594	35644.1692523477
564.955017089844	35663.8034806211
565.059997558594	35678.3218902423
565.164001464844	35688.7684250918
565.268981933594	35699.3130494704
565.374023437500	35709.8638044446
565.815002441406	35754.1573574304
565.864013671875	35759.0802256723
565.968994140625	35769.6248500509
566.073974609375	35785.5432048516
566.164978027344	35801.2946753691
566.255981445313	35817.0461458866
566.361999511719	35835.3964505740
566.572021484375	35871.7484358527
566.827026367188	35915.8863592747
566.875976562500	35924.3589812432
566.979980468750	35942.3606618346
567.085998535156	35962.3301089759
567.190002441406	35982.2899291993
567.294982910156	36002.4371655751
567.401000976563	36022.7835316129
567.825012207031	36104.1572822539
567.874023437500	36113.5632303991
567.979003906250	36133.7104667749
568.085021972656	36149.2028466664
568.189025878906	36163.2249839086
568.293029785156	36177.2471211507
568.398010253906	36191.4009216533
568.869995117188	36255.0354212387
568.906005859375	36259.8905039692
569.010986328125	36274.2359732287
569.104980468750	36288.5483947484
569.210021972656	36304.5429904858
569.306030273438	36319.1621067525
569.409973144531	36334.9894144460
569.835021972656	36399.7112998120
569.869995117188	36405.0366358711
569.976013183594	36421.1799320917
570.075988769531	36436.1698313435
570.174987792969	36450.9403803944
570.273986816406	36465.7109294452
570.364013671875	36479.1428405734
570.596984863281	36513.9018946590
570.851989746094	36551.9483520785
570.887023925781	36557.1754144429
570.984008789063	36571.6454529398
571.088989257813	36584.5246709098
571.185974121094	36595.9608350168
571.289978027344	36608.2246636125
571.385009765625	36619.4305210793
571.539978027344	36637.7039135702
571.864013671875	36675.9132246114
571.901000976563	36680.2746566121
572.007019042969	36692.6165302956
572.111999511719	36702.6105656726
572.203979492188	36711.3669675988
572.309997558594	36721.4597812324
572.405029296875	36730.5067074428
572.609008789063	36749.9253505997
572.864013671875	36774.2015597886
572.911987304688	36778.7686015365
573.017028808594	36790.3845553581
573.120971679688	36810.1444427800
573.263977050781	36837.3302420924
573.325012207031	36848.9332294217
573.427978515625	36868.5074690463
573.880004882813	36954.4391932072
573.916015625000	36961.2849557314
574.021972656250	36979.3357492836
574.125976562500	36989.2051420890
574.231994628906	36999.2656675015
574.323974609375	37007.9940565613
574.429016113281	37017.9619116188
574.637023925781	37037.7006972297
574.903991699219	37063.0344555225
575.046020507813	37080.8657270816
575.103027343750	37091.6681893418
575.198974609375	37109.8496354587
575.294982910156	37128.0426473809
575.398986816406	37147.7507798129
575.494018554688	37165.7587388486
575.892028808594	37241.1793559784
575.940979003906	37250.4551319234
576.046020507813	37265.9925646882
576.151977539063	37276.0155447079
576.255981445313	37285.8537693355
576.362976074219	37295.9749006572
576.468017578125	37305.9112765869
576.893005371094	37346.1128951798
576.942016601563	37350.7491007995
577.034973144531	37362.1799323820
577.140014648438	37380.0384036221
577.244018554688	37397.7204692774
577.335021972656	37413.1922767257
577.440002441406	37431.0403711665
577.640991210938	37465.2111705815
577.898010253906	37508.9078715641
577.934020996094	37515.0301830294
578.038024902344	37529.8338456358
578.135009765625	37538.9810345404
578.226013183594	37547.5640796360
578.325012207031	37556.9012353335
578.424011230469	37566.2383910310
578.643005371094	37586.8929623273
578.908020019531	37611.8879870120
578.956970214844	37616.5047557354
579.056030273438	37625.8421595313
579.155029296875	37635.1695823963
579.260009765625	37645.0605610201
579.354980468750	37654.0084463333
579.460021972656	37663.9051755261
579.908996582031	37706.2063608500
579.943969726563	37709.5014368683
580.033996582031	37717.9800168912
580.125000000000	37726.5447216436
580.229980468750	37736.4248639467
580.333984375000	37746.2130979493
580.437988281250	37756.0013319520
580.703979492188	37781.0348552991
580.958007812500	37804.9425019651
581.005981445313	37809.9403968121
581.111022949219	37828.3065914032
581.218017578125	37847.0142840926
581.322998046875	37865.3698068682
581.427001953125	37883.5545805948
581.531982421875	37901.9101033704
581.929016113281	37971.3302636352
581.978027343750	37979.8997315357
582.075988769531	37991.8655507747
582.174011230469	38002.3451401801
582.273010253906	38012.9291339630
582.364990234375	38022.7627212817
582.455993652344	38032.4919042228
582.728027343750	38061.5750486682
582.982971191406	38088.8311165050
583.018005371094	38092.3392308671
583.122009277344	38102.0870525551
583.229003906250	38112.1151813222
583.325012207031	38121.1136106152
583.426025390625	38130.5811252242
583.526000976563	38139.9513904384
583.958984375000	38180.5329908227
583.994018554688	38183.8165880345
584.098999023438	38201.0542216887
584.197021484375	38217.5667329774
584.301025390625	38235.0868570349
584.395019531250	38250.9207719694
584.494018554688	38267.5977914655
584.702026367188	38302.6380395803
584.958007812500	38345.7597533695
585.005981445313	38353.9509605163
585.111999511719	38373.7554943575
585.216003417969	38393.1837762606
585.315002441406	38411.6771291048
585.421997070313	38431.6640881285
585.526000976563	38451.0923700315
585.956970214844	38531.5988832459
585.992004394531	38538.1433866568
586.085998535156	38547.6571163875
586.190979003906	38557.4474730294
586.286010742188	38566.3100226176
586.383972167969	38575.4457914609
586.474975585938	38583.9326645732
586.565002441406	38592.3284646004
586.960998535156	38629.2586005848
586.997009277344	38632.6169205958
587.103027343750	38644.1028175642
587.195983886719	38654.2143336413
587.301025390625	38665.6404132004
587.405029296875	38676.9536261980
587.505004882813	38687.8286513682
587.710998535156	38710.2359834496
587.981994628906	38739.7140736545
588.031005859375	38746.9567563460
588.125000000000	38762.9755328549
588.224975585938	38780.0136860507
588.323974609375	38796.8854103996
588.416015625000	38812.5713292147
588.520019531250	38830.2960014037
588.729980468750	38866.0782034754
588.989990234375	38910.3898839479
589.025024414063	38913.9552398607
589.114990234375	38920.6402261601
589.219970703125	38928.4408885990
589.325012207031	38936.2460863068
589.429016113281	38943.9741844440
589.526000976563	38951.1807266624
589.981994628906	38985.0637203143
590.031982421875	38989.7944674668
590.137023925781	39000.9377547294
590.236022949219	39011.4400277917
590.340026855469	39022.4732419088
590.434997558594	39032.5481721706
590.536010742188	39043.2641166330
590.979003906250	39090.2588748853
591.026977539063	39097.1272657536
591.125000000000	39113.9903689223
591.231018066406	39132.2289805064
591.335998535156	39150.2890909985
591.434020996094	39167.1521941673
591.539001464844	39185.2123046594
591.982971191406	39261.5897719380
592.018005371094	39266.1851435422
592.122985839844	39275.8979175485
592.228027343750	39285.6163385164
592.331970214844	39295.2331141750
592.426025390625	39303.9350820492
592.531005859375	39313.6478560555
592.729980468750	39332.0569509744
592.989990234375	39356.1130075248
593.038024902344	39364.0645114242
593.143005371094	39383.4604853726
593.249023437500	39403.0481637146
593.353027343750	39422.2637099983
593.458007812500	39441.6596839467
593.562988281250	39461.0556578951
593.986999511719	39539.3950945343
594.021972656250	39543.8237526686
594.125976562500	39553.4168696200
594.231018066406	39563.1056925504
594.325988769531	39571.8656045084
594.432006835938	39581.6445036544
594.536010742188	39591.2376206058
594.984008789063	39632.5600844693
595.031982421875	39637.8280634448
595.138000488281	39650.4013609720
595.242004394531	39662.7357875618
595.346984863281	39675.1860303637
595.452026367188	39687.6435116789
595.557006835938	39700.0937544808
596.000976562500	39752.7055675366
596.034973144531	39755.3054986211
596.140991210938	39763.4133627034
596.236022949219	39770.6810336165
596.341003417969	39778.7095461217
596.434997558594	39785.8978654578
596.539978027344	39793.9263779630
596.979003906250	39827.5014305502
597.015014648438	39830.4911347508
597.119018554688	39840.0778782305
597.213989257813	39848.8319702813
597.318969726563	39858.5087301318
597.416015625000	39867.4541069702
597.520019531250	39877.0408504500
597.726989746094	39896.1186950157
597.994995117188	39920.8225627502
598.043029785156	39929.1759986615
598.148010253906	39948.4304886756
598.252014160156	39967.5058671546
598.356018066406	39986.5812456336
598.461975097656	40006.0148471827
598.567016601563	40025.2805316678
598.987976074219	40102.4887977299
599.036987304688	40108.0851174389
599.142028808594	40117.7153589831
599.245971679688	40127.2448774896
599.344970703125	40136.3211423267
599.450012207031	40145.9513838708
599.544982910156	40154.6583309032
600.000976562500	40196.4638998718
600.036987304688	40199.7621550692
600.140991210938	40209.2879633002
600.245971679688	40218.9032157399
600.346008300781	40228.0656568728
600.450012207031	40237.5914651038
600.544982910156	40246.2899144039
600.752990722656	40265.3415308659
601.020996093750	40289.8864463989
601.068969726563	40294.2759844620
601.176025390625	40304.0714676205
601.280029296875	40313.5877180779
601.374023437500	40322.1880852753
601.473999023438	40331.3357485671
601.580017089844	40341.0362926073
602.026000976563	40383.9471557880
602.073974609375	40392.2183460414
602.166015625000	40408.0872454080
602.271972656250	40426.3554213366
602.364990234375	40442.3926909883
602.463989257813	40459.4612286360
602.568969726563	40477.5610342796
603.018981933594	40553.4074384885
603.067016601563	40557.2841590938
603.171997070313	40565.7567886250
603.265991210938	40573.3427476239
603.372009277344	40581.8991182609
603.476013183594	40590.2929326336
603.580993652344	40598.7655621648
604.031982421875	40635.4782742346
604.080993652344	40639.9163558650
604.184997558594	40649.3341529984
604.289978027344	40658.8403801517
604.393981933594	40668.2581772851
604.486022949219	40676.5927066731
604.590026855469	40686.0105038064
605.028991699219	40725.7583987877
605.077026367188	40730.1057324379
605.182006835938	40739.6068936555
605.276000976563	40748.1137473039
605.380981445313	40757.6149085216
605.486022949219	40767.1215936702
605.591003417969	40776.6227548878
606.043029785156	40821.4205911089
606.091003417969	40830.0966653519
606.184997558594	40847.0955894409
606.276000976563	40863.5536386727
606.380981445313	40882.5394499930
606.473999023438	40899.3617618837
606.565002441406	40915.8198111153
606.784973144531	40955.6017087888
607.047973632813	40998.8231912273
607.083007812500	41001.9879935517
607.187988281250	41011.4713733390
607.284973144531	41020.2324724564
607.390014648438	41029.7213658367
607.494995117188	41039.2047456240
607.585021972656	41047.3372951508
608.062011718750	41090.4221147611
608.096984863281	41093.5791989652
608.203002929688	41103.1496269978
608.307006835938	41112.5382334269
608.411987304688	41122.0149957850
608.517028808594	41131.4972678885
608.622009277344	41140.9740302466
609.054016113281	41184.8364974352
609.101989746094	41193.4874824998
609.195007324219	41210.2611481973
609.301025390625	41229.3791648092
609.405029296875	41248.1339721245
609.505004882813	41266.1623608467
609.609985351563	41285.0932696392
610.068969726563	41360.3928263617
610.119018554688	41363.9986706253
610.223022460938	41371.4917909000
610.328002929688	41379.0552691114
610.432006835938	41386.5483893860
610.611999511719	41399.5162366219
610.823974609375	41414.7883062895
611.099975585938	41436.4668723799
611.148986816406	41440.8772679979
611.254028320313	41450.3296850074
611.343994140625	41458.4254797034
611.448974609375	41467.8724043148
611.546020507813	41476.6053171824
611.651000976563	41486.0522417938
612.098022460938	41526.2707286941
612.146972656250	41530.6717186580
612.245971679688	41539.5724739219
612.344970703125	41548.4732291857
612.450012207031	41557.9172487967
612.554992675781	41567.3557808891
612.645996093750	41575.5376712087
613.080993652344	41614.6403572781
613.130004882813	41619.0426839656
613.234985351563	41628.4723251892
613.333984375000	41637.3646961569
613.439025878906	41646.7998197300
613.544006347656	41656.2294609536
613.650024414063	41665.7523021195
614.101989746094	41706.3402186744
614.151000976563	41710.7382771828
614.255004882813	41720.0711435567
614.361022949219	41729.5847520610
614.466003417969	41739.0052509830
614.570983886719	41748.4257499050
614.789001464844	41767.9897162709
615.075988769531	41793.8247629326
615.109985351563	41796.9121710885
615.216003417969	41806.5402284796
615.320007324219	41815.9853694090
615.414001464844	41824.5214709531
615.520019531250	41834.1495283442
615.625000000000	41843.6833560428
616.093994140625	41894.4559594228
616.143005371094	41903.1726203514
616.247985839844	41921.8434258273
616.354003906250	41940.6987683340
616.445007324219	41956.8837514530
616.549011230469	41975.3808750175
616.645019531250	41992.4559779323
617.109008789063	42063.3838997036
617.143981933594	42065.8846138231
617.249023437500	42073.3954846774
617.353027343750	42080.8321633153
617.443969726563	42087.3348928755
617.549011230469	42094.8457637299
617.643981933594	42101.6365336598
618.125000000000	42138.2550322322
618.174011230469	42142.6314762677
618.278991699219	42152.0056776885
618.377014160156	42160.7585657593
618.481018066406	42170.0455653064
618.585998535156	42179.4197667273
618.815979003906	42199.9558079794
619.083007812500	42223.7920499836
619.117980957031	42226.9115879307
619.221984863281	42236.1885384752
619.327026367188	42245.5580407563
619.426025390625	42254.3885652769
619.530029296875	42263.6655158213
619.635009765625	42273.0295738826
620.091003417969	42313.6943345276
620.138977050781	42317.9687439247
620.245971679688	42327.5018732797
620.343994140625	42336.2355901901
620.434997558594	42344.3439164128
620.539001464844	42353.6105749529
620.633972167969	42362.0723828687
621.091003417969	42402.7846771243
621.140014648438	42407.1467979367
621.244995117188	42416.4903194774
621.349975585938	42425.8338410181
621.453979492188	42435.0904460794
621.559020996094	42444.4393999000
621.655029296875	42452.9843762858
622.125000000000	42494.8005575800
622.174987792969	42499.2446463040
622.278991699219	42508.4909554441
622.385009765625	42517.9163304302
622.476013183594	42526.0068509278
622.580017089844	42535.2531600679
622.674011230469	42543.6095662157
623.101989746094	42581.6480121987
623.151000976563	42586.0003155040
623.244995117188	42594.3471985554
623.343994140625	42603.1385260288
623.443969726563	42612.0165743653
623.534973144531	42620.0978747740
623.640014648438	42629.4257875866
623.854980468750	42648.5152175260
624.135986328125	42673.4553671488
624.171020507813	42676.5629283038
624.276000976563	42685.8747840294
624.374023437500	42694.5694586198
624.479003906250	42703.8813143454
624.575012207031	42712.3973312387
624.681030273438	42721.8012227477
625.169006347656	42766.3622531596
625.203979492188	42769.7286846197
625.309020996094	42779.8397291968
625.405029296875	42789.0812591908
625.508972167969	42799.0865519943
625.604003906250	42808.2340804118
625.708984375000	42818.3392498904
626.140991210938	42867.2653694267
626.190002441406	42874.5353524266
626.284973144531	42888.6226420254
626.383972167969	42903.3074644737
626.476013183594	42916.9601847276
626.575988769531	42931.7898636241
626.674011230469	42946.3298296240
627.119995117188	43005.6707604280
627.155029296875	43008.8782810846
627.258972167969	43018.3946707682
627.354980468750	43027.1846184911
627.453979492188	43036.2483789531
627.544982910156	43044.5801094393
627.635986328125	43052.9118399256
627.854980468750	43072.9616380374
628.135009765625	43104.6415452744
628.169006347656	43109.2755192146
628.273986816406	43123.5850976297
628.380004882813	43138.0361079247
628.474975585938	43150.9812846770
628.578979492188	43165.1577507348
628.674987792969	43178.2443593667
629.125000000000	43238.5494066332
629.174011230469	43244.8242520635
629.278991699219	43258.2647678046
629.383972167969	43271.7052835457
629.473999023438	43283.2313072191
629.578979492188	43296.6718229602
629.684020996094	43310.1201529546
630.133972167969	43362.3518225832
630.182983398438	43366.6603218631
630.288024902344	43375.8943533208
630.393005371094	43385.1230192750
630.497985839844	43394.3516852293
630.601013183594	43403.4086550728
630.825012207031	43423.1000527775
631.122009277344	43449.1959441074
631.171020507813	43453.4993624680
631.278015136719	43462.8939980670
631.382995605469	43472.1117808567
631.486999511719	43481.2438168298
631.591979980469	43490.4615996195
631.684997558594	43498.6289839053
632.185974121094	43542.5791360992
632.221008300781	43545.6481512709
632.315002441406	43553.8820944147
632.414001464844	43562.5544682973
632.505004882813	43570.5264223411
632.609008789063	43579.6372269625
632.713989257813	43588.8335790452
633.159973144531	43625.0959161053
633.195007324219	43627.5503901143
633.299987792969	43634.9052599670
633.393981933594	43641.4904341375
633.499023437500	43648.8495800774
633.594970703125	43655.5715890358
633.695007324219	43662.5800958316
634.163024902344	43698.0958498372
634.210998535156	43702.2592505357
634.315979003906	43711.3700001558
634.421020507813	43720.4860467235
634.525024414063	43729.5120451845
634.630004882813	43738.6227948046
634.734985351563	43747.7335444248
635.176025390625	43770.8864635487
635.224975585938	43770.9291701266
635.330017089844	43771.0208135440
635.424987792969	43771.1036706952
635.530029296875	43771.1953141125
635.633972167969	43771.2859990281
635.724975585938	43771.3653949230
636.164978027344	43786.0276945271
636.200012207031	43789.0903773159
636.304992675781	43798.2677543139
636.421997070313	43808.4962611192
636.513977050781	43816.5371373610
636.619018554688	43825.7198500433
636.723999023438	43834.8972270413
637.164001464844	43873.3459127502
637.211975097656	43877.5350035359
637.317016601563	43886.7073002818
637.416015625000	43895.3519634553
637.520019531250	43904.4336564563
637.625000000000	43913.6006235701
637.729980468750	43922.7675906838
638.161987304688	43960.4746609741
638.197021484375	43963.5303952047
638.301025390625	43972.6017734782
638.393981933594	43980.7095839891
638.499023437500	43989.8714631022
638.594970703125	43998.2401289742
638.700012207031	44007.4020080873
639.221008300781	44052.8216549786
639.255981445313	44055.8685175346
639.361022949219	44065.0197399756
639.453979492188	44073.1181198582
639.559020996094	44082.2693422992
639.656005859375	44090.7186697012
639.887023925781	44110.8449782076
640.176025390625	44136.0049444890
640.210021972656	44138.9632795621
640.317016601563	44148.2738026920
640.416015625000	44156.8885594041
640.520996093750	44166.0238131310
640.614990234375	44174.2030519329
640.719970703125	44183.3383056598
641.169982910156	44222.4812576973
641.221008300781	44226.9164684875
641.325012207031	44235.9566589019
641.432006835938	44245.2568078435
641.536987304688	44254.3818826750
641.642028808594	44263.5122627825
641.745971679688	44272.5471479209
642.179992675781	44307.1311187828
642.229003906250	44310.5357439913
642.335021972656	44317.9004189441
642.439025878906	44325.1251777925
642.544006347656	44332.4177747521
642.648986816406	44339.7103717118
642.752990722656	44346.9351305602
643.190002441406	44380.5754868724
643.237976074219	44384.7369072005
643.335021972656	44393.1550475587
643.440002441406	44402.2614635437
643.544006347656	44411.2831686824
643.648986816406	44420.3895846674
643.754028320313	44429.5012950804
644.184997558594	44466.8673019705
644.234985351563	44471.1985885936
644.338989257813	44480.2102032528
644.443969726563	44489.3064340121
644.549011230469	44498.4079532775
644.643981933594	44506.6368690109
644.750000000000	44515.8230043765
645.184020996094	44553.4113012210
645.219970703125	44556.5226620190
645.327026367188	44565.7880726129
645.432006835938	44574.8738800366
645.525024414063	44582.9243280098
645.625976562500	44591.6614939859
645.731018066406	44600.7525838558
646.208984375000	44642.0996035347
646.257995605469	44646.3367604684
646.362976074219	44655.4126134273
646.466979980469	44664.4040398470
646.572021484375	44673.4851694645
646.677978515625	44682.6454489624
646.783996582031	44691.8110051191
647.231018066406	44730.4348232029
647.280029296875	44734.6672214944
647.374023437500	44742.7841497245
647.479980468750	44751.9341415475
647.585021972656	44761.0050723812
647.689025878906	44769.9864007605
647.911987304688	44789.2403870103
648.223022460938	44816.0783811244
648.271972656250	44820.3007547805
648.375976562500	44829.2719825987
648.479980468750	44838.2432104168
648.585998535156	44847.3881768018
648.690002441406	44856.3594046200
648.916992187500	44875.9392146292
649.221984863281	44902.2263773091
649.257995605469	44905.3291945769
649.356018066406	44913.7751683600
649.455017089844	44922.3052863403
649.559020996094	44931.2666433307
649.664001464844	44940.3121445182
649.765014648438	44949.0158099049
650.208007812500	44987.1659729323
650.242980957031	44990.1760666207
650.335021972656	44998.0979187709
650.439025878906	45007.0494015719
650.536987304688	45015.4808158300
650.633972167969	45023.8281786062
650.726013183594	45031.7500307565
650.937988281250	45049.9944555029
651.218017578125	45070.3284697108
651.252014160156	45072.6669879168
651.357971191406	45079.9554396325
651.455017089844	45086.6309224827
651.559997558594	45093.8521995281
651.666992187500	45101.2120243309
651.765991210938	45108.0218565214
652.226013183594	45143.5330115132
652.260986328125	45146.5371879439
652.366027832031	45155.5602030177
652.466979980469	45164.2319444076
652.570007324219	45173.0819440849
652.676025390625	45182.1888454115
652.781005859375	45191.2066175945
653.231994628906	45229.9242900452
653.281005859375	45234.1296735594
653.387023925781	45243.2264994176
653.492004394531	45252.2342947406
653.596984863281	45261.2420900636
653.693969726563	45269.5638265569
653.927978515625	45289.6428307827
654.211975097656	45313.9913306035
654.262023925781	45318.2810977428
654.366027832031	45327.1954431152
654.471008300781	45336.1934912611
654.575988769531	45345.1915394070
654.681030273438	45354.1948189763
654.784973144531	45363.1039329253
655.216979980469	45416.9583580234
655.265014648438	45424.8004910660
655.369018554688	45441.7801539689
655.473999023438	45458.9192503263
655.578979492188	45476.0583466837
655.684020996094	45493.2074076320
655.773986816406	45507.8952146265
656.236999511719	45563.0475467713
656.286987304688	45566.8975537778
656.393981933594	45575.1381670649
656.499023437500	45583.2283527280
656.603027343750	45591.2386237156
656.708007812500	45599.3241085154
656.932006835938	45616.5762766638
657.236022949219	45625.6604110715
657.286010742188	45626.4752541733
657.390014648438	45628.1706053888
657.484985351563	45629.7187077898
657.590026855469	45631.4309727205
657.693969726563	45633.1253290116
657.794982910156	45634.7719289304
658.234985351563	45658.1680122332
658.268981933594	45661.0693503157
658.364990234375	45669.2628957444
658.455017089844	45676.9459723544
658.560974121094	45685.9885628594
658.655029296875	45694.0154245922
658.760009765625	45702.9746732492
659.226989746094	45742.8065806243
659.260986328125	45745.7047551516
659.366027832031	45754.6594380271
659.471008300781	45763.6089177167
659.575988769531	45772.5583974063
659.674011230469	45780.9147139072
659.778991699219	45789.8641935968
660.252990722656	45825.9422945112
660.302978515625	45829.3481815674
660.406982421875	45836.4344227685
660.512023925781	45843.5913600379
660.606018066406	45849.9955921093
660.710021972656	45857.0818333104
660.815002441406	45864.2346119875
661.258972167969	45898.8747286812
661.307983398438	45903.0449962107
661.406005859375	45911.3855312697
661.508972167969	45920.1467284333
661.614013671875	45929.0844998134
661.705017089844	45936.8277985513
661.804992675781	45945.3345211084
662.257995605469	45983.8555927339
662.293029785156	45986.8333163359
662.398986816406	45995.8391145466
662.505004882813	46004.8501004293
662.604003906250	46013.2645040571
662.695007324219	46020.9993226817
662.799987792969	46029.9221181440
663.255981445313	46068.6564746473
663.304992675781	46072.8178213167
663.403991699219	46081.2234306539
663.508972167969	46090.1369004812
663.604980468750	46098.2885795732
663.705017089844	46106.7822871587
663.804992675781	46115.2708124942
664.260986328125	46131.8281009234
664.310974121094	46131.8281009234
664.416015625000	46131.8281009234
664.520996093750	46131.8281009234
664.625976562500	46131.8281009234
664.724975585938	46131.8281009234
664.828979492188	46131.8281009234
665.265014648438	46154.3052917832
665.314025878906	46158.4621743857
665.419982910156	46167.4489093770
665.525024414063	46176.3579940085
665.630004882813	46185.2619019493
665.734985351563	46194.1658098900
665.840026855469	46203.0748945214
666.273010253906	46239.7740565433
666.322021484375	46243.9265800851
666.414001464844	46251.7196722114
666.518981933594	46260.6142431850
666.614990234375	46268.7486386161
666.713989257813	46277.1364258948
666.818969726563	46286.0309968684
667.273986816406	46324.5583725948
667.322021484375	46328.6238810133
667.429016113281	46337.6795814677
667.533996582031	46346.5648095233
667.638977050781	46355.4500375789
667.744995117188	46364.4230847491
667.978027343750	46384.1462247004
668.268981933594	46408.7477838115
668.317016601563	46412.8090145785
668.424987792969	46421.9377531130
668.515014648438	46429.5493355541
668.619995117188	46438.4252147398
668.715026855469	46446.4599495607
668.806030273438	46454.1540983198
669.265014648438	46480.5217304518
669.314025878906	46482.3651716001
669.419006347656	46486.3137628518
669.523986816406	46490.2623541036
669.627990722656	46494.1742142739
669.732971191406	46498.1228055256
669.838012695313	46502.0736924700
670.276000976563	46521.9937548053
670.325012207031	46524.4491544619
670.431030273438	46529.7605233332
670.523986816406	46534.4175266671
670.614990234375	46538.9766809487
670.715026855469	46543.9883870973
670.804992675781	46548.4955590698
671.273010253906	46581.2978513832
671.322998046875	46585.5151019176
671.549987792969	46604.6652298023
671.599975585938	46608.8824803367
671.705017089844	46617.7443706539
671.809020996094	46626.5187234141
672.296997070313	46667.6606221325
672.346984863281	46671.8734125411
672.450988769531	46680.6384856256
672.546020507813	46688.6474168419
672.650024414063	46697.4124899265
672.744995117188	46705.4162773205
672.846008300781	46713.9293031156
673.331970214844	46754.8547770872
673.367980957031	46757.8864171281
673.465026855469	46766.0564301196
673.570983886719	46774.9766455619
673.666015625000	46782.9770922460
673.765014648438	46791.3115331720
673.869018554688	46800.0673206799
674.320007324219	46828.4886478055
674.367980957031	46831.0963116842
674.465026855469	46836.3713569350
674.565002441406	46841.8056488349
674.669982910156	46847.5119870936
674.773986816406	46853.1652431360
674.866027832031	46858.1682420280
675.341003417969	46875.5931780228
675.375976562500	46876.6334103904
675.481018066406	46879.7577383218
675.586975097656	46882.9092974669
675.684020996094	46885.7958061310
675.788024902344	46888.8892720201
675.885986328125	46891.8030118980
676.340026855469	46923.7600443600
676.388000488281	46927.7903350021
676.484008789063	46935.8560438826
676.588989257813	46944.6755094099
676.692993164063	46953.4129333974
676.783996582031	46961.0581793864
676.888977050781	46969.8776449137
677.346984863281	47008.3240869476
677.395996093750	47012.4371623419
677.502990722656	47021.4162671566
677.606994628906	47030.1443872960
677.710998535156	47038.8725074354
677.817016601563	47047.7696580705
678.067016601563	47068.7442192267
678.359008789063	47093.2236454275
678.408020019531	47097.3325457701
678.505004882813	47105.4633585280
678.609008789063	47114.1826190309
678.713989257813	47122.9837505246
678.806030273438	47130.7000913922
678.895019531250	47138.1605854141
679.356994628906	47176.8579293984
679.390991210938	47179.7049443339
679.497009277344	47188.5833374090
679.601989746094	47197.3748377482
679.706970214844	47206.1663380874
679.804992675781	47214.3751459622
679.909973144531	47223.1666463014
680.366027832031	47243.9831121743
680.401000976563	47245.2517232052
680.505981445313	47249.0597702789
680.611022949219	47252.8700313335
680.705017089844	47256.2795618530
680.810974121094	47260.1230326204
680.905029296875	47263.5347771207
681.370971679688	47278.3539925788
681.442993164063	47280.5622236201
681.518981933594	47282.8920945069
681.619995117188	47285.9892321114
681.724975585938	47289.2080095615
681.815979003906	47291.9982404789
681.921020507813	47295.2188893111
682.369995117188	47328.5667909166
682.403991699219	47331.4084219748
682.512023925781	47340.4383806337
682.606018066406	47348.2949548341
682.710021972656	47356.9882031702
682.815979003906	47365.8447049961
682.914001464844	47374.0379895195
683.395996093750	47414.2912050414
683.431030273438	47417.2164959184
683.536987304688	47426.0637171072
683.635009765625	47434.2484159720
683.734985351563	47442.5961972551
683.833984375000	47450.8624373289
683.924987792969	47458.4610587533
684.408996582031	47498.8390704819
684.458984375000	47503.0085795115
684.554992675781	47511.0166841556
684.659973144531	47519.7731622153
684.763977050781	47528.4481846652
684.888000488281	47538.7930471171
685.117004394531	47561.2347936242
685.408020019531	47593.8168886722
685.456970214844	47599.2973501296
685.562011718750	47611.0577917356
685.653991699219	47621.3558658207
685.758972167969	47633.1094739336
685.862976074219	47644.7537461572
685.968017578125	47656.5141877632
686.432006835938	47683.6816116976
686.479980468750	47686.3008721405
686.586975097656	47692.1425560545
686.684020996094	47697.4410600038
686.789001464844	47703.1727749680
686.883972167969	47708.3579775750
687.129028320313	47725.4209218268
687.424987792969	47750.0284872441
687.473022460938	47754.0223321572
687.578979492188	47762.8321349134
687.674987792969	47770.8147499683
687.780029296875	47779.5484311568
687.875000000000	47787.4447751018
687.979980468750	47796.1733815192
688.429016113281	47833.4707590183
688.478027343750	47837.5414917827
688.575012207031	47845.5967774150
688.679992675781	47854.3161551918
688.784973144531	47863.0355329687
688.875000000000	47870.5129063529
688.979980468750	47879.2322841298
689.434997558594	47916.9864353851
689.469970703125	47919.8881281432
689.572998046875	47928.4362212946
689.679016113281	47937.2324522211
689.781982421875	47945.7754813364
689.888000488281	47954.5717122629
689.992980957031	47963.2818545736
690.440002441406	47963.9627567288
690.487976074219	47963.9735003631
690.593994140625	47963.9972429747
690.697998046875	47964.0205345177
690.794006347656	47964.0420354550
690.898986816406	47964.0655456979
691.140991210938	47973.4056457561
691.435974121094	47992.8997464248
691.469970703125	47995.1464284178
691.575012207031	48002.0881514161
691.689025878906	48009.6228048506
691.784973144531	48015.9635303320
691.905029296875	48023.8975042644
692.117980957031	48039.9436730335
692.440002441406	48066.6102090561
692.473999023438	48069.4254593527
692.580017089844	48078.2047946581
692.684997558594	48086.8982067049
692.789001464844	48095.5107498024
692.895019531250	48104.2900851077
693.140991210938	48124.6462226019
693.440002441406	48149.3802883882
693.487976074219	48153.3486443197
693.593994140625	48162.1184080002
693.700012207031	48170.8881716807
693.804016113281	48179.4913249977
693.895019531250	48187.0190841501
693.984985351563	48194.4610137213
694.469970703125	0
694.504028320313	0
694.609008789063	0
694.713989257813	0