0.137999996542931,32.5146865844727
1.16600000858307,25.8941383361816
3.28299999237061,25.8941383361816
3.38800001144409,25.8941383361816
3.49300003051758,32.5146865844727
3.59699988365173,25.8941383361816
3.70199990272522,25.8941383361816
3.82200002670288,32.5146865844727
3.91300010681152,25.8941383361816
4.0149998664856,25.8941383361816
4.12099981307983,25.8941383361816
4.22800016403198,25.8941383361816
4.33400011062622,25.8941383361816
4.43900012969971,32.5146865844727
4.54400014877319,25.8941383361816
4.64900016784668,25.8941383361816
4.75500011444092,25.8941383361816
4.86999988555908,32.5146865844727
4.97599983215332,25.8941383361816
5.08099985122681,32.5146865844727
5.18499994277954,32.5146865844727
5.29199981689453,32.5146865844727
5.39699983596802,32.5146865844727
5.50299978256226,25.8941383361816
5.60900020599365,32.5146865844727
5.71400022506714,25.8941383361816
5.82299995422363,32.5146865844727
5.9229998588562,25.8941383361816
6.02799987792969,25.8941383361816
6.13399982452393,25.8941383361816
6.23999977111816,25.8941383361816
6.34600019454956,32.5146865844727
6.4520001411438,32.5146865844727
6.55800008773804,25.8941383361816
6.66300010681152,25.8941383361816
6.76900005340576,32.5146865844727
6.87200021743774,25.8941383361816
6.97800016403198,32.5146865844727
7.08500003814697,25.8941383361816
7.18900012969971,25.8941383361816
7.29400014877319,25.8941383361816
7.40000009536743,32.5146865844727
7.50299978256226,32.5146865844727
7.60799980163574,25.8941383361816
7.71600008010864,25.8941383361816
7.8270001411438,25.8941383361816
7.92600011825562,25.8941383361816
8.02999973297119,25.8941383361816
8.13599967956543,25.8941383361816
8.24100017547607,32.5146865844727
8.34500026702881,25.8941383361816
8.44999980926514,25.8941383361816
8.55599975585938,32.5146865844727
8.66100025177002,32.5146865844727
8.76700019836426,25.8941383361816
8.88000011444092,25.8941383361816
8.98299980163574,25.8941383361816
9.08899974822998,25.8941383361816
9.19400024414063,25.8941383361816
9.29899978637695,25.8941383361816
9.4060001373291,25.8941383361816
9.51099967956543,32.5146865844727
9.61499977111816,25.8941383361816
9.7209997177124,25.8941383361816
9.82800006866455,25.8941383361816
9.93200016021729,25.8941383361816
10.03600025177,25.8941383361816
10.1420001983643,25.8941383361816
10.2469997406006,32.5146865844727
10.3540000915527,25.8941383361816
10.4589996337891,25.8941383361816
10.5629997253418,32.5146865844727
10.6680002212524,25.8941383361816
10.7720003128052,25.8941383361816
10.8850002288818,32.5146865844727
10.9890003204346,32.5146865844727
11.0959997177124,25.8941383361816
11.1999998092651,25.8941383361816
11.3050003051758,32.5146865844727
11.4079999923706,25.8941383361816
11.5139999389648,32.5146865844727
11.6180000305176,25.8941383361816
11.7239999771118,25.8941383361816
11.8409996032715,25.8941383361816
11.9329996109009,25.8941383361816
12.039999961853,32.5146865844727
12.1429996490479,25.8941383361816
12.25,32.5146865844727
12.3549995422363,32.5146865844727
12.460000038147,32.5146865844727
12.5649995803833,32.5146865844727
12.668999671936,25.8941383361816
12.7740001678467,25.8941383361816
12.8950004577637,25.8941383361816
12.9989995956421,25.8941383361816
13.1040000915527,25.8941383361816
13.2110004425049,25.8941383361816
13.3140001296997,25.8941383361816
13.4200000762939,25.8941383361816
13.5229997634888,32.5146865844727
13.6280002593994,25.8941383361816
13.7329998016357,32.5146865844727
13.8450002670288,32.5146865844727
13.9449996948242,25.8941383361816
14.0520000457764,25.8941383361816
14.1560001373291,25.8941383361816
14.2600002288818,25.8941383361816
14.3660001754761,25.8941383361816
14.4720001220703,25.8941383361816
14.576000213623,32.5146865844727
14.6820001602173,25.8941383361816
14.7880001068115,25.8941383361816
14.8940000534058,25.8941383361816
14.9989995956421,25.8941383361816
15.1040000915527,25.8941383361816
15.210000038147,25.8941383361816
15.3159999847412,25.8941383361816
15.4209995269775,25.8941383361816
15.5270004272461,25.8941383361816
15.6309995651245,25.8941383361816
15.7360000610352,25.8941383361816
15.8459997177124,32.5146865844727
15.9479999542236,25.8941383361816
16.05299949646,25.8941383361816
16.1580009460449,25.8941383361816
16.261999130249,25.8941383361816
16.3680000305176,25.8941383361816
16.4640007019043,25.8941383361816
16.5559997558594,25.8941383361816
16.6620006561279,32.5146865844727
16.7549991607666,25.8941383361816
16.8780002593994,25.8941383361816
16.9850006103516,32.5146865844727
17.0860004425049,25.8941383361816
17.1909999847412,32.5146865844727
17.2959995269775,32.5146865844727
17.3999996185303,32.5146865844727
17.5069999694824,25.8941383361816
17.6040000915527,25.8941383361816
17.7089996337891,25.8941383361816
17.8500003814697,32.5146865844727
17.9209995269775,25.8941383361816
18.0279998779297,32.5146865844727
18.1340007781982,32.5146865844727
18.2390003204346,25.8941383361816
18.3439998626709,25.8941383361816
18.4500007629395,25.8941383361816
18.5559997558594,25.8941383361816
18.6620006561279,25.8941383361816
18.7670001983643,25.8941383361816
18.9029998779297,32.5146865844727
19.0060005187988,25.8941383361816
19.1119995117188,25.8941383361816
19.2169990539551,25.8941383361816
19.3229999542236,25.8941383361816
19.4300003051758,32.5146865844727
19.5319995880127,32.5146865844727
19.6380004882813,25.8941383361816
19.7430000305176,32.5146865844727
19.8680000305176,25.8941383361816
19.9540004730225,25.8941383361816
20.0599994659424,25.8941383361816
20.1650009155273,32.5146865844727
20.2709999084473,25.8941383361816
20.3759994506836,32.5146865844727
20.4820003509521,25.8941383361816
20.5860004425049,25.8941383361816
20.6909999847412,32.5146865844727
20.7970008850098,25.8941383361816
20.9200000762939,25.8941383361816
21.0160007476807,32.5146865844727
21.121000289917,25.8941383361816
21.2259998321533,25.8941383361816
21.3299999237061,25.8941383361816
21.4370002746582,25.8941383361816
21.5419998168945,32.5146865844727
21.6469993591309,25.8941383361816
21.7520008087158,25.8941383361816
21.8740005493164,32.5146865844727
21.9619998931885,25.8941383361816
22.0669994354248,25.8941383361816
22.1879997253418,25.8941383361816
22.2959995269775,32.5146865844727
22.4360008239746,25.8941383361816
22.5270004272461,25.8941383361816
22.6319999694824,25.8941383361816
22.7350006103516,25.8941383361816
22.8719997406006,32.5146865844727
22.9340000152588,25.8941383361816
23.0419998168945,25.8941383361816
23.1459999084473,32.5146865844727
23.2509994506836,32.5146865844727
23.3439998626709,25.8941383361816
23.4489994049072,25.8941383361816
23.5540008544922,25.8941383361816
23.6590003967285,25.8941383361816
23.7560005187988,32.5146865844727
23.8850002288818,32.5146865844727
23.9659996032715,25.8941383361816
24.0709991455078,32.5146865844727
24.1749992370605,32.5146865844727
24.2800006866455,25.8941383361816
24.3840007781982,25.8941383361816
24.4899997711182,32.5146865844727
24.5930004119873,25.8941383361816
24.6979999542236,25.8941383361816
24.80299949646,32.5146865844727
24.9349994659424,32.5146865844727
25.0400009155273,25.8941383361816
25.1439990997314,25.8941383361816
25.2490005493164,25.8941383361816
25.3549995422363,25.8941383361816
25.4599990844727,25.8941383361816
25.5650005340576,25.8941383361816
25.6550006866455,25.8941383361816
25.7609996795654,32.5146865844727
25.8880004882813,32.5146865844727
25.9580001831055,25.8941383361816
26.0559997558594,32.5146865844727
26.1599998474121,25.8941383361816
26.2639999389648,25.8941383361816
26.3689994812012,25.8941383361816
26.4650001525879,25.8941383361816
26.5699996948242,25.8941383361816
26.6749992370605,32.5146865844727
26.7789993286133,25.8941383361816
26.8899993896484,25.8941383361816
26.9750003814697,25.8941383361816
27.0799999237061,32.5146865844727
27.1760005950928,25.8941383361816
27.2800006866455,32.5146865844727
27.3740005493164,25.8941383361816
27.4799995422363,25.8941383361816
27.5739994049072,25.8941383361816
27.67799949646,25.8941383361816
27.7830009460449,32.5146865844727
27.9190006256104,25.8941383361816
28.0219993591309,25.8941383361816
28.1159992218018,25.8941383361816
28.2210006713867,25.8941383361816
28.326000213623,25.8941383361816
28.4309997558594,32.5146865844727
28.5349998474121,25.8941383361816
28.6259994506836,32.5146865844727
28.7250003814697,25.8941383361816
28.8299999237061,25.8941383361816
28.9230003356934,25.8941383361816
29.0149993896484,25.8941383361816
29.1140003204346,25.8941383361816
29.2189998626709,25.8941383361816
29.3159999847412,25.8941383361816
29.4209995269775,25.8941383361816
29.5249996185303,32.5146865844727
29.6299991607666,25.8941383361816
29.7250003814697,25.8941383361816
29.8299999237061,25.8941383361816
29.9360008239746,25.8941383361816
30.0429992675781,25.8941383361816
30.1490001678467,25.8941383361816
30.2530002593994,32.5146865844727
30.3579998016357,32.5146865844727
30.4619998931885,25.8941383361816
30.5690002441406,32.5146865844727
30.6720008850098,32.5146865844727
30.7770004272461,25.8941383361816
30.8889999389648,25.8941383361816
30.9890003204346,25.8941383361816
31.0849990844727,25.8941383361816
31.1900005340576,25.8941383361816
31.2950000762939,25.8941383361816
31.3990001678467,25.8941383361816
31.4950008392334,32.5146865844727
31.5949993133545,25.8941383361816
31.6949996948242,25.8941383361816
31.7950000762939,25.8941383361816
31.9230003356934,32.5146865844727
32.0149993896484,25.8941383361816
32.1150016784668,25.8941383361816
32.2210006713867,25.8941383361816
32.3269996643066,32.5146865844727
32.423999786377,25.8941383361816
32.5289993286133,25.8941383361816
32.6360015869141,25.8941383361816
32.734001159668,25.8941383361816
32.8440017700195,25.8941383361816
32.9440002441406,25.8941383361816
33.0359992980957,32.5146865844727
33.1389999389648,25.8941383361816
33.2350006103516,25.8941383361816
33.3409996032715,32.5146865844727
33.4469985961914,25.8941383361816
33.5449981689453,25.8941383361816
33.648998260498,32.5146865844727
33.7540016174316,25.8941383361816
33.8610000610352,25.8941383361816
33.9640007019043,25.8941383361816
34.0709991455078,25.8941383361816
34.1640014648438,25.8941383361816
34.2700004577637,25.8941383361816
34.3759994506836,32.5146865844727
34.4819984436035,32.5146865844727
34.5870018005371,25.8941383361816
34.693000793457,25.8941383361816
34.7980003356934,25.8941383361816
34.9230003356934,32.5146865844727
35.0110015869141,25.8941383361816
35.1160011291504,25.8941383361816
35.2210006713867,32.5146865844727
35.3269996643066,25.8941383361816
35.4309997558594,25.8941383361816
35.523998260498,25.8941383361816
35.6290016174316,25.8941383361816
35.7350006103516,32.5146865844727
35.8390007019043,32.5146865844727
35.9749984741211,25.8941383361816
36.0740013122559,25.8941383361816
36.1669998168945,25.8941383361816
36.2700004577637,25.8941383361816
36.3650016784668,25.8941383361816
36.4550018310547,25.8941383361816
36.5610008239746,32.5146865844727
36.6549987792969,25.8941383361816
36.7610015869141,25.8941383361816
36.8639984130859,25.8941383361816
36.9640007019043,25.8941383361816
37.0690002441406,25.8941383361816
37.173999786377,32.5146865844727
37.2649993896484,25.8941383361816
37.3699989318848,25.8941383361816
37.4739990234375,25.8941383361816
37.5789985656738,25.8941383361816
37.6839981079102,32.5146865844727
37.7890014648438,25.8941383361816
37.9290008544922,25.8941383361816
37.9910011291504,32.5146865844727
38.0960006713867,32.5146865844727
38.2019996643066,25.8941383361816
38.306999206543,32.5146865844727
38.4109992980957,25.8941383361816
38.5169982910156,25.8941383361816
38.6220016479492,25.8941383361816
38.726001739502,25.8941383361816
38.8310012817383,25.8941383361816
38.9749984741211,25.8941383361816
39.0810012817383,25.8941383361816
39.185001373291,32.5146865844727
39.2900009155273,32.5146865844727
39.3940010070801,25.8941383361816
39.5,25.8941383361816
39.6040000915527,32.5146865844727
39.7099990844727,25.8941383361816
39.8160018920898,32.5146865844727
39.9630012512207,25.8941383361816
40.0540008544922,32.5146865844727
40.1450004577637,25.8941383361816
40.2449989318848,32.5146865844727
40.3489990234375,25.8941383361816
40.4449996948242,25.8941383361816
40.5480003356934,25.8941383361816
40.6459999084473,25.8941383361816
40.75,25.8941383361816
40.8460006713867,25.8941383361816
40.9780006408691,25.8941383361816
41.0750007629395,25.8941383361816
41.173999786377,25.8941383361816
41.2789993286133,25.8941383361816
41.375,32.5146865844727
41.4799995422363,25.8941383361816
41.5740013122559,32.5146865844727
41.6660003662109,32.5146865844727
41.765998840332,32.5146865844727
41.8689994812012,25.8941383361816
41.9669990539551,25.8941383361816
42.0730018615723,25.8941383361816
42.1769981384277,25.8941383361816
42.2820014953613,32.5146865844727
42.3870010375977,25.8941383361816
42.492000579834,32.5146865844727
42.5960006713867,25.8941383361816
42.701000213623,32.5146865844727
42.8050003051758,25.8941383361816
42.935001373291,25.8941383361816
43.015998840332,25.8941383361816
43.1199989318848,25.8941383361816
43.2280006408691,32.5146865844727
43.3240013122559,25.8941383361816
43.4300003051758,32.5146865844727
43.5349998474121,25.8941383361816
43.6389999389648,32.5146865844727
43.734001159668,25.8941383361816
43.8380012512207,32.5146865844727
43.9659996032715,32.5146865844727
44.0670013427734,25.8941383361816
44.1689987182617,25.8941383361816
44.265998840332,25.8941383361816
44.3720016479492,32.5146865844727
44.4650001525879,25.8941383361816
44.564998626709,25.8941383361816
44.6699981689453,32.5146865844727
44.7639999389648,25.8941383361816
44.8639984130859,25.8941383361816
44.9850006103516,25.8941383361816
45.0890007019043,32.5146865844727
45.1940002441406,25.8941383361816
45.2840003967285,25.8941383361816
45.3889999389648,25.8941383361816
45.4939994812012,32.5146865844727
45.5989990234375,25.8941383361816
45.6940002441406,25.8941383361816
45.7999992370605,25.8941383361816
45.9389991760254,25.8941383361816
46.0050010681152,32.5146865844727
46.109001159668,25.8941383361816
46.2060012817383,25.8941383361816
46.3089981079102,25.8941383361816
46.4049987792969,25.8941383361816
46.5099983215332,32.5146865844727
46.6160011291504,25.8941383361816
46.7140007019043,25.8941383361816
46.8190002441406,25.8941383361816
46.9490013122559,25.8941383361816
47.0139999389648,25.8941383361816
47.1189994812012,25.8941383361816
47.2239990234375,25.8941383361816
47.3279991149902,25.8941383361816
47.4259986877441,25.8941383361816
47.523998260498,25.8941383361816
47.6290016174316,25.8941383361816
47.7249984741211,25.8941383361816
47.8160018920898,25.8941383361816
47.9550018310547,25.8941383361816
48.0149993896484,32.5146865844727
48.1199989318848,25.8941383361816
48.2159996032715,25.8941383361816
48.3230018615723,25.8941383361816
48.4140014648438,25.8941383361816
48.515998840332,25.8941383361816
48.6160011291504,25.8941383361816
48.7159996032715,25.8941383361816
48.8050003051758,25.8941383361816
48.9490013122559,25.8941383361816
49.0149993896484,25.8941383361816
49.1199989318848,32.5146865844727
49.2249984741211,25.8941383361816
49.3300018310547,25.8941383361816
49.4339981079102,25.8941383361816
49.5390014648438,32.5146865844727
49.6450004577637,32.5146865844727
49.7360000610352,25.8941383361816
49.8419990539551,25.8941383361816
49.9850006103516,25.8941383361816
50.0900001525879,25.8941383361816
50.1860008239746,25.8941383361816
50.2919998168945,25.8941383361816
50.4000015258789,25.8941383361816
50.5060005187988,25.8941383361816
50.5940017700195,25.8941383361816
50.6990013122559,25.8941383361816
50.8050003051758,25.8941383361816
50.951000213623,25.8941383361816
51.0139999389648,32.5146865844727
51.1189994812012,32.5146865844727
51.2140007019043,25.8941383361816
51.3059997558594,32.5146865844727
51.3950004577637,32.5146865844727
51.5009994506836,32.5146865844727
51.5950012207031,32.5146865844727
51.6949996948242,25.8941383361816
51.7949981689453,25.8941383361816
51.9599990844727,25.8941383361816
51.9959983825684,25.8941383361816
52.1020011901855,25.8941383361816
52.1949996948242,25.8941383361816
52.2939987182617,25.8941383361816
52.398998260498,32.5146865844727
52.4939994812012,25.8941383361816
52.5929985046387,25.8941383361816
52.6990013122559,25.8941383361816
52.8030014038086,25.8941383361816
52.9640007019043,25.8941383361816
53.0130004882813,25.8941383361816
53.1180000305176,25.8941383361816
53.2229995727539,25.8941383361816
53.3279991149902,32.5146865844727
53.4329986572266,25.8941383361816
53.5359992980957,25.8941383361816
53.6399993896484,25.8941383361816
53.7449989318848,25.8941383361816
53.851001739502,32.5146865844727
54.0040016174316,25.8941383361816
54.109001159668,25.8941383361816
54.2130012512207,25.8941383361816
54.3199996948242,32.5146865844727
54.423999786377,32.5146865844727
54.5279998779297,25.8941383361816
54.6339988708496,25.8941383361816
54.7379989624023,25.8941383361816
54.8440017700195,32.5146865844727
54.9650001525879,32.5146865844727
55.060001373291,25.8941383361816
55.1539993286133,25.8941383361816
55.2589988708496,32.5146865844727
55.3629989624023,25.8941383361816
55.4550018310547,25.8941383361816
55.560001373291,25.8941383361816
55.6660003662109,25.8941383361816
55.7719993591309,32.5146865844727
55.8759994506836,25.8941383361816
56.0229988098145,25.8941383361816
56.1300010681152,32.5146865844727
56.2360000610352,25.8941383361816
56.3390007019043,25.8941383361816
56.4449996948242,32.5146865844727
56.5480003356934,25.8941383361816
56.6529998779297,25.8941383361816
56.7589988708496,32.5146865844727
56.8639984130859,32.5146865844727
57.0270004272461,25.8941383361816
57.1310005187988,25.8941383361816
57.226001739502,25.8941383361816
57.314998626709,32.5146865844727
57.4150009155273,32.5146865844727
57.5149993896484,25.8941383361816
57.6049995422363,25.8941383361816
57.7050018310547,25.8941383361816
57.8050003051758,25.8941383361816
57.9220008850098,25.8941383361816
58.0330009460449,25.8941383361816
58.125,25.8941383361816
58.2299995422363,25.8941383361816
58.326000213623,25.8941383361816
58.4309997558594,25.8941383361816
58.5349998474121,25.8941383361816
58.6419982910156,25.8941383361816
58.7459983825684,25.8941383361816
58.8499984741211,25.8941383361816
59.0040016174316,25.8941383361816
59.0610008239746,25.8941383361816
59.1660003662109,32.5146865844727
59.2719993591309,25.8941383361816
59.3759994506836,25.8941383361816
59.4819984436035,25.8941383361816
59.5750007629395,25.8941383361816
59.6749992370605,25.8941383361816
59.765998840332,32.5146865844727
59.8639984130859,25.8941383361816
60.0139999389648,25.8941383361816
60.0639991760254,25.8941383361816
60.1549987792969,25.8941383361816
60.2560005187988,32.5146865844727
60.3540000915527,25.8941383361816
60.4459991455078,25.8941383361816
60.5359992980957,25.8941383361816
60.6349983215332,32.5146865844727
60.7270011901855,25.8941383361816
60.826000213623,25.8941383361816
60.9300003051758,25.8941383361816
61.056999206543,25.8941383361816
61.1629981994629,25.8941383361816
61.2700004577637,25.8941383361816
61.3740005493164,25.8941383361816
61.4799995422363,32.5146865844727
61.5859985351563,25.8941383361816
61.689998626709,25.8941383361816
61.7949981689453,32.5146865844727
61.9000015258789,25.8941383361816
62.0540008544922,25.8941383361816
62.1609992980957,25.8941383361816
62.265998840332,25.8941383361816
62.3720016479492,25.8941383361816
62.4770011901855,25.8941383361816
62.5820007324219,32.5146865844727
62.6749992370605,25.8941383361816
62.7649993896484,25.8941383361816
62.8709983825684,25.8941383361816
63.0120010375977,25.8941383361816
63.0550003051758,32.5146865844727
63.1619987487793,25.8941383361816
63.2669982910156,25.8941383361816
63.3730010986328,25.8941383361816
63.4780006408691,25.8941383361816
63.5820007324219,25.8941383361816
63.6860008239746,32.5146865844727
63.7919998168945,25.8941383361816
63.8979988098145,25.8941383361816
64.0630035400391,25.8941383361816
64.1679992675781,32.5146865844727
64.2750015258789,25.8941383361816
64.379997253418,25.8941383361816
64.4850006103516,25.8941383361816
64.5899963378906,25.8941383361816
64.6839981079102,32.5146865844727
64.7880020141602,25.8941383361816
64.8939971923828,25.8941383361816
65.0250015258789,25.8941383361816
65.0859985351563,32.5146865844727
65.193000793457,25.8941383361816
65.2839965820313,25.8941383361816
65.3889999389648,25.8941383361816
65.484001159668,25.8941383361816
65.5759963989258,25.8941383361816
65.6800003051758,25.8941383361816
65.7750015258789,32.5146865844727
65.875,25.8941383361816
66.0279998779297,25.8941383361816
66.0739974975586,25.8941383361816
66.1650009155273,32.5146865844727
66.2699966430664,25.8941383361816
66.3629989624023,25.8941383361816
66.4690017700195,32.5146865844727
66.5650024414063,25.8941383361816
66.6650009155273,25.8941383361816
66.7699966430664,25.8941383361816
66.875,25.8941383361816
67.0299987792969,25.8941383361816
67.0770034790039,25.8941383361816
67.1740036010742,25.8941383361816
67.2789993286133,25.8941383361816
67.375,25.8941383361816
67.4789962768555,25.8941383361816
67.5749969482422,25.8941383361816
67.6669998168945,25.8941383361816
67.7639999389648,32.5146865844727
67.8690032958984,25.8941383361816
68.0299987792969,32.5146865844727
68.0660018920898,32.5146865844727
68.1640014648438,25.8941383361816
68.2689971923828,32.5146865844727
68.3639984130859,25.8941383361816
68.4700012207031,25.8941383361816
68.5640029907227,25.8941383361816
68.6679992675781,25.8941383361816
68.7730026245117,25.8941383361816
68.8649978637695,25.8941383361816
69.0380020141602,25.8941383361816
69.0719985961914,25.8941383361816
69.1660003662109,25.8941383361816
69.2710037231445,25.8941383361816
69.3629989624023,25.8941383361816
69.4670028686523,25.8941383361816
69.5660018920898,32.5146865844727
69.6640014648438,25.8941383361816
69.7679977416992,25.8941383361816
69.8730010986328,25.8941383361816
70.0309982299805,25.8941383361816
70.0800018310547,25.8941383361816
70.1740036010742,25.8941383361816
70.2799987792969,25.8941383361816
70.3769989013672,32.5146865844727
70.4800033569336,25.8941383361816
70.5849990844727,32.5146865844727
70.6750030517578,25.8941383361816
70.7809982299805,25.8941383361816
70.875,25.8941383361816
71.0350036621094,25.8941383361816
71.0849990844727,32.5146865844727
71.1849975585938,25.8941383361816
71.2900009155273,25.8941383361816
71.3860015869141,25.8941383361816
71.4899978637695,25.8941383361816
71.5950012207031,25.8941383361816
71.693000793457,25.8941383361816
71.7990036010742,32.5146865844727
71.9029998779297,32.5146865844727
72.0510025024414,25.8941383361816
72.1050033569336,32.5146865844727
72.2089996337891,25.8941383361816
72.3150024414063,25.8941383361816
72.4199981689453,25.8941383361816
72.5240020751953,32.5146865844727
72.6309967041016,32.5146865844727
72.734001159668,25.8941383361816
72.838996887207,25.8941383361816
72.943000793457,25.8941383361816
73.0999984741211,25.8941383361816
73.1940002441406,32.5146865844727
73.286003112793,32.5146865844727
73.3860015869141,25.8941383361816
73.4909973144531,32.5146865844727
73.5849990844727,32.5146865844727
73.6760025024414,25.8941383361816
73.7740020751953,25.8941383361816
73.879997253418,25.8941383361816
73.9929962158203,25.8941383361816
74.1119995117188,25.8941383361816
74.2040023803711,25.8941383361816
74.3089981079102,25.8941383361816
74.4049987792969,32.5146865844727
74.5130004882813,25.8941383361816
74.6050033569336,32.5146865844727
74.7099990844727,25.8941383361816
74.8050003051758,25.8941383361816
74.9100036621094,25.8941383361816
75.0839996337891,25.8941383361816
75.1340026855469,25.8941383361816
75.2259979248047,25.8941383361816
75.3300018310547,32.5146865844727
75.4349975585938,25.8941383361816
75.5250015258789,25.8941383361816
75.6309967041016,32.5146865844727
75.7360000610352,25.8941383361816
75.8339996337891,25.8941383361816
75.9380035400391,25.8941383361816
76.0999984741211,25.8941383361816
76.1350021362305,25.8941383361816
76.2399978637695,25.8941383361816
76.3349990844727,25.8941383361816
76.4349975585938,25.8941383361816
76.5410003662109,25.8941383361816
76.6449966430664,25.8941383361816
76.75,32.5146865844727
76.8560028076172,32.5146865844727
76.9599990844727,25.8941383361816
77.0970001220703,25.8941383361816
77.1760025024414,25.8941383361816
77.2829971313477,25.8941383361816
77.3870010375977,25.8941383361816
77.4850006103516,25.8941383361816
77.5849990844727,32.5146865844727
77.6910018920898,25.8941383361816
77.7850036621094,25.8941383361816
77.8759994506836,25.8941383361816
77.9789962768555,25.8941383361816
78.125,25.8941383361816
78.1760025024414,32.5146865844727
78.2779998779297,32.5146865844727
78.375,25.8941383361816
78.4779968261719,25.8941383361816
78.5749969482422,25.8941383361816
78.6740036010742,25.8941383361816
78.7779998779297,25.8941383361816
78.8730010986328,25.8941383361816
78.9789962768555,25.8941383361816
79.1340026855469,32.5146865844727
79.1839981079102,25.8941383361816
79.2900009155273,25.8941383361816
79.3830032348633,25.8941383361816
79.4879989624023,25.8941383361816
79.5859985351563,25.8941383361816
79.6890029907227,25.8941383361816
79.7839965820313,25.8941383361816
79.8880004882813,25.8941383361816
79.9850006103516,25.8941383361816
80.1640014648438,25.8941383361816
80.2699966430664,25.8941383361816
80.3740005493164,25.8941383361816
80.4779968261719,25.8941383361816
80.5830001831055,25.8941383361816
80.6880035400391,25.8941383361816
80.7910003662109,25.8941383361816
80.8970031738281,25.8941383361816
81.0029983520508,32.5146865844727
81.1399993896484,25.8941383361816
81.2009963989258,25.8941383361816
81.2939987182617,25.8941383361816
81.4000015258789,25.8941383361816
81.5039978027344,25.8941383361816
81.5950012207031,25.8941383361816
81.6999969482422,25.8941383361816
81.8050003051758,25.8941383361816
81.9039993286133,25.8941383361816
82.0039978027344,25.8941383361816
82.140998840332,25.8941383361816
82.1940002441406,25.8941383361816
82.286003112793,25.8941383361816
82.3840026855469,25.8941383361816
82.4879989624023,25.8941383361816
82.5920028686523,25.8941383361816
82.6959991455078,32.5146865844727
82.8010025024414,25.8941383361816
82.9059982299805,32.5146865844727
83.0110015869141,25.8941383361816
83.1579971313477,25.8941383361816
83.234001159668,25.8941383361816
83.338996887207,32.5146865844727
83.4459991455078,25.8941383361816
83.5500030517578,25.8941383361816
83.6449966430664,25.8941383361816
83.7480010986328,25.8941383361816
83.8470001220703,25.8941383361816
83.9499969482422,32.5146865844727
84.0550003051758,25.8941383361816
84.1849975585938,32.5146865844727
84.2910003662109,25.8941383361816
84.3850021362305,25.8941383361816
84.4850006103516,25.8941383361816
84.5899963378906,25.8941383361816
84.6839981079102,25.8941383361816
84.7890014648438,32.5146865844727
84.8850021362305,25.8941383361816
84.9850006103516,25.8941383361816
85.1520004272461,25.8941383361816
85.1859970092773,25.8941383361816
85.286003112793,25.8941383361816
85.3850021362305,25.8941383361816
85.484001159668,25.8941383361816
85.588996887207,25.8941383361816
85.6940002441406,25.8941383361816
85.7850036621094,25.8941383361816
85.8899993896484,25.8941383361816
85.984001159668,25.8941383361816
86.1689987182617,25.8941383361816
86.2040023803711,25.8941383361816
86.3089981079102,25.8941383361816
86.4059982299805,25.8941383361816
86.495002746582,25.8941383361816
86.5999984741211,25.8941383361816
86.6940002441406,25.8941383361816
86.7839965820313,25.8941383361816
86.8840026855469,25.8941383361816
86.9739990234375,25.8941383361816
87.0660018920898,25.8941383361816
87.2180023193359,32.5146865844727
87.3160018920898,25.8941383361816
87.4140014648438,32.5146865844727
87.5059967041016,25.8941383361816
87.609001159668,25.8941383361816
87.7050018310547,25.8941383361816
87.8079986572266,25.8941383361816
87.9039993286133,25.8941383361816
88.0080032348633,32.5146865844727
88.1900024414063,25.8941383361816
88.245002746582,25.8941383361816
88.3359985351563,25.8941383361816
88.4410018920898,25.8941383361816
88.5459976196289,25.8941383361816
88.6510009765625,25.8941383361816
88.7460021972656,25.8941383361816
88.8450012207031,25.8941383361816
88.9349975585938,25.8941383361816
89.0250015258789,25.8941383361816
89.2080001831055,32.5146865844727
89.2440032958984,25.8941383361816
89.3499984741211,25.8941383361816
89.4530029296875,25.8941383361816
89.5589981079102,25.8941383361816
89.6660003662109,25.8941383361816
89.7699966430664,32.5146865844727
89.8740005493164,25.8941383361816
89.9789962768555,25.8941383361816
90.0830001831055,25.8941383361816
90.2740020751953,25.8941383361816
90.375,25.8941383361816
90.4789962768555,25.8941383361816
90.5839996337891,32.5146865844727
90.6740036010742,25.8941383361816
90.7789993286133,32.5146865844727
90.8830032348633,25.8941383361816
90.9879989624023,25.8941383361816
91.0930023193359,25.8941383361816
91.2699966430664,32.5146865844727
91.3730010986328,25.8941383361816
91.4769973754883,25.8941383361816
91.5820007324219,25.8941383361816
91.6859970092773,25.8941383361816
91.7900009155273,25.8941383361816
91.8960037231445,25.8941383361816
92,25.8941383361816
92.1050033569336,25.8941383361816
92.2760009765625,32.5146865844727
92.3789978027344,25.8941383361816
92.4759979248047,25.8941383361816
92.5749969482422,25.8941383361816
92.6790008544922,25.8941383361816
92.7750015258789,25.8941383361816
92.8740005493164,25.8941383361816
92.9800033569336,25.8941383361816
93.0739974975586,25.8941383361816
93.234001159668,32.5146865844727
93.2850036621094,32.5146865844727
93.3860015869141,32.5146865844727
93.4909973144531,25.8941383361816
93.5839996337891,25.8941383361816
93.6750030517578,32.5146865844727
93.7809982299805,25.8941383361816
93.875,25.8941383361816
93.9739990234375,25.8941383361816
94.0790023803711,25.8941383361816
94.2429962158203,25.8941383361816
94.2939987182617,32.5146865844727
94.3850021362305,25.8941383361816
94.4769973754883,32.5146865844727
94.5820007324219,25.8941383361816
94.6760025024414,25.8941383361816
94.7799987792969,25.8941383361816
94.875,25.8941383361816
94.9789962768555,25.8941383361816
95.0820007324219,25.8941383361816
95.2570037841797,25.8941383361816
95.3059997558594,25.8941383361816
95.411003112793,25.8941383361816
95.504997253418,32.5146865844727
95.609001159668,32.5146865844727
95.7050018310547,25.8941383361816
95.8040008544922,25.8941383361816
95.9079971313477,25.8941383361816
96.0059967041016,25.8941383361816
96.1110000610352,25.8941383361816
96.2600021362305,25.8941383361816
96.3249969482422,25.8941383361816
96.4169998168945,32.5146865844727
96.5199966430664,25.8941383361816
96.6159973144531,25.8941383361816
96.7160034179688,25.8941383361816
96.8199996948242,25.8941383361816
96.9140014648438,25.8941383361816
97.0149993896484,25.8941383361816
97.1039962768555,25.8941383361816
97.2939987182617,25.8941383361816
97.3430023193359,25.8941383361816
97.4329986572266,25.8941383361816
97.5270004272461,32.5146865844727
97.6309967041016,25.8941383361816
97.734001159668,25.8941383361816
97.8410034179688,25.8941383361816
97.9449996948242,25.8941383361816
98.0500030517578,25.8941383361816
98.1559982299805,25.8941383361816
98.3000030517578,32.5146865844727
98.3639984130859,25.8941383361816
98.4649963378906,25.8941383361816
98.5690002441406,25.8941383361816
98.6650009155273,32.5146865844727
98.7699966430664,32.5146865844727
98.8649978637695,25.8941383361816
98.9700012207031,25.8941383361816
99.0630035400391,25.8941383361816
99.1689987182617,32.5146865844727
99.3270034790039,25.8941383361816
99.3669967651367,32.5146865844727
99.4700012207031,25.8941383361816
99.5640029907227,25.8941383361816
99.6689987182617,25.8941383361816
99.7649993896484,25.8941383361816
99.8690032958984,25.8941383361816
99.9739990234375,32.5146865844727
100.079002380371,25.8941383361816
100.181999206543,25.8941383361816
100.334999084473,32.5146865844727
100.399002075195,25.8941383361816
100.504997253418,25.8941383361816
100.609001159668,32.5146865844727
100.714996337891,25.8941383361816
100.820999145508,25.8941383361816
100.928001403809,25.8941383361816
101.03099822998,25.8941383361816
101.136001586914,32.5146865844727
101.332000732422,25.8941383361816
101.383003234863,25.8941383361816
101.486999511719,25.8941383361816
101.591003417969,25.8941383361816
101.694999694824,25.8941383361816
101.801002502441,32.5146865844727
101.904998779297,25.8941383361816
102.01000213623,25.8941383361816
102.115997314453,25.8941383361816
102.220001220703,25.8941383361816
102.36799621582,25.8941383361816
102.40599822998,32.5146865844727
102.51000213623,25.8941383361816
102.61499786377,25.8941383361816
102.712997436523,25.8941383361816
102.818000793457,25.8941383361816
102.921997070313,25.8941383361816
103.014999389648,32.5146865844727
103.111999511719,25.8941383361816
103.204002380371,25.8941383361816
103.371002197266,25.8941383361816
103.40599822998,25.8941383361816
103.503997802734,32.5146865844727
103.610000610352,25.8941383361816
103.704002380371,32.5146865844727
103.807998657227,25.8941383361816
103.91300201416,25.8941383361816
104.017997741699,25.8941383361816
104.113998413086,25.8941383361816
104.216003417969,25.8941383361816
104.386001586914,25.8941383361816
104.448997497559,25.8941383361816
104.555000305176,25.8941383361816
104.643997192383,32.5146865844727
104.745002746582,25.8941383361816
104.847999572754,25.8941383361816
104.945999145508,25.8941383361816
105.044998168945,25.8941383361816
105.150001525879,25.8941383361816
105.252998352051,32.5146865844727
105.43399810791,25.8941383361816
105.537002563477,25.8941383361816
105.639999389648,25.8941383361816
105.744003295898,25.8941383361816
105.849998474121,25.8941383361816
105.955001831055,25.8941383361816
106.05899810791,25.8941383361816
106.16300201416,25.8941383361816
106.269996643066,25.8941383361816
106.434997558594,25.8941383361816
106.540000915527,25.8941383361816
106.646003723145,32.5146865844727
106.75,25.8941383361816
106.853996276855,25.8941383361816
106.958999633789,25.8941383361816
107.063003540039,25.8941383361816
107.166999816895,25.8941383361816
107.272003173828,25.8941383361816
107.439002990723,32.5146865844727
107.533996582031,25.8941383361816
107.638999938965,25.8941383361816
107.736999511719,32.5146865844727
107.841003417969,25.8941383361816
107.944999694824,32.5146865844727
108.036003112793,25.8941383361816
108.138999938965,25.8941383361816
108.244003295898,25.8941383361816
108.43399810791,25.8941383361816
108.539001464844,25.8941383361816
108.642997741699,25.8941383361816
108.748001098633,32.5146865844727
108.852996826172,25.8941383361816
108.958999633789,32.5146865844727
109.063003540039,25.8941383361816
109.167999267578,25.8941383361816
109.274002075195,25.8941383361816
109.440002441406,25.8941383361816
109.545997619629,25.8941383361816
109.65299987793,25.8941383361816
109.758003234863,25.8941383361816
109.862998962402,25.8941383361816
109.967002868652,25.8941383361816
110.071998596191,25.8941383361816
110.177001953125,32.5146865844727
110.300003051758,25.8941383361816
110.444000244141,32.5146865844727
110.547996520996,25.8941383361816
110.65299987793,32.5146865844727
110.758003234863,25.8941383361816
110.862998962402,25.8941383361816
110.964996337891,25.8941383361816
111.072998046875,25.8941383361816
111.175003051758,25.8941383361816
111.279998779297,25.8941383361816
111.468002319336,32.5146865844727
111.572998046875,25.8941383361816
111.677001953125,25.8941383361816
111.78099822998,25.8941383361816
111.886001586914,25.8941383361816
111.991996765137,25.8941383361816
112.095001220703,25.8941383361816
112.194999694824,25.8941383361816
112.315002441406,25.8941383361816
112.447998046875,25.8941383361816
112.553001403809,25.8941383361816
112.657997131348,25.8941383361816
112.762001037598,25.8941383361816
112.866996765137,25.8941383361816
112.963996887207,25.8941383361816
113.069999694824,32.5146865844727
113.172996520996,25.8941383361816
113.264999389648,32.5146865844727
113.46199798584,25.8941383361816
113.568000793457,25.8941383361816
113.664001464844,25.8941383361816
113.754997253418,25.8941383361816
113.861000061035,25.8941383361816
113.953002929688,25.8941383361816
114.056999206543,25.8941383361816
114.153999328613,32.5146865844727
114.259002685547,25.8941383361816
114.414001464844,25.8941383361816
114.449996948242,25.8941383361816
114.543998718262,25.8941383361816
114.63500213623,25.8941383361816
114.724998474121,25.8941383361816
114.823997497559,32.5146865844727
114.915000915527,25.8941383361816
115.019996643066,25.8941383361816
115.11499786377,25.8941383361816
115.21900177002,25.8941383361816
115.327003479004,32.5146865844727
115.472999572754,25.8941383361816
115.564002990723,32.5146865844727
115.668998718262,25.8941383361816
115.774002075195,25.8941383361816
115.877998352051,25.8941383361816
115.981002807617,25.8941383361816
116.085998535156,25.8941383361816
116.184997558594,25.8941383361816
116.289001464844,25.8941383361816
116.472999572754,32.5146865844727
116.578002929688,25.8941383361816
116.681999206543,25.8941383361816
116.786003112793,25.8941383361816
116.890998840332,25.8941383361816
116.997001647949,25.8941383361816
117.100997924805,25.8941383361816
117.204002380371,25.8941383361816
117.309997558594,25.8941383361816
117.477996826172,25.8941383361816
117.581001281738,25.8941383361816
117.688003540039,25.8941383361816
117.790000915527,25.8941383361816
117.897003173828,25.8941383361816
118,25.8941383361816
118.107002258301,25.8941383361816
118.209999084473,25.8941383361816
118.305000305176,25.8941383361816
118.464996337891,25.8941383361816
118.513999938965,25.8941383361816
118.619003295898,25.8941383361816
118.714996337891,25.8941383361816
118.820999145508,25.8941383361816
118.914001464844,25.8941383361816
119.021003723145,25.8941383361816
119.113998413086,32.5146865844727
119.220001220703,25.8941383361816
119.314002990723,25.8941383361816
119.499000549316,25.8941383361816
119.607002258301,25.8941383361816
119.710998535156,25.8941383361816
119.815002441406,32.5146865844727
119.919998168945,25.8941383361816
120.024002075195,25.8941383361816
120.127998352051,25.8941383361816
120.233001708984,32.5146865844727
120.356002807617,32.5146865844727
120.509002685547,32.5146865844727
120.615997314453,25.8941383361816
120.720001220703,25.8941383361816
120.823997497559,25.8941383361816
120.930000305176,25.8941383361816
121.035003662109,25.8941383361816
121.140998840332,25.8941383361816
121.245002746582,25.8941383361816
121.370002746582,25.8941383361816
121.516998291016,25.8941383361816
121.622001647949,25.8941383361816
121.726997375488,25.8941383361816
121.833000183105,25.8941383361816
121.936996459961,25.8941383361816
122.041000366211,25.8941383361816
122.147003173828,25.8941383361816
122.25,25.8941383361816
122.375999450684,25.8941383361816
122.533996582031,25.8941383361816
122.638000488281,25.8941383361816
122.734001159668,25.8941383361816
122.837997436523,25.8941383361816
122.944000244141,25.8941383361816
123.049003601074,25.8941383361816
123.143997192383,25.8941383361816
123.249000549316,25.8941383361816
123.375,25.8941383361816
123.529998779297,25.8941383361816
123.636001586914,25.8941383361816
123.740997314453,25.8941383361816
123.846000671387,25.8941383361816
123.950996398926,25.8941383361816
124.056999206543,25.8941383361816
124.154998779297,25.8941383361816
124.26000213623,32.5146865844727
124.363998413086,25.8941383361816
124.543998718262,25.8941383361816
124.63500213623,25.8941383361816
124.738998413086,25.8941383361816
124.84400177002,25.8941383361816
124.950996398926,25.8941383361816
125.055000305176,25.8941383361816
125.146003723145,25.8941383361816
125.251998901367,25.8941383361816
125.355003356934,25.8941383361816
125.540000915527,25.8941383361816
125.642997741699,25.8941383361816
125.75,32.5146865844727
125.851997375488,25.8941383361816
125.944999694824,25.8941383361816
126.051002502441,25.8941383361816
126.144996643066,25.8941383361816
126.248001098633,32.5146865844727
126.353996276855,25.8941383361816
126.514999389648,32.5146865844727
126.564002990723,32.5146865844727
126.668998718262,25.8941383361816
126.773002624512,32.5146865844727
126.863998413086,25.8941383361816
126.96900177002,32.5146865844727
127.06600189209,32.5146865844727
127.170997619629,25.8941383361816
127.277000427246,25.8941383361816
127.375999450684,32.5146865844727
127.563003540039,32.5146865844727
127.667999267578,32.5146865844727
127.765998840332,25.8941383361816
127.870002746582,32.5146865844727
127.974998474121,32.5146865844727
128.065002441406,32.5146865844727
128.169998168945,32.5146865844727
128.264007568359,32.5146865844727
128.369003295898,32.5146865844727
128.54899597168,32.5146865844727
128.654006958008,32.5146865844727
128.753997802734,32.5146865844727
128.845001220703,32.5146865844727
128.95100402832,32.5146865844727
129.044998168945,32.5146865844727
129.149993896484,32.5146865844727
129.246002197266,32.5146865844727
129.34700012207,32.5146865844727
129.522994995117,32.5146865844727
129.557998657227,32.5146865844727
129.664993286133,32.5146865844727
129.764999389648,32.5146865844727
129.869995117188,32.5146865844727
129.964996337891,32.5146865844727
130.070007324219,32.5146865844727
130.17399597168,32.5146865844727
130.279998779297,32.5146865844727
130.375,32.5146865844727
130.535003662109,32.5146865844727
130.585006713867,32.5146865844727
130.675003051758,32.5146865844727
130.781005859375,32.5146865844727
130.873992919922,32.5146865844727
130.97900390625,32.5146865844727
131.083999633789,32.5146865844727
131.175994873047,40.5612907409668
131.274993896484,40.5612907409668
131.380004882813,40.5612907409668
131.580993652344,40.5612907409668
131.684005737305,40.5612907409668
131.789001464844,40.5612907409668
131.893997192383,40.5612907409668
131.998001098633,40.5612907409668
132.10400390625,40.5612907409668
132.208999633789,40.5612907409668
132.313995361328,40.5612907409668
132.445999145508,40.5612907409668
132.598007202148,40.5612907409668
132.701995849609,40.5612907409668
132.807998657227,40.5612907409668
132.912002563477,40.5612907409668
133.016998291016,40.5612907409668
133.121002197266,40.5612907409668
133.227996826172,48.3807907104492
133.332000732422,48.3807907104492
133.552001953125,48.3807907104492
133.602996826172,40.5612907409668
133.707000732422,48.3807907104492
133.811996459961,48.3807907104492
133.916000366211,48.3807907104492
134.022003173828,48.3807907104492
134.126007080078,48.3807907104492
134.231994628906,48.3807907104492
134.337005615234,48.3807907104492
134.453002929688,48.3807907104492
134.608001708984,48.3807907104492
134.712005615234,48.3807907104492
134.804992675781,48.3807907104492
134.910003662109,48.3807907104492
135.005996704102,48.3807907104492
135.106002807617,48.3807907104492
135.205001831055,48.3807907104492
135.305999755859,48.3807907104492
135.404998779297,55.997875213623
135.611999511719,55.997875213623
135.705993652344,55.997875213623
135.809997558594,55.997875213623
135.914993286133,55.997875213623
136.014007568359,55.997875213623
136.119003295898,55.997875213623
136.225006103516,55.997875213623
136.330001831055,55.997875213623
136.464996337891,55.997875213623
136.602996826172,55.997875213623
136.707992553711,55.997875213623
136.811996459961,55.997875213623
136.919006347656,55.997875213623
137.024002075195,63.4336700439453
137.128005981445,63.4336700439453
137.233001708984,63.4336700439453
137.339004516602,63.4336700439453
137.445007324219,63.4336700439453
137.619995117188,63.4336700439453
137.727005004883,63.4336700439453
137.832992553711,63.4336700439453
137.936996459961,63.4336700439453
138.042999267578,63.4336700439453
138.147994995117,63.4336700439453
138.253005981445,70.70654296875
138.356994628906,70.70654296875
138.481002807617,63.4336700439453
138.636993408203,70.70654296875
138.74299621582,70.70654296875
138.84700012207,70.70654296875
138.95100402832,70.70654296875
139.055999755859,70.70654296875
139.160995483398,70.70654296875
139.266998291016,70.70654296875
139.369995117188,70.70654296875
139.589004516602,70.70654296875
139.639999389648,77.8325653076172
139.744995117188,70.70654296875
139.850006103516,77.8325653076172
139.953994750977,77.8325653076172
140.057998657227,77.8325653076172
140.164001464844,77.8325653076172
140.268997192383,77.8325653076172
140.373001098633,77.8325653076172
140.498001098633,77.8325653076172
140.660003662109,77.8325653076172
140.766006469727,77.8325653076172
140.863998413086,77.8325653076172
140.955001831055,77.8325653076172
141.059997558594,77.8325653076172
141.154006958008,77.8325653076172
141.253997802734,84.8256912231445
141.358993530273,84.8256912231445
141.455993652344,84.8256912231445
141.660995483398,84.8256912231445
141.753997802734,84.8256912231445
141.856002807617,84.8256912231445
141.960006713867,84.8256912231445
142.065002441406,84.8256912231445
142.169998168945,84.8256912231445
142.264999389648,84.8256912231445
142.369995117188,90.332649230957
142.498001098633,90.332649230957
142.656997680664,90.332649230957
142.763000488281,90.332649230957
142.86799621582,90.332649230957
142.966003417969,90.332649230957
143.070007324219,90.332649230957
143.17399597168,90.332649230957
143.264999389648,90.332649230957
143.369995117188,90.332649230957
143.498001098633,90.332649230957
143.660003662109,97.1156616210938
143.753997802734,97.1156616210938
143.858993530273,97.1156616210938
143.962997436523,97.1156616210938
144.054992675781,97.1156616210938
144.160995483398,97.1156616210938
144.266998291016,97.1156616210938
144.371002197266,97.1156616210938
144.513000488281,97.1156616210938
144.667007446289,97.1156616210938
144.764999389648,97.1156616210938
144.869995117188,103.795074462891
144.975006103516,103.795074462891
145.074005126953,103.795074462891
145.179000854492,103.795074462891
145.283004760742,103.795074462891
145.376007080078,103.795074462891
145.503997802734,103.795074462891
145.649993896484,103.795074462891
145.753997802734,103.795074462891
145.845001220703,103.795074462891
145.945007324219,110.378387451172
146.04899597168,110.378387451172
146.14599609375,110.378387451172
146.25,110.378387451172
146.345001220703,110.378387451172
146.449996948242,110.378387451172
146.623001098633,110.378387451172
146.671997070313,116.871971130371
146.77799987793,110.378387451172
146.882995605469,116.871971130371
146.988006591797,116.871971130371
147.093002319336,116.871971130371
147.197006225586,116.871971130371
147.302993774414,116.871971130371
147.406997680664,116.871971130371
147.623992919922,116.871971130371
147.673004150391,116.871971130371
147.764007568359,116.871971130371
147.86799621582,116.871971130371
147.973999023438,123.281295776367
148.063995361328,123.281295776367
148.169006347656,123.281295776367
148.264007568359,123.281295776367
148.369995117188,123.281295776367
148.473999023438,123.281295776367
148.682006835938,129.611251831055
148.787002563477,129.611251831055
148.891998291016,129.611251831055
148.996994018555,129.611251831055
149.102005004883,129.611251831055
149.207000732422,129.611251831055
149.311996459961,129.611251831055
149.414993286133,129.611251831055
149.645004272461,129.611251831055
149.695999145508,135.866317749023
149.802001953125,135.866317749023
149.895004272461,135.866317749023
150.001007080078,135.866317749023
150.106002807617,135.866317749023
150.210006713867,135.866317749023
150.315002441406,135.866317749023
150.419998168945,135.866317749023
150.548004150391,142.050811767578
150.712005615234,142.050811767578
150.815994262695,142.050811767578
150.923004150391,142.050811767578
151.016006469727,142.050811767578
151.115005493164,142.050811767578
151.214004516602,142.050811767578
151.315002441406,142.050811767578
151.414001464844,142.050811767578
151.505996704102,146.950393676758
151.699005126953,146.950393676758
151.804000854492,146.950393676758
151.908004760742,146.950393676758
152.005996704102,146.950393676758
152.10400390625,153.018371582031
152.207992553711,153.018371582031
152.305999755859,153.018371582031
152.412002563477,153.018371582031
152.516006469727,153.018371582031
152.692001342773,153.018371582031
152.727005004883,153.018371582031
152.832992553711,153.018371582031
152.92399597168,153.018371582031
153.029998779297,159.027328491211
153.126007080078,159.027328491211
153.231002807617,159.027328491211
153.335998535156,159.027328491211
153.434997558594,159.027328491211
153.539001464844,164.981079101563
153.74299621582,164.981079101563
153.850006103516,164.981079101563
153.945007324219,164.981079101563
154.050003051758,164.981079101563
154.154998779297,164.981079101563
154.259002685547,164.981079101563
154.35400390625,170.883163452148
154.458999633789,170.883163452148
154.690994262695,170.883163452148
154.74299621582,176.736602783203
154.848999023438,170.883163452148
154.953002929688,176.736602783203
155.044006347656,176.736602783203
155.134994506836,176.736602783203
155.225997924805,176.736602783203
155.324996948242,176.736602783203
155.414993286133,176.736602783203
155.520004272461,176.736602783203
155.714004516602,176.736602783203
155.75,182.543899536133
155.85400390625,182.543899536133
155.944000244141,182.543899536133
156.044998168945,182.543899536133
156.149002075195,182.543899536133
156.255004882813,182.543899536133
156.360000610352,188.306930541992
156.455001831055,188.306930541992
156.544998168945,188.306930541992
156.746994018555,194.027053833008
156.845001220703,194.027053833008
156.949996948242,194.027053833008
157.044006347656,198.572952270508
157.143997192383,198.572952270508
157.244995117188,198.572952270508
157.352005004883,198.572952270508
157.445999145508,198.572952270508
157.544998168945,204.218353271484
157.727996826172,204.218353271484
157.763000488281,204.218353271484
157.856002807617,204.218353271484
157.955993652344,204.218353271484
158.054992675781,204.218353271484
158.154006958008,204.218353271484
158.255996704102,209.823745727539
158.360992431641,209.823745727539
158.466003417969,209.823745727539
158.600997924805,209.823745727539
158.74299621582,209.823745727539
158.77799987793,215.390869140625
158.886993408203,215.390869140625
158.985992431641,215.390869140625
159.091003417969,215.390869140625
159.195007324219,215.390869140625
159.300994873047,215.390869140625
159.395004272461,220.922256469727
159.498992919922,220.922256469727
159.735000610352,220.922256469727
159.785003662109,220.922256469727
159.886001586914,226.421295166016
159.988006591797,226.421295166016
160.093994140625,226.421295166016
160.197998046875,226.421295166016
160.302993774414,226.421295166016
160.408996582031,226.421295166016
160.514999389648,226.421295166016
160.733993530273,226.421295166016
160.783996582031,231.891571044922
160.888000488281,231.891571044922
160.985000610352,231.891571044922
161.083999633789,231.891571044922
161.188995361328,231.891571044922
161.285995483398,231.891571044922
161.386001586914,237.335403442383
161.490005493164,237.335403442383
161.626998901367,237.335403442383
161.789993286133,237.335403442383
161.884994506836,237.335403442383
161.990997314453,241.670501708984
162.098007202148,241.670501708984
162.194000244141,241.670501708984
162.29899597168,241.670501708984
162.39599609375,241.670501708984
162.494995117188,247.056610107422
162.617004394531,247.056610107422
162.789001464844,247.056610107422
162.884002685547,247.056610107422
162.988998413086,252.411727905273
163.085998535156,252.411727905273
163.186004638672,252.411727905273
163.285003662109,252.411727905273
163.384002685547,252.411727905273
163.485000610352,252.411727905273
163.589004516602,252.411727905273
163.764999389648,257.740570068359
163.79899597168,257.740570068359
163.904998779297,257.740570068359
164.009002685547,257.740570068359
164.115005493164,257.740570068359
164.220001220703,263.044219970703
164.324996948242,263.044219970703
164.414993286133,263.044219970703
164.52099609375,263.044219970703
164.626007080078,263.044219970703
164.809997558594,268.323455810547
164.904998779297,268.323455810547
165.009994506836,268.323455810547
165.115997314453,268.323455810547
165.214004516602,268.323455810547
165.320007324219,268.323455810547
165.425994873047,273.578948974609
165.524993896484,273.578948974609
165.667999267578,273.578948974609
165.832000732422,278.811431884766
165.92399597168,278.811431884766
166.02799987793,278.811431884766
166.134002685547,278.811431884766
166.225997924805,278.811431884766
166.330001831055,284.021545410156
166.425994873047,284.021545410156
166.531005859375,284.021545410156
166.658996582031,284.021545410156
166.807998657227,284.021545410156
166.916000366211,284.021545410156
167.02099609375,288.173950195313
167.125,288.173950195313
167.22900390625,288.173950195313
167.335006713867,288.173950195313
167.438995361328,288.173950195313
167.544006347656,293.345397949219
167.785003662109,293.345397949219
167.820999145508,293.345397949219
167.927993774414,298.496154785156
168.033996582031,298.496154785156
168.136993408203,298.496154785156
168.233993530273,298.496154785156
168.339996337891,298.496154785156
168.447006225586,298.496154785156
168.552993774414,303.626861572266
168.787994384766,303.626861572266
168.837997436523,303.626861572266
168.942993164063,303.626861572266
169.048004150391,308.738037109375
169.151992797852,308.738037109375
169.244003295898,308.738037109375
169.348999023438,308.738037109375
169.445999145508,308.738037109375
169.550994873047,308.738037109375
169.675994873047,313.830169677734
169.841995239258,313.830169677734
169.947998046875,313.830169677734
170.052001953125,313.830169677734
170.158004760742,318.90380859375
170.261993408203,318.90380859375
170.367004394531,318.90380859375
170.470993041992,318.90380859375
170.57600402832,323.959442138672
170.800994873047,323.959442138672
170.850997924805,323.959442138672
170.945999145508,323.959442138672
171.050003051758,323.959442138672
171.143997192383,328.997467041016
171.25,328.997467041016
171.35400390625,333.015563964844
171.458999633789,333.015563964844
171.563003540039,333.015563964844
171.692993164063,338.023101806641
171.860000610352,338.023101806641
171.966003417969,338.023101806641
172.072006225586,338.023101806641
172.166000366211,338.023101806641
172.270004272461,343.014251708984
172.375,343.014251708984
172.483993530273,343.014251708984
172.574996948242,343.014251708984
172.703002929688,347.989440917969
172.869995117188,347.989440917969
172.975997924805,347.989440917969
173.07600402832,347.989440917969
173.179000854492,347.989440917969
173.285003662109,352.949035644531
173.389007568359,352.949035644531
173.483993530273,352.949035644531
173.589996337891,352.949035644531
173.828994750977,357.893402099609
173.880996704102,357.893402099609
173.985992431641,357.893402099609
174.089996337891,357.893402099609
174.195999145508,362.822875976563
174.300003051758,362.822875976563
174.404998779297,362.822875976563
174.494995117188,362.822875976563
174.600997924805,367.73779296875
174.830993652344,367.73779296875
174.86799621582,367.73779296875
174.970993041992,367.73779296875
175.07600402832,367.73779296875
175.179992675781,371.659454345703
175.276000976563,371.659454345703
175.380996704102,371.659454345703
175.485992431641,371.659454345703
175.585998535156,371.659454345703
175.828994750977,376.548950195313
175.880004882813,376.548950195313
175.975006103516,376.548950195313
176.080001831055,376.548950195313
176.175003051758,376.548950195313
176.274993896484,381.424743652344
176.380004882813,381.424743652344
176.475006103516,381.424743652344
176.574005126953,381.424743652344
176.712005615234,386.287139892578
176.86799621582,386.287139892578
176.973007202148,386.287139892578
177.065994262695,386.287139892578
177.164993286133,391.136352539063
177.27099609375,391.136352539063
177.376007080078,391.136352539063
177.481002807617,391.136352539063
177.57600402832,391.136352539063
177.679992675781,391.136352539063
177.880004882813,395.972686767578
177.983993530273,395.972686767578
178.089004516602,395.972686767578
178.192993164063,395.972686767578
178.285003662109,400.79638671875
178.375,395.972686767578
178.475006103516,400.79638671875
178.57600402832,400.79638671875
178.675994873047,400.79638671875
178.880004882813,400.79638671875
178.985992431641,405.607666015625
179.091003417969,405.607666015625
179.195999145508,405.607666015625
179.300994873047,405.607666015625
179.395004272461,410.40673828125
179.5,410.40673828125
179.604995727539,410.40673828125
179.72900390625,410.40673828125
179.901992797852,410.40673828125
179.994995117188,414.237396240234
180.085006713867,414.237396240234
180.190994262695,414.237396240234
180.285003662109,414.237396240234
180.389999389648,414.237396240234
180.494995117188,419.015075683594
180.595001220703,419.015075683594
180.725006103516,419.015075683594
180.882995605469,419.015075683594
180.975997924805,423.781127929688
181.080001831055,423.781127929688
181.184005737305,423.781127929688
181.285995483398,423.781127929688
181.391006469727,423.781127929688
181.494995117188,428.535797119141
181.595001220703,428.535797119141
181.740005493164,428.535797119141
181.904006958008,428.535797119141
182.011001586914,433.279205322266
182.106002807617,433.279205322266
182.210006713867,433.279205322266
182.315002441406,433.279205322266
182.406997680664,433.279205322266
182.511001586914,438.011535644531
182.60400390625,438.011535644531
182.74299621582,438.011535644531
182.90299987793,438.011535644531
183.007995605469,442.732971191406
183.106002807617,442.732971191406
183.205001831055,442.732971191406
183.309997558594,442.732971191406
183.416000366211,442.732971191406
183.514999389648,447.443634033203
183.619995117188,447.443634033203
183.75,447.443634033203
183.917007446289,452.143707275391
184.022003173828,452.143707275391
184.126998901367,455.896240234375
184.225997924805,455.896240234375
184.330993652344,455.896240234375
184.436004638672,455.896240234375
184.535003662109,460.577606201172
184.639999389648,460.577606201172
184.761001586914,460.577606201172
184.940994262695,460.577606201172
185.048004150391,465.248779296875
185.151000976563,465.248779296875
185.255996704102,465.248779296875
185.361999511719,465.248779296875
185.466003417969,469.909820556641
185.574005126953,469.909820556641
185.677993774414,469.909820556641
185.893997192383,469.909820556641
185.929992675781,474.560913085938
186.037002563477,474.560913085938
186.139999389648,474.560913085938
186.244995117188,474.560913085938
186.350006103516,474.560913085938
186.445999145508,474.560913085938
186.550994873047,479.202178955078
186.643997192383,479.202178955078
186.785995483398,479.202178955078
186.945007324219,483.833679199219
187.050003051758,483.833679199219
187.15299987793,483.833679199219
187.259002685547,483.833679199219
187.356002807617,483.833679199219
187.460006713867,488.455535888672
187.563995361328,488.455535888672
187.669998168945,488.455535888672
187.798004150391,488.455535888672
187.970993041992,493.06787109375
188.063995361328,493.06787109375
188.169006347656,493.06787109375
188.264999389648,493.06787109375
188.356002807617,493.06787109375
188.460006713867,493.06787109375
188.554992675781,496.750915527344
188.660003662109,496.750915527344
188.809005737305,496.750915527344
188.97200012207,496.750915527344
189.07600402832,501.346313476563
189.180999755859,501.346313476563
189.274993896484,501.346313476563
189.380004882813,501.346313476563
189.485000610352,505.932434082031
189.57600402832,505.932434082031
189.67399597168,505.932434082031
189.809005737305,505.932434082031
189.970993041992,505.932434082031
190.07600402832,505.932434082031
190.179992675781,510.509368896484
190.276000976563,510.509368896484
190.375,510.509368896484
190.481002807617,510.509368896484
190.57600402832,510.509368896484
190.675994873047,510.509368896484
190.811996459961,515.0771484375
190.99299621582,515.0771484375
191.087005615234,515.0771484375
191.184997558594,515.0771484375
191.283996582031,515.0771484375
191.376007080078,515.0771484375
191.475997924805,519.635925292969
191.574996948242,519.635925292969
191.680999755859,519.635925292969
191.817993164063,519.635925292969
191.981002807617,519.635925292969
192.085998535156,524.185729980469
192.184997558594,524.185729980469
192.283996582031,524.185729980469
192.389999389648,524.185729980469
192.485000610352,524.185729980469
192.591003417969,528.726623535156
192.695999145508,528.726623535156
192.841995239258,528.726623535156
193.020004272461,528.726623535156
193.125,528.726623535156
193.225006103516,532.35302734375
193.330993652344,532.35302734375
193.42399597168,532.35302734375
193.526000976563,532.35302734375
193.63200378418,532.35302734375
193.725006103516,532.35302734375
193.970001220703,536.878112792969
194.020004272461,536.878112792969
194.115005493164,536.878112792969
194.214004516602,536.878112792969
194.304000854492,536.878112792969
194.404006958008,541.394470214844
194.509994506836,541.394470214844
194.602996826172,541.394470214844
194.708999633789,541.394470214844
194.807006835938,541.394470214844
195.033004760742,545.902160644531
195.138000488281,545.902160644531
195.242004394531,545.902160644531
195.335006713867,545.902160644531
195.440002441406,545.902160644531
195.535995483398,545.902160644531
195.641006469727,545.902160644531
195.733993530273,550.401306152344
195.873001098633,550.401306152344
196.050003051758,550.401306152344
196.145004272461,550.401306152344
196.25,554.891906738281
196.343994140625,554.891906738281
196.444000244141,554.891906738281
196.535003662109,554.891906738281
196.626007080078,554.891906738281
196.723999023438,554.891906738281
196.824996948242,554.891906738281
197.039993286133,559.3740234375
197.149002075195,559.3740234375
197.24299621582,559.3740234375
197.348999023438,563.847717285156
197.453994750977,559.3740234375
197.559005737305,563.847717285156
197.656005859375,563.847717285156
197.759994506836,568.313049316406
197.891006469727,563.847717285156
198.059997558594,568.313049316406
198.154998779297,568.313049316406
198.246002197266,568.313049316406
198.343994140625,571.879272460938
198.434005737305,571.879272460938
198.539993286133,571.879272460938
198.643997192383,571.879272460938
198.748992919922,576.329650878906
198.845001220703,576.329650878906
199.039001464844,576.329650878906
199.087997436523,580.771728515625
199.195999145508,580.771728515625
199.29899597168,580.771728515625
199.395004272461,580.771728515625
199.501007080078,580.771728515625
199.604995727539,585.205688476563
199.695999145508,585.205688476563
199.800994873047,585.205688476563
200.035995483398,585.205688476563
200.070007324219,589.631408691406
200.175994873047,589.631408691406
200.281997680664,589.631408691406
200.375,589.631408691406
200.464996337891,589.631408691406
200.570999145508,594.049072265625
200.667007446289,594.049072265625
200.764007568359,594.049072265625
200.917999267578,594.049072265625
201.095001220703,594.049072265625
201.199005126953,598.458679199219
201.294998168945,598.458679199219
201.399993896484,598.458679199219
201.505004882813,598.458679199219
201.60400390625,598.458679199219
201.708999633789,602.860229492188
201.813995361328,602.860229492188
202.054000854492,602.860229492188
202.089004516602,607.253784179688
202.197006225586,607.253784179688
202.294006347656,607.253784179688
202.399993896484,607.253784179688
202.505004882813,607.253784179688
202.595001220703,607.253784179688
202.70100402832,610.762878417969
202.794998168945,610.762878417969
202.929992675781,610.762878417969
203.098007202148,615.142150878906
203.201995849609,615.142150878906
203.307006835938,615.142150878906
203.412994384766,615.142150878906
203.518005371094,615.142150878906
203.623992919922,615.142150878906
203.727996826172,619.513488769531
203.833999633789,619.513488769531
204.067001342773,619.513488769531
204.102005004883,623.877014160156
204.207992553711,623.877014160156
204.313003540039,623.877014160156
204.406997680664,623.877014160156
204.511993408203,623.877014160156
204.60400390625,623.877014160156
204.708999633789,628.232727050781
204.805999755859,628.232727050781
204.938995361328,628.232727050781
205.102996826172,628.232727050781
205.205001831055,632.580688476563
205.309005737305,632.580688476563
205.404998779297,632.580688476563
205.511001586914,632.580688476563
205.604995727539,636.920837402344
205.695007324219,636.920837402344
205.794998168945,636.920837402344
205.942993164063,636.920837402344
206.110000610352,641.253295898438
206.205001831055,641.253295898438
206.309997558594,641.253295898438
206.404998779297,641.253295898438
206.511993408203,641.253295898438
206.602996826172,641.253295898438
206.695007324219,644.713745117188
206.800994873047,644.713745117188
206.945007324219,644.713745117188
207.123992919922,649.032409667969
207.22900390625,649.032409667969
207.333999633789,649.032409667969
207.438003540039,649.032409667969
207.544006347656,649.032409667969
207.649002075195,649.032409667969
207.753005981445,653.343505859375
207.858001708984,653.343505859375
208.082000732422,653.343505859375
208.13200378418,653.343505859375
208.236999511719,657.64697265625
208.335998535156,657.64697265625
208.440994262695,657.64697265625
208.546997070313,657.64697265625
208.64599609375,661.94287109375
208.744995117188,661.94287109375
208.843994140625,661.94287109375
209.248001098633,661.94287109375
209.283996582031,666.231262207031
209.389007568359,666.231262207031
209.485992431641,666.231262207031
209.585998535156,666.231262207031
209.692001342773,670.512145996094
209.785003662109,666.231262207031
209.884002685547,670.512145996094
210.214996337891,670.512145996094
210.263000488281,674.78564453125
210.35400390625,674.78564453125
210.458999633789,674.78564453125
210.554000854492,674.78564453125
210.660003662109,679.051635742188
210.764007568359,679.051635742188
210.869995117188,679.051635742188
211.203002929688,679.051635742188
211.253005981445,682.459167480469
211.358001708984,682.459167480469
211.462997436523,686.7119140625
211.569000244141,686.7119140625
211.666000366211,690.957275390625
211.770004272461,686.7119140625
211.865997314453,690.957275390625
212.151000976563,690.957275390625
212.186004638672,690.957275390625
212.292007446289,690.957275390625
212.384002685547,690.957275390625
212.490005493164,695.195434570313
212.583999633789,695.195434570313
212.675003051758,695.195434570313
212.779998779297,695.195434570313
212.875,699.42626953125
213.177001953125,699.42626953125
213.225997924805,703.649841308594
213.330993652344,703.649841308594
213.425994873047,703.649841308594
213.529998779297,703.649841308594
213.625,703.649841308594
213.731002807617,703.649841308594
213.835006713867,707.8662109375
213.994003295898,707.8662109375
214.188003540039,707.8662109375
214.285995483398,707.8662109375
214.389007568359,712.075439453125
214.486999511719,712.075439453125
214.585006713867,712.075439453125
214.690994262695,712.075439453125
214.785995483398,712.075439453125
214.889999389648,716.277526855469
215.136993408203,716.277526855469
215.171997070313,716.277526855469
215.27799987793,716.277526855469
215.382995605469,719.634033203125
215.475006103516,719.634033203125
215.574996948242,719.634033203125
215.675003051758,719.634033203125
215.774993896484,719.634033203125
215.865005493164,723.823364257813
215.988998413086,723.823364257813
216.177001953125,723.823364257813
216.274002075195,728.005615234375
216.380004882813,728.005615234375
216.485000610352,728.005615234375
216.585006713867,728.005615234375
216.688995361328,728.005615234375
216.794998168945,732.180786132813
216.899002075195,732.180786132813
217.130004882813,732.180786132813
217.164001464844,732.180786132813
217.270004272461,732.180786132813
217.375,736.349060058594
217.464004516602,736.349060058594
217.570999145508,736.846862792969
217.664001464844,736.846862792969
217.768997192383,736.846862792969
217.865997314453,741.00732421875
217.998992919922,741.00732421875
218.169006347656,741.00732421875
218.274993896484,745.160827636719
218.378997802734,745.160827636719
218.475006103516,745.160827636719
218.578994750977,745.160827636719
218.684005737305,745.160827636719
218.789993286133,749.307495117188
218.884002685547,749.307495117188
219.126998901367,749.307495117188
219.175003051758,749.307495117188
219.274002075195,753.447265625
219.380996704102,753.447265625
219.485000610352,753.447265625
219.57600402832,753.447265625
219.679992675781,756.754211425781
219.776000976563,756.754211425781
219.880996704102,756.754211425781
220.143997192383,756.754211425781
220.179992675781,756.754211425781
220.287002563477,756.754211425781
220.384994506836,760.881774902344
220.490005493164,760.881774902344
220.585998535156,760.881774902344
220.690994262695,760.881774902344
220.796005249023,765.002502441406
220.901000976563,765.002502441406
221.147003173828,765.002502441406
221.195007324219,769.116577148438
221.300994873047,769.116577148438
221.39599609375,769.116577148438
221.5,769.116577148438
221.604995727539,769.116577148438
221.708999633789,769.116577148438
221.813995361328,773.223937988281
221.914001464844,773.223937988281
222.164001464844,773.223937988281
222.212997436523,777.32470703125
222.317993164063,777.32470703125
222.414993286133,777.32470703125
222.520004272461,777.32470703125
222.623992919922,777.32470703125
222.72900390625,781.418762207031
222.824996948242,781.418762207031
222.929000854492,781.418762207031
223.167007446289,781.418762207031
223.216003417969,785.506286621094
223.313995361328,785.506286621094
223.419006347656,785.506286621094
223.524002075195,785.506286621094
223.628997802734,785.506286621094
223.723999023438,788.771545410156
223.828002929688,788.771545410156
223.934005737305,788.771545410156
224.177001953125,788.771545410156
224.225006103516,792.847290039063
224.332000732422,796.91650390625
224.436004638672,796.91650390625
224.533996582031,796.91650390625
224.639999389648,796.91650390625
224.735992431641,800.979309082031
224.839996337891,800.979309082031
224.945007324219,800.979309082031
225.20100402832,805.03564453125
225.251007080078,805.03564453125
225.354995727539,805.03564453125
225.445999145508,805.03564453125
225.552001953125,809.085571289063
225.654998779297,805.03564453125
225.746002197266,809.085571289063
225.850006103516,809.085571289063
225.944000244141,809.085571289063
226.214996337891,813.129211425781
226.266998291016,813.129211425781
226.365005493164,813.129211425781
226.470001220703,813.129211425781
226.574005126953,817.16650390625
226.679992675781,817.16650390625
226.783996582031,817.16650390625
226.889007568359,817.16650390625
226.99299621582,817.16650390625
227.220993041992,821.197509765625
227.270004272461,821.197509765625
227.375,821.197509765625
227.47900390625,821.197509765625
227.585006713867,821.197509765625
227.690002441406,821.197509765625
227.794006347656,824.417846679688
227.899002075195,824.417846679688
228.005996704102,824.417846679688
228.227996826172,824.417846679688
228.27799987793,828.437622070313
228.384002685547,828.437622070313
228.486999511719,828.437622070313
228.593002319336,828.437622070313
228.695999145508,828.437622070313
228.802993774414,832.451232910156
228.89599609375,832.451232910156
229,832.451232910156
229.231002807617,832.451232910156
229.281005859375,836.458679199219
229.386993408203,836.458679199219
229.492004394531,836.458679199219
229.583999633789,836.458679199219
229.688995361328,836.458679199219
229.785003662109,840.460021972656
229.889007568359,840.460021972656
229.994995117188,840.460021972656
230.233001708984,840.460021972656
230.268005371094,844.455261230469
230.373001098633,844.455261230469
230.477005004883,844.455261230469
230.57600402832,844.455261230469
230.680999755859,848.444519042969
230.774002075195,848.444519042969
230.873001098633,848.444519042969
230.979995727539,848.444519042969
231.113006591797,848.444519042969
231.289993286133,852.427734375
231.39599609375,852.427734375
231.494003295898,852.427734375
231.593994140625,856.404968261719
231.686004638672,856.404968261719
231.785995483398,856.404968261719
231.886001586914,856.404968261719
231.985000610352,856.404968261719
232.119003295898,859.58251953125
232.317001342773,859.58251953125
232.414001464844,859.58251953125
232.505004882813,863.549072265625
232.610000610352,863.549072265625
232.703994750977,863.549072265625
232.809005737305,863.549072265625
232.914001464844,863.549072265625
233.018005371094,867.509826660156
233.272994995117,867.509826660156
233.322006225586,867.509826660156
233.427001953125,867.509826660156
233.531997680664,871.464721679688
233.636001586914,871.464721679688
233.742004394531,871.464721679688
233.835006713867,871.464721679688
233.938995361328,871.464721679688
234.044998168945,875.413818359375
234.27799987793,875.413818359375
234.32600402832,875.413818359375
234.434005737305,879.357116699219
234.537002563477,879.357116699219
234.634994506836,879.357116699219
234.740997314453,879.357116699219
234.845993041992,883.294738769531
234.945007324219,883.294738769531
235.04899597168,883.294738769531
235.296997070313,883.294738769531
235.345993041992,887.226623535156
235.45100402832,887.226623535156
235.557006835938,887.226623535156
235.660995483398,887.226623535156
235.766006469727,890.368103027344
235.871002197266,890.368103027344
235.975997924805,890.368103027344
236.080993652344,890.368103027344
236.302993774414,894.289855957031
236.350997924805,894.289855957031
236.455001831055,894.289855957031
236.559997558594,894.289855957031
236.666000366211,898.205993652344
236.764007568359,898.205993652344
236.869003295898,902.116638183594
236.973999023438,902.116638183594
237.065002441406,902.116638183594
237.315994262695,906.021728515625
237.363998413086,906.021728515625
237.47200012207,906.021728515625
237.563995361328,906.021728515625
237.664001464844,909.921325683594
237.768997192383,909.921325683594
237.865997314453,909.921325683594
237.955001831055,909.921325683594
238.059997558594,913.815490722656
238.199996948242,913.815490722656
238.391006469727,913.815490722656
238.485000610352,913.815490722656
238.585006713867,917.704223632813
238.688995361328,917.704223632813
238.785003662109,917.704223632813
238.876998901367,917.704223632813
238.981002807617,917.704223632813
239.085006713867,921.587646484375
239.205993652344,921.587646484375
239.40299987793,924.690490722656
239.496002197266,924.690490722656
239.600997924805,924.690490722656
239.705993652344,924.690490722656
239.804000854492,924.690490722656
239.895004272461,924.690490722656
239.994003295898,928.564270019531
240.095001220703,928.564270019531
240.486999511719,932.432800292969
240.524002075195,932.432800292969
240.628005981445,932.432800292969
240.733993530273,932.432800292969
240.839996337891,936.296081542969
240.936004638672,936.296081542969
241.042007446289,936.296081542969
241.210998535156,936.296081542969
241.369995117188,940.154113769531
241.419006347656,940.154113769531
241.524002075195,940.154113769531
241.628005981445,940.154113769531
241.733001708984,944.007019042969
241.837997436523,944.007019042969
241.944000244141,944.007019042969
242.048004150391,944.007019042969
242.233001708984,947.854797363281
242.389007568359,947.854797363281
242.438995361328,947.854797363281
242.544006347656,947.854797363281
242.649993896484,951.697448730469
242.755004882813,951.697448730469
242.85400390625,951.697448730469
242.945999145508,951.697448730469
243.046005249023,951.697448730469
243.14599609375,951.697448730469
243.380004882813,951.697448730469
243.414993286133,955.535095214844
243.514007568359,955.535095214844
243.604995727539,955.535095214844
243.705001831055,955.535095214844
243.809005737305,958.6015625
243.904006958008,958.6015625
244.003997802734,958.6015625
244.093994140625,958.6015625
244.25700378418,962.430114746094
244.406005859375,962.430114746094
244.440994262695,962.430114746094
244.546005249023,962.430114746094
244.649993896484,966.253723144531
244.755004882813,966.253723144531
244.845001220703,966.253723144531
244.949996948242,966.253723144531
245.046005249023,966.253723144531
245.151000976563,970.072448730469
245.380996704102,970.072448730469
245.429992675781,970.072448730469
245.537994384766,973.88623046875
245.634994506836,973.88623046875
245.738998413086,973.88623046875
245.833999633789,973.88623046875
245.938995361328,977.695190429688
246.035995483398,977.695190429688
246.139999389648,977.695190429688
246.412994384766,977.695190429688
246.464004516602,981.499267578125
246.567001342773,981.499267578125
246.666000366211,981.499267578125
246.77099609375,981.499267578125
246.878005981445,985.298645019531
246.981994628906,985.298645019531
247.07600402832,985.298645019531
247.180999755859,985.298645019531
247.40299987793,985.298645019531
247.45100402832,989.093200683594
247.555999755859,989.093200683594
247.660003662109,989.093200683594
247.764999389648,992.12548828125
247.869003295898,992.12548828125
247.973999023438,992.12548828125
248.074996948242,992.12548828125
248.180999755859,995.911560058594
248.408004760742,995.911560058594
248.455993652344,999.693054199219
248.561004638672,999.693054199219
248.667007446289,1003.46990966797
248.772994995117,1003.46990966797
248.876998901367,1003.46990966797
248.983001708984,1003.46990966797
249.087005615234,1007.2421875
249.192001342773,1007.2421875
249.417999267578,1007.2421875
249.466003417969,1007.2421875
249.572006225586,1011.00988769531
249.664993286133,1011.00988769531
249.755996704102,1011.00988769531
249.860000610352,1014.77313232422
249.955001831055,1014.77313232422
250.054992675781,1014.77313232422
250.14599609375,1014.77313232422
250.287994384766,1014.77313232422
250.485992431641,1018.53186035156
250.591003417969,1018.53186035156
250.684005737305,1018.53186035156
250.789993286133,1018.53186035156
250.884002685547,1021.53570556641
250.988998413086,1021.53570556641
251.093994140625,1021.53570556641
251.199005126953,1021.53570556641
251.432998657227,1025.28649902344
251.481994628906,1025.28649902344
251.587005615234,1025.28649902344
251.694000244141,1025.28649902344
251.798004150391,1029.03283691406
251.895004272461,1029.03283691406
252,1029.03283691406
252.104995727539,1029.03283691406
252.208999633789,1029.03283691406
252.434997558594,1032.77502441406
252.468994140625,1032.77502441406
252.574005126953,1032.77502441406
252.666000366211,1036.51281738281
252.770004272461,1036.51281738281
252.875,1036.51281738281
252.973999023438,1036.51281738281
253.080993652344,1036.51281738281
253.184005737305,1040.24633789063
253.464996337891,1040.24633789063
253.514007568359,1040.24633789063
253.619995117188,1040.24633789063
253.725006103516,1043.97570800781
253.828994750977,1043.97570800781
253.934005737305,1043.97570800781
254.037994384766,1043.97570800781
254.145004272461,1047.70080566406
254.304992675781,1047.70080566406
254.453002929688,1047.70080566406
254.488006591797,1047.70080566406
254.593002319336,1047.70080566406
254.684005737305,1051.42175292969
254.789993286133,1051.42175292969
254.893997192383,1051.42175292969
254.998992919922,1051.42175292969
255.10400390625,1054.39562988281
255.207992553711,1054.39562988281
255.460006713867,1054.39562988281
255.509002685547,1054.39562988281
255.615997314453,1058.10925292969
255.714996337891,1058.10925292969
255.813995361328,1058.10925292969
255.914993286133,1058.10925292969
256.019989013672,1061.81896972656
256.114013671875,1061.81896972656
256.205993652344,1061.81896972656
256.463989257813,1061.81896972656
256.513000488281,1061.81896972656
256.60400390625,1065.52648925781
256.709991455078,1065.52648925781
256.804992675781,1065.52648925781
256.903015136719,1065.52648925781
257.010009765625,1069.22741699219
257.105010986328,1069.22741699219
257.210998535156,1069.22741699219
257.454986572266,1069.22741699219
257.505004882813,1069.22741699219
257.609008789063,1072.92431640625
257.705993652344,1072.92431640625
257.81201171875,1072.92431640625
257.915985107422,1072.92431640625
258.02099609375,1072.92431640625
258.114990234375,1072.92431640625
258.220001220703,1076.61743164063
258.463012695313,1076.61743164063
258.497985839844,1076.61743164063
258.60400390625,1076.61743164063
258.7080078125,1076.61743164063
258.804992675781,1080.30676269531
258.89599609375,1080.30676269531
258.996002197266,1080.30676269531
259.085998535156,1080.30676269531
259.183990478516,1080.30676269531
259.322998046875,1083.99230957031
259.523986816406,1083.99230957031
259.628997802734,1083.99230957031
259.734008789063,1086.93823242188
259.825988769531,1086.93823242188
259.924011230469,1086.93823242188
260.028991699219,1086.93823242188
260.126007080078,1090.6171875
260.22900390625,1090.6171875
260.492004394531,1090.6171875
260.526000976563,1090.6171875
260.631011962891,1090.6171875
260.734985351563,1094.29272460938
260.834991455078,1094.29272460938
260.938995361328,1097.96472167969
261.045013427734,1097.96472167969
261.135009765625,1097.96472167969
261.226013183594,1097.96472167969
261.473999023438,1101.63317871094
261.507995605469,1101.63317871094
261.605987548828,1101.63317871094
261.710998535156,1101.63317871094
261.816986083984,1101.63317871094
261.920989990234,1105.29833984375
262.014007568359,1105.29833984375
262.118988037109,1105.29833984375
262.222991943359,1108.96008300781
262.471984863281,1108.96008300781
262.52099609375,1108.96008300781
262.628997802734,1108.96008300781
262.731994628906,1112.61853027344
262.837005615234,1112.61853027344
262.944000244141,1112.61853027344
263.049011230469,1112.61853027344
263.153015136719,1112.61853027344
263.325012207031,1115.54296875
263.47900390625,1115.54296875
263.513000488281,1115.54296875
263.618988037109,1115.54296875
263.716003417969,1115.54296875
263.821990966797,1119.19555664063
263.914001464844,1119.19555664063
264.019012451172,1119.19555664063
264.115997314453,1119.19555664063
264.221984863281,1119.19555664063
264.480987548828,1122.84509277344
264.515991210938,1122.84509277344
264.619995117188,1122.84509277344
264.725006103516,1122.84509277344
264.829986572266,1126.49157714844
264.924987792969,1126.49157714844
265.028991699219,1126.49157714844
265.125,1126.49157714844
265.230010986328,1126.49157714844
265.490997314453,1126.49157714844
265.540008544922,1130.13488769531
265.64599609375,1130.13488769531
265.75,1130.13488769531
265.855010986328,1130.13488769531
265.960998535156,1133.775390625
266.063995361328,1133.775390625
266.169006347656,1133.775390625
266.273986816406,1133.775390625
266.498992919922,1137.41284179688
266.546997070313,1137.41284179688
266.651000976563,1137.41284179688
266.756988525391,1137.41284179688
266.861999511719,1141.04736328125
266.966003417969,1141.04736328125
267.065002441406,1141.04736328125
267.165985107422,1141.04736328125
267.264007568359,1141.04736328125
267.510009765625,1144.67907714844
267.544006347656,1144.67907714844
267.644989013672,1144.67907714844
267.748992919922,1144.67907714844
267.855010986328,1144.67907714844
267.959991455078,1144.67907714844
268.063995361328,1147.58239746094
268.169006347656,1147.58239746094
268.277008056641,1147.58239746094
268.533996582031,1147.58239746094
268.5830078125,1151.20910644531
268.690002441406,1151.20910644531
268.785003662109,1151.20910644531
268.884002685547,1151.20910644531
268.973999023438,1154.83325195313
269.074005126953,1154.83325195313
269.178985595703,1154.83325195313
269.282989501953,1154.83325195313
269.535003662109,1154.83325195313
269.569000244141,1158.45458984375
269.674987792969,1158.45458984375
269.766998291016,1158.45458984375
269.871002197266,1158.45458984375
269.964996337891,1158.45458984375
270.070007324219,1162.07336425781
270.165985107422,1162.07336425781
270.264007568359,1162.07336425781
270.394989013672,1162.07336425781
270.601013183594,1162.07336425781
270.694000244141,1165.68957519531
270.799011230469,1165.68957519531
270.89599609375,1165.68957519531
271.002014160156,1165.68957519531
271.105987548828,1165.68957519531
271.205993652344,1169.30322265625
271.309997558594,1169.30322265625
271.559997558594,1169.30322265625
271.595001220703,1169.30322265625
271.700012207031,1169.30322265625
271.795013427734,1172.91442871094
271.899993896484,1172.91442871094
271.994995117188,1172.91442871094
272.101013183594,1172.91442871094
272.194000244141,1172.91442871094
272.299987792969,1176.52331542969
272.588012695313,1176.52331542969
272.622985839844,1176.52331542969
272.72900390625,1176.52331542969
272.825012207031,1176.52331542969
272.924987792969,1179.40869140625
273.023986816406,1179.40869140625
273.130004882813,1179.40869140625
273.225006103516,1179.40869140625
273.324005126953,1179.40869140625
273.613006591797,1183.01318359375
273.648010253906,1183.01318359375
273.746002197266,1183.01318359375
273.851989746094,1183.01318359375
273.955993652344,1183.01318359375
274.061004638672,1186.61547851563
274.153991699219,1186.61547851563
274.259002685547,1186.61547851563
274.364013671875,1190.21557617188
274.602996826172,1190.21557617188
274.639007568359,1190.21557617188
274.743011474609,1193.81335449219
274.834014892578,1193.81335449219
274.925994873047,1193.81335449219
275.026000976563,1193.81335449219
275.115997314453,1193.81335449219
275.213989257813,1193.81335449219
275.307006835938,1193.81335449219
275.425994873047,1193.81335449219
275.649993896484,1197.40905761719
275.744995117188,1197.40905761719
275.845001220703,1197.40905761719
275.945007324219,1197.40905761719
276.035003662109,1197.40905761719
276.140991210938,1201.00268554688
276.244995117188,1201.00268554688
276.343994140625,1201.00268554688
276.618988037109,1201.00268554688
276.653015136719,1204.59411621094
276.759002685547,1204.59411621094
276.864990234375,1204.59411621094
276.954986572266,1204.59411621094
277.059997558594,1204.59411621094
277.164001464844,1204.59411621094
277.269989013672,1204.59411621094
277.364013671875,1208.18371582031
277.625,1208.18371582031
277.673004150391,1208.18371582031
277.778991699219,1208.18371582031
277.885009765625,1208.18371582031
277.973999023438,1211.05383300781
278.079010009766,1211.05383300781
278.184997558594,1211.05383300781
278.286010742188,1211.05383300781
278.457000732422,1211.05383300781
278.618011474609,1211.05383300781
278.665008544922,1214.63977050781
278.77099609375,1214.63977050781
278.877990722656,1214.63977050781
278.973999023438,1214.63977050781
279.079986572266,1214.63977050781
279.183990478516,1214.63977050781
279.274993896484,1214.63977050781
279.380004882813,1218.22387695313
279.630004882813,1218.22387695313
279.679992675781,1218.22387695313
279.776000976563,1218.22387695313
279.880004882813,1218.22387695313
279.984008789063,1221.80603027344
280.075012207031,1218.22387695313
280.178985595703,1221.80603027344
280.285003662109,1221.80603027344
280.375,1221.80603027344
280.636993408203,1221.80603027344
280.684997558594,1225.38647460938
280.790008544922,1225.38647460938
280.894989013672,1225.38647460938
281.001007080078,1225.38647460938
281.105987548828,1225.38647460938
281.210998535156,1225.38647460938
281.316009521484,1225.38647460938
281.481994628906,1225.38647460938
281.644012451172,1228.96508789063
281.679992675781,1228.96508789063
281.786987304688,1228.96508789063
281.885009765625,1228.96508789063
281.989990234375,1228.96508789063
282.096984863281,1228.96508789063
282.195007324219,1228.96508789063
282.299011230469,1228.96508789063
282.394989013672,1232.54187011719
282.643005371094,1232.54187011719
282.679992675781,1232.54187011719
282.782989501953,1232.54187011719
282.888000488281,1232.54187011719
282.993011474609,1232.54187011719
283.097991943359,1236.11706542969
283.204010009766,1236.11706542969
283.295013427734,1236.11706542969
283.398986816406,1236.11706542969
283.658996582031,1236.11706542969
283.709014892578,1236.11706542969
283.805999755859,1236.11706542969
283.911010742188,1238.97607421875
284.016998291016,1238.97607421875
284.121002197266,1238.97607421875
284.214996337891,1238.97607421875
284.319000244141,1238.97607421875
284.493988037109,1238.97607421875
284.6669921875,1242.54833984375
284.703002929688,1238.97607421875
284.795013427734,1242.54833984375
284.894012451172,1242.54833984375
284.998992919922,1242.54833984375
285.102996826172,1242.54833984375
285.209991455078,1242.54833984375
285.31201171875,1242.54833984375
285.403991699219,1246.11889648438
285.652008056641,1242.54833984375
285.700012207031,1246.11889648438
285.804992675781,1246.11889648438
285.904998779297,1246.11889648438
286.010009765625,1246.11889648438
286.114990234375,1246.11889648438
286.218994140625,1246.11889648438
286.313995361328,1246.11889648438
286.420013427734,1249.68811035156
286.662994384766,1249.68811035156
286.710998535156,1249.68811035156
286.816009521484,1249.68811035156
286.915008544922,1249.68811035156
287.015014648438,1249.68811035156
287.114013671875,1249.68811035156
287.204986572266,1249.68811035156
287.304992675781,1249.68811035156
287.404998779297,1253.25573730469
287.658996582031,1253.25573730469
287.692993164063,1253.25573730469
287.786010742188,1253.25573730469
287.884002685547,1253.25573730469
287.983001708984,1253.25573730469
288.074005126953,1253.25573730469
288.178985595703,1253.25573730469
288.283996582031,1253.25573730469
288.390991210938,1253.25573730469
288.664001464844,1256.82189941406
288.713012695313,1256.82189941406
288.819000244141,1256.82189941406
288.924011230469,1256.82189941406
289.014007568359,1256.82189941406
289.10400390625,1256.82189941406
289.196014404297,1256.82189941406
289.294006347656,1256.82189941406
289.385009765625,1256.82189941406
289.6669921875,1256.82189941406
289.716003417969,1260.38659667969
289.822998046875,1260.38659667969
289.928009033203,1260.38659667969
290.032989501953,1260.38659667969
290.136993408203,1260.38659667969
290.242004394531,1260.38659667969
290.346984863281,1260.38659667969
290.510009765625,1260.38659667969
290.674987792969,1260.38659667969
290.723999023438,1263.94995117188
290.829010009766,1260.38659667969
290.933013916016,1263.94995117188
291.040008544922,1263.94995117188
291.144012451172,1263.94995117188
291.248992919922,1263.94995117188
291.343994140625,1263.94995117188
291.519989013672,1263.94995117188
291.683013916016,1263.94995117188
291.718994140625,1267.51208496094
291.822998046875,1263.94995117188
291.915008544922,1263.94995117188
292.019012451172,1267.51208496094
292.123992919922,1267.51208496094
292.227996826172,1267.51208496094
292.332000732422,1267.51208496094
292.43798828125,1267.51208496094
292.68701171875,1267.51208496094
292.734985351563,1267.51208496094
292.839996337891,1267.51208496094
292.946014404297,1267.51208496094
293.052001953125,1267.51208496094
293.157012939453,1267.51208496094
293.260986328125,1270.36071777344
293.355010986328,1270.36071777344
293.528015136719,1270.36071777344
293.694000244141,1270.36071777344
293.744995117188,1270.70251464844
293.850006103516,1270.70251464844
293.954986572266,1270.70251464844
294.059997558594,1270.70251464844
294.165985107422,1270.70251464844
294.265014648438,1270.70251464844
294.368988037109,1270.70251464844
294.526000976563,1270.70251464844
294.734985351563,1274.26208496094
294.839996337891,1270.70251464844
294.946014404297,1274.26208496094
295.045013427734,1274.26208496094
295.149993896484,1274.26208496094
295.244995117188,1274.26208496094
295.350006103516,1274.26208496094
295.454986572266,1274.26208496094
295.703002929688,1274.26208496094
295.738006591797,1274.26208496094
295.843994140625,1274.26208496094
295.949005126953,1274.26208496094
296.045013427734,1274.26208496094
296.148986816406,1274.26208496094
296.253997802734,1274.26208496094
296.359985351563,1277.82043457031
296.527008056641,1277.82043457031
296.704986572266,1277.82043457031
296.751007080078,1277.82043457031
296.856994628906,1277.82043457031
296.962005615234,1277.82043457031
297.067993164063,1277.82043457031
297.173004150391,1277.82043457031
297.265014648438,1277.82043457031
297.368988037109,1277.82043457031
297.549011230469,1277.82043457031
297.716003417969,1277.82043457031
297.751007080078,1277.82043457031
297.855987548828,1277.82043457031
297.954986572266,1277.82043457031
298.054992675781,1277.82043457031
298.160003662109,1281.37768554688
298.253997802734,1281.37768554688
298.346008300781,1281.37768554688
298.450988769531,1281.37768554688
298.730010986328,1281.37768554688
298.778991699219,1281.37768554688
298.885009765625,1281.37768554688
298.984008789063,1281.37768554688
299.088012695313,1281.37768554688
299.194000244141,1281.37768554688
299.283996582031,1284.93371582031
299.389007568359,1281.37768554688
299.493988037109,1284.93371582031
299.756988525391,1284.93371582031
299.804992675781,1284.93371582031
299.910003662109,1284.93371582031
300.003997802734,1284.93371582031
300.109985351563,1284.93371582031
300.214996337891,1284.93371582031
300.321014404297,1284.93371582031
300.415008544922,1284.93371582031
300.580993652344,1284.93371582031
300.785003662109,1288.48876953125
300.8330078125,1284.93371582031
300.924987792969,1288.48876953125
301.031005859375,1288.48876953125
301.123992919922,1288.48876953125
301.22900390625,1288.48876953125
301.3330078125,1288.48876953125
301.43798828125,1288.48876953125
301.592010498047,1288.48876953125
301.808990478516,1288.48876953125
301.915008544922,1288.48876953125
302.014007568359,1288.48876953125
302.114013671875,1288.48876953125
302.221008300781,1288.48876953125
302.315002441406,1288.48876953125
302.406005859375,1288.48876953125
302.510009765625,1292.04260253906
302.760986328125,1288.48876953125
302.808990478516,1288.48876953125
302.914001464844,1292.04260253906
303.019012451172,1292.04260253906
303.125,1288.48876953125
303.22900390625,1292.04260253906
303.324005126953,1292.04260253906
303.429992675781,1292.04260253906
303.609008789063,1292.04260253906
303.777008056641,1292.04260253906
303.824005126953,1292.04260253906
303.929992675781,1292.04260253906
304.024993896484,1292.04260253906
304.130004882813,1292.04260253906
304.225006103516,1292.04260253906
304.329010009766,1292.04260253906
304.433013916016,1292.04260253906
304.526000976563,1292.04260253906
304.785003662109,1292.04260253906
304.820007324219,1292.04260253906
304.915008544922,1292.04260253906
305.005004882813,1292.04260253906
305.105010986328,1292.04260253906
305.209991455078,1292.04260253906
305.315002441406,1292.04260253906
305.419006347656,1292.04260253906
305.514007568359,1292.04260253906
305.772003173828,1295.59545898438
305.808013916016,1295.59545898438
305.914001464844,1292.04260253906
306.019012451172,1292.04260253906
306.115997314453,1295.59545898438
306.220001220703,1295.59545898438
306.324005126953,1295.59545898438
306.429992675781,1295.59545898438
306.536010742188,1295.59545898438
306.786010742188,1295.59545898438
306.821014404297,1295.59545898438
306.924987792969,1295.59545898438
307.029998779297,1295.59545898438
307.126007080078,1295.59545898438
307.230010986328,1295.59545898438
307.337005615234,1295.59545898438
307.441009521484,1295.59545898438
307.64599609375,1295.59545898438
307.816986083984,1295.59545898438
307.864013671875,1295.59545898438
307.970001220703,1295.59545898438
308.063995361328,1295.59545898438
308.169006347656,1295.59545898438
308.274993896484,1295.59545898438
308.378997802734,1295.59545898438
308.484008789063,1295.59545898438
308.634002685547,1295.59545898438
308.846008300781,1295.59545898438
308.953002929688,1295.59545898438
309.044006347656,1295.59545898438
309.149993896484,1295.59545898438
309.256011962891,1295.59545898438
309.35400390625,1295.59545898438
309.460998535156,1299.14733886719
309.554992675781,1295.59545898438
309.805999755859,1295.59545898438
309.852996826172,1295.59545898438
309.960998535156,1299.14733886719
310.066986083984,1295.59545898438
310.165008544922,1299.14733886719
310.269989013672,1299.14733886719
310.373992919922,1299.14733886719
310.47900390625,1299.14733886719
310.64599609375,1299.14733886719
310.819000244141,1299.14733886719
310.868011474609,1299.14733886719
310.973999023438,1299.14733886719
311.079010009766,1299.14733886719
311.183013916016,1299.14733886719
311.276000976563,1299.14733886719
311.380004882813,1299.14733886719
311.475006103516,1299.14733886719
311.579986572266,1299.14733886719
311.843994140625,1299.14733886719
311.878997802734,1299.14733886719
311.984008789063,1299.14733886719
312.075012207031,1299.14733886719
312.165985107422,1299.14733886719
312.264007568359,1299.14733886719
312.355010986328,1299.14733886719
312.446014404297,1299.14733886719
312.545989990234,1299.14733886719
312.845001220703,1299.14733886719
312.880004882813,1299.14733886719
312.975006103516,1299.14733886719
313.079986572266,1299.14733886719
313.174987792969,1299.14733886719
313.273986816406,1299.14733886719
313.378997802734,1299.14733886719
313.484985351563,1299.14733886719
313.589996337891,1299.14733886719
313.855987548828,1299.14733886719
313.904998779297,1299.14733886719
314.010986328125,1299.14733886719
314.10400390625,1299.14733886719
314.209991455078,1299.14733886719
314.313995361328,1299.14733886719
314.419006347656,1299.14733886719
314.523986816406,1299.14733886719
314.692993164063,1299.14733886719
314.911010742188,1301.98815917969
315.018005371094,1301.98815917969
315.122985839844,1299.14733886719
315.226989746094,1299.14733886719
315.330993652344,1299.14733886719
315.436004638672,1301.98815917969
315.540985107422,1299.14733886719
315.847991943359,1301.98815917969
315.897003173828,1301.98815917969
316.002014160156,1301.98815917969
316.106994628906,1301.98815917969
316.210998535156,1299.14733886719
316.316009521484,1301.98815917969
316.420013427734,1301.98815917969
316.526000976563,1301.98815917969
316.68701171875,1301.98815917969
316.860992431641,1301.98815917969
316.89599609375,1301.98815917969
316.994995117188,1301.98815917969
317.093994140625,1301.98815917969
317.199005126953,1301.98815917969
317.295013427734,1301.98815917969
317.385009765625,1301.98815917969
317.484008789063,1301.98815917969
317.589996337891,1301.98815917969
317.864990234375,1301.98815917969
317.899993896484,1301.98815917969
318.005004882813,1301.98815917969
318.109985351563,1301.98815917969
318.214996337891,1301.98815917969
318.321014404297,1301.98815917969
318.424987792969,1301.98815917969
318.528991699219,1301.98815917969
318.701995849609,1301.98815917969
318.924011230469,1301.98815917969
319.028015136719,1301.98815917969
319.135009765625,1301.98815917969
319.239013671875,1301.98815917969
319.343994140625,1301.98815917969
319.449005126953,1301.98815917969
319.553009033203,1301.98815917969
319.709991455078,1301.98815917969
319.886993408203,1301.98815917969
319.920989990234,1301.98815917969
320.026000976563,1301.98815917969
320.123992919922,1301.98815917969
320.22900390625,1301.98815917969
320.325012207031,1301.98815917969
320.415008544922,1301.98815917969
320.519989013672,1301.98815917969
320.615997314453,1301.98815917969
320.920013427734,1301.98815917969
320.954986572266,1301.98815917969
321.059997558594,1301.98815917969
321.153991699219,1301.98815917969
321.256988525391,1301.98815917969
321.355010986328,1301.98815917969
321.460998535156,1301.98815917969
321.554992675781,1301.98815917969
321.660003662109,1301.98815917969
321.920989990234,1301.98815917969
321.968994140625,1301.98815917969
322.066009521484,1301.98815917969
322.164001464844,1301.98815917969
322.255004882813,1301.98815917969
322.35400390625,1301.98815917969
322.445007324219,1301.98815917969
322.536010742188,1301.98815917969
322.635986328125,1301.98815917969
322.928985595703,1301.98815917969
322.963012695313,1301.98815917969
323.054992675781,1301.98815917969
323.153991699219,1301.98815917969
323.259002685547,1301.98815917969
323.364013671875,1301.98815917969
323.467987060547,1301.98815917969
323.571990966797,1301.98815917969
323.756011962891,1301.98815917969
323.930999755859,1301.98815917969
323.97900390625,1301.98815917969
324.087005615234,1301.98815917969
324.191009521484,1301.98815917969
324.283996582031,1305.53820800781
324.389007568359,1301.98815917969
324.484985351563,1301.98815917969
324.589996337891,1301.98815917969
324.748992919922,1301.98815917969
324.951995849609,1301.98815917969
325.055999755859,1301.98815917969
325.156005859375,1301.98815917969
325.260009765625,1301.98815917969
325.365997314453,1301.98815917969
325.468994140625,1301.98815917969
325.575988769531,1301.98815917969
325.747985839844,1301.98815917969
325.934997558594,1305.53820800781
325.983001708984,1305.53820800781
326.088012695313,1301.98815917969
326.194000244141,1301.98815917969
326.299011230469,1305.53820800781
326.403015136719,1305.53820800781
326.507995605469,1305.53820800781
326.611999511719,1305.53820800781
326.773986816406,1305.53820800781
326.950988769531,1301.98815917969
327,1305.53820800781
327.105987548828,1301.98815917969
327.209991455078,1305.53820800781
327.315002441406,1301.98815917969
327.419006347656,1305.53820800781
327.515014648438,1305.53820800781
327.621002197266,1301.98815917969
327.803009033203,1301.98815917969
327.993988037109,1301.98815917969
328.028015136719,1305.53820800781
328.136993408203,1305.53820800781
328.234008789063,1305.53820800781
328.338989257813,1305.53820800781
328.433990478516,1301.98815917969
328.540008544922,1305.53820800781
328.644012451172,1301.98815917969
328.815002441406,1305.53820800781
329.02099609375,1305.53820800781
329.126007080078,1305.53820800781
329.231994628906,1305.53820800781
329.324005126953,1301.98815917969
329.428985595703,1301.98815917969
329.524993896484,1305.53820800781
329.628997802734,1305.53820800781
329.734008789063,1305.53820800781
329.998992919922,1305.53820800781
330.033996582031,1305.53820800781
330.138000488281,1301.98815917969
330.233001708984,1305.53820800781
330.325012207031,1305.53820800781
330.430999755859,1301.98815917969
330.524993896484,1305.53820800781
330.631011962891,1301.98815917969
330.726989746094,1305.53820800781
331.002990722656,1305.53820800781
331.050994873047,1305.53820800781
331.144989013672,1305.53820800781
331.243988037109,1305.53820800781
331.348999023438,1305.53820800781
331.454986572266,1305.53820800781
331.554992675781,1305.53820800781
331.64599609375,1305.53820800781
331.743988037109,1305.53820800781
332.039001464844,1305.53820800781
332.074005126953,1305.53820800781
332.179992675781,1301.98815917969
332.285003662109,1305.53820800781
332.375,1305.53820800781
332.480010986328,1305.53820800781
332.575012207031,1305.53820800781
332.674011230469,1305.53820800781
332.843994140625,1305.53820800781
333.050994873047,1305.53820800781
333.156005859375,1305.53820800781
333.253997802734,1305.53820800781
333.359008789063,1305.53820800781
333.454010009766,1305.53820800781
333.558990478516,1305.53820800781
333.654998779297,1305.53820800781
333.760986328125,1305.53820800781
334.066009521484,1305.53820800781
334.114013671875,1305.53820800781
334.214996337891,1305.53820800781
334.321014404297,1305.53820800781
334.428009033203,1305.53820800781
334.529998779297,1305.53820800781
334.635009765625,1305.53820800781
334.734985351563,1305.53820800781
335.035003662109,1305.53820800781
335.070007324219,1301.98815917969
335.175994873047,1305.53820800781
335.279998779297,1305.53820800781
335.385009765625,1305.53820800781
335.489990234375,1305.53820800781
335.595001220703,1305.53820800781
335.700988769531,1305.53820800781
335.876007080078,1305.53820800781
336.057006835938,1305.53820800781
336.10400390625,1305.53820800781
336.209991455078,1305.53820800781
336.316009521484,1305.53820800781
336.404998779297,1305.53820800781
336.510986328125,1305.53820800781
336.617004394531,1301.98815917969
336.713989257813,1305.53820800781
336.885009765625,1305.53820800781
337.06298828125,1305.53820800781
337.097991943359,1305.53820800781
337.194000244141,1305.53820800781
337.285003662109,1305.53820800781
337.376007080078,1305.53820800781
337.473999023438,1305.53820800781
337.579010009766,1305.53820800781
337.683990478516,1305.53820800781
337.776000976563,1305.53820800781
338.070007324219,1305.53820800781
338.105010986328,1305.53820800781
338.204010009766,1305.53820800781
338.308990478516,1305.53820800781
338.403991699219,1305.53820800781
338.507995605469,1305.53820800781
338.605987548828,1305.53820800781
338.705993652344,1305.53820800781
338.808990478516,1305.53820800781
339.082000732422,1305.53820800781
339.117004394531,1305.53820800781
339.231994628906,1305.53820800781
339.325988769531,1305.53820800781
339.432006835938,1305.53820800781
339.536987304688,1305.53820800781
339.641998291016,1305.53820800781
339.747009277344,1305.53820800781
340.067993164063,1305.53820800781
340.118011474609,1305.53820800781
340.214996337891,1305.53820800781
340.321014404297,1301.98815917969
340.415008544922,1305.53820800781
340.52099609375,1305.53820800781
340.623992919922,1301.98815917969
340.713012695313,1305.53820800781
340.925994873047,1305.53820800781
341.108001708984,1305.53820800781
341.141998291016,1305.53820800781
341.247985839844,1305.53820800781
341.35400390625,1305.53820800781
341.459014892578,1305.53820800781
341.56298828125,1305.53820800781
341.669006347656,1305.53820800781
341.765014648438,1305.53820800781
342.092987060547,1305.53820800781
342.141998291016,1305.53820800781
342.235992431641,1305.53820800781
342.341003417969,1305.53820800781
342.445007324219,1305.53820800781
342.545989990234,1305.53820800781
342.651000976563,1305.53820800781
342.744995117188,1305.53820800781
342.915985107422,1305.53820800781
343.131011962891,1305.53820800781
343.234985351563,1305.53820800781
343.339996337891,1305.53820800781
343.436004638672,1305.53820800781
343.5419921875,1305.53820800781
343.64599609375,1305.53820800781
343.75,1301.98815917969
343.925994873047,1305.53820800781
344.122009277344,1305.53820800781
344.170989990234,1305.53820800781
344.276000976563,1305.53820800781
344.380004882813,1305.53820800781
344.475006103516,1305.53820800781
344.575012207031,1305.53820800781
344.665985107422,1305.53820800781
344.764007568359,1305.53820800781
344.93798828125,1301.98815917969
345.132995605469,1301.98815917969
345.167999267578,1305.53820800781
345.274993896484,1305.53820800781
345.365997314453,1305.53820800781
345.463989257813,1305.53820800781
345.567993164063,1305.53820800781
345.665008544922,1305.53820800781
345.769989013672,1305.53820800781
345.867004394531,1305.53820800781
346.135009765625,1305.53820800781
346.170013427734,1305.53820800781
346.273986816406,1305.53820800781
346.364990234375,1305.53820800781
346.471008300781,1305.53820800781
346.574005126953,1305.53820800781
346.678985595703,1305.53820800781
346.782989501953,1305.53820800781
346.968994140625,1305.53820800781
347.152008056641,1305.53820800781
347.200988769531,1305.53820800781
347.308013916016,1305.53820800781
347.411987304688,1305.53820800781
347.505004882813,1305.53820800781
347.609985351563,1305.53820800781
347.704986572266,1305.53820800781
347.811004638672,1301.98815917969
347.973999023438,1305.53820800781
348.157012939453,1301.98815917969
348.191986083984,1305.53820800781
348.295989990234,1301.98815917969
348.402008056641,1301.98815917969
348.494995117188,1305.53820800781
348.593994140625,1305.53820800781
348.699005126953,1305.53820800781
348.795013427734,1305.53820800781
348.981994628906,1301.98815917969
349.169006347656,1305.53820800781
349.218994140625,1301.98815917969
349.322998046875,1305.53820800781
349.428009033203,1301.98815917969
349.533996582031,1305.53820800781
349.638000488281,1305.53820800781
349.743011474609,1305.53820800781
349.834991455078,1301.98815917969
349.993011474609,1301.98815917969
350.231994628906,1301.98815917969
350.335998535156,1301.98815917969
350.441986083984,1301.98815917969
350.545989990234,1305.53820800781
350.651000976563,1301.98815917969
350.755004882813,1301.98815917969
350.859008789063,1301.98815917969
351.180999755859,1301.98815917969
351.22900390625,1301.98815917969
351.325988769531,1301.98815917969
351.415985107422,1301.98815917969
351.515014648438,1305.53820800781
351.614990234375,1301.98815917969
351.705993652344,1301.98815917969
351.809997558594,1301.98815917969
351.989013671875,1305.53820800781
352.200988769531,1305.53820800781
352.247985839844,1301.98815917969
352.355987548828,1301.98815917969
352.460998535156,1301.98815917969
352.566009521484,1301.98815917969
352.670989990234,1301.98815917969
352.776000976563,1301.98815917969
352.881011962891,1301.98815917969
353.200012207031,1305.53820800781
353.248992919922,1301.98815917969
353.355010986328,1301.98815917969
353.459991455078,1301.98815917969
353.555999755859,1305.53820800781
353.653991699219,1305.53820800781
353.759002685547,1301.98815917969
353.855987548828,1301.98815917969
354.039001464844,1301.98815917969
354.226989746094,1301.98815917969
354.260986328125,1301.98815917969
354.367004394531,1301.98815917969
354.471008300781,1301.98815917969
354.563995361328,1301.98815917969
354.669006347656,1301.98815917969
354.765014648438,1301.98815917969
354.868988037109,1301.98815917969
355.045989990234,1301.98815917969
355.242004394531,1301.98815917969
355.290008544922,1301.98815917969
355.39599609375,1301.98815917969
355.494995117188,1301.98815917969
355.601989746094,1301.98815917969
355.694000244141,1301.98815917969
355.795013427734,1301.98815917969
355.894989013672,1301.98815917969
356.057006835938,1301.98815917969
356.255004882813,1301.98815917969
356.290008544922,1301.98815917969
356.393005371094,1301.98815917969
356.497985839844,1301.98815917969
356.60400390625,1301.98815917969
356.7080078125,1301.98815917969
356.803985595703,1301.98815917969
356.907989501953,1301.98815917969
357.243011474609,1301.98815917969
357.290985107422,1301.98815917969
357.398986816406,1301.98815917969
357.502014160156,1301.98815917969
357.606994628906,1301.98815917969
357.712005615234,1301.98815917969
357.816009521484,1301.98815917969
357.920989990234,1301.98815917969
358.265014648438,1301.98815917969
358.299011230469,1301.98815917969
358.394989013672,1301.98815917969
358.496002197266,1301.98815917969
358.601013183594,1301.98815917969
358.704986572266,1301.98815917969
358.804992675781,1301.98815917969
358.911010742188,1301.98815917969
359.082000732422,1301.98815917969
359.269989013672,1301.98815917969
359.304992675781,1301.98815917969
359.410003662109,1301.98815917969
359.505004882813,1301.98815917969
359.609985351563,1301.98815917969
359.704010009766,1301.98815917969
359.803985595703,1301.98815917969
359.907989501953,1301.98815917969
360.092010498047,1301.98815917969
360.282012939453,1301.98815917969
360.332000732422,1301.98815917969
360.434997558594,1301.98815917969
360.533996582031,1301.98815917969
360.640014648438,1301.98815917969
360.734985351563,1301.98815917969
360.839996337891,1301.98815917969
360.946014404297,1301.98815917969
361.122009277344,1301.98815917969
361.320007324219,1301.98815917969
361.369995117188,1299.14733886719
361.475006103516,1301.98815917969
361.579010009766,1301.98815917969
361.684997558594,1301.98815917969
361.790008544922,1301.98815917969
361.894989013672,1301.98815917969
361.998992919922,1301.98815917969
362.31201171875,1301.98815917969
362.359985351563,1301.98815917969
362.466003417969,1301.98815917969
362.571990966797,1301.98815917969
362.675994873047,1301.98815917969
362.781005859375,1301.98815917969
362.886993408203,1301.98815917969
362.990997314453,1301.98815917969
363.317993164063,1301.98815917969
363.368011474609,1301.98815917969
363.473999023438,1301.98815917969
363.578002929688,1301.98815917969
363.684997558594,1301.98815917969
363.790008544922,1301.98815917969
363.894012451172,1301.98815917969
363.998992919922,1301.98815917969
364.329986572266,1301.98815917969
364.380004882813,1305.53820800781
364.484985351563,1301.98815917969
364.588989257813,1301.98815917969
364.692993164063,1301.98815917969
364.799011230469,1301.98815917969
364.903991699219,1301.98815917969
365.010009765625,1301.98815917969
365.346008300781,1301.98815917969
365.394989013672,1301.98815917969
365.5,1301.98815917969
365.596008300781,1301.98815917969
365.695007324219,1301.98815917969
365.799987792969,1301.98815917969
365.894012451172,1301.98815917969
365.998992919922,1301.98815917969
366.167999267578,1301.98815917969
366.355987548828,1301.98815917969
366.390991210938,1301.98815917969
366.494995117188,1301.98815917969
366.585998535156,1301.98815917969
366.684997558594,1301.98815917969
366.790008544922,1301.98815917969
366.894989013672,1301.98815917969
367,1301.98815917969
367.204986572266,1301.98815917969
367.402008056641,1301.98815917969
367.450012207031,1301.98815917969
367.554992675781,1301.98815917969
367.661987304688,1301.98815917969
367.768005371094,1301.98815917969
367.872009277344,1301.98815917969
367.976989746094,1301.98815917969
368.082000732422,1301.98815917969
368.369995117188,1301.98815917969
368.417999267578,1301.98815917969
368.524993896484,1301.98815917969
368.625,1301.98815917969
368.730987548828,1301.98815917969
368.824005126953,1301.98815917969
368.929992675781,1301.98815917969
369.024993896484,1301.98815917969
369.188995361328,1301.98815917969
369.380004882813,1301.98815917969
369.429992675781,1302.50134277344
369.533996582031,1302.50134277344
369.635009765625,1302.50134277344
369.739990234375,1302.50134277344
369.834014892578,1302.50134277344
369.938995361328,1302.50134277344
370.045989990234,1302.50134277344
370.372009277344,1302.50134277344
370.420013427734,1302.50134277344
370.526000976563,1302.50134277344
370.625,1302.50134277344
370.730010986328,1302.50134277344
370.834991455078,1302.50134277344
370.938995361328,1302.50134277344
371.044006347656,1302.50134277344
371.375,1302.50134277344
371.410003662109,1302.50134277344
371.515991210938,1302.50134277344
371.606994628906,1302.50134277344
371.704010009766,1302.50134277344
371.808990478516,1302.50134277344
371.904998779297,1302.50134277344
372.003997802734,1302.50134277344
372.183013916016,1302.50134277344
372.389007568359,1302.50134277344
372.423004150391,1302.50134277344
372.529998779297,1302.50134277344
372.635009765625,1302.50134277344
372.739990234375,1302.50134277344
372.846008300781,1302.50134277344
372.951995849609,1302.50134277344
373.055999755859,1302.50134277344
373.402008056641,1302.50134277344
373.450012207031,1302.50134277344
373.545013427734,1302.50134277344
373.648986816406,1302.50134277344
373.744995117188,1302.50134277344
373.837005615234,1302.50134277344
373.940002441406,1302.50134277344
374.045013427734,1302.50134277344
374.217010498047,1302.50134277344
374.407012939453,1302.50134277344
374.441009521484,1302.50134277344
374.535003662109,1302.50134277344
374.626007080078,1302.50134277344
374.725006103516,1302.50134277344
374.829986572266,1302.50134277344
374.925994873047,1302.50134277344
375.029998779297,1302.50134277344
375.123992919922,1302.50134277344
375.415985107422,1302.50134277344
375.450988769531,1302.50134277344
375.545989990234,1302.50134277344
375.644989013672,1302.50134277344
375.748992919922,1302.50134277344
375.843994140625,1302.50134277344
375.949005126953,1302.50134277344
376.045989990234,1302.50134277344
376.230987548828,1302.50134277344
376.425994873047,1302.50134277344
376.472991943359,1302.50134277344
376.578002929688,1302.50134277344
376.683013916016,1302.50134277344
376.786987304688,1302.50134277344
376.884002685547,1302.50134277344
376.989990234375,1302.50134277344
377.084014892578,1302.50134277344
377.43701171875,1302.50134277344
377.486999511719,1302.50134277344
377.592010498047,1302.50134277344
377.683990478516,1302.50134277344
377.773986816406,1302.50134277344
377.880004882813,1302.50134277344
377.975006103516,1302.50134277344
378.075012207031,1302.50134277344
378.248992919922,1302.50134277344
378.442993164063,1302.50134277344
378.493011474609,1302.50134277344
378.598999023438,1302.50134277344
378.704010009766,1302.50134277344
378.808990478516,1302.50134277344
378.915008544922,1302.50134277344
379.006011962891,1302.50134277344
379.109985351563,1302.50134277344
379.454986572266,1302.50134277344
379.503997802734,1302.50134277344
379.595001220703,1302.50134277344
379.686004638672,1302.50134277344
379.792999267578,1302.50134277344
379.884002685547,1302.50134277344
379.975006103516,1302.50134277344
380.080993652344,1302.50134277344
380.265991210938,1302.50134277344
380.463012695313,1302.50134277344
380.510986328125,1302.50134277344
380.617004394531,1302.50134277344
380.722991943359,1302.50134277344
380.829010009766,1302.50134277344
380.925994873047,1302.50134277344
381.023986816406,1302.50134277344
381.128997802734,1302.50134277344
381.497985839844,1302.50134277344
381.532989501953,1299.66064453125
381.639007568359,1302.50134277344
381.734985351563,1302.50134277344
381.839996337891,1302.50134277344
381.936004638672,1302.50134277344
382.033996582031,1302.50134277344
382.139007568359,1302.50134277344
382.481994628906,1302.50134277344
382.515991210938,1302.50134277344
382.621002197266,1302.50134277344
382.713989257813,1302.50134277344
382.804992675781,1299.66064453125
382.904998779297,1302.50134277344
383.007995605469,1302.50134277344
383.114013671875,1302.50134277344
383.292999267578,1302.50134277344
383.493011474609,1302.50134277344
383.5419921875,1302.50134277344
383.647003173828,1302.50134277344
383.752014160156,1302.50134277344
383.845001220703,1302.50134277344
383.936004638672,1302.50134277344
384.035003662109,1302.50134277344
384.134002685547,1302.50134277344
384.304992675781,1302.50134277344
384.5,1299.66064453125
384.535003662109,1302.50134277344
384.639007568359,1302.50134277344
384.744995117188,1302.50134277344
384.843994140625,1302.50134277344
384.953002929688,1299.66064453125
385.057006835938,1302.50134277344
385.153991699219,1299.66064453125
385.5,1299.66064453125
385.549011230469,1302.50134277344
385.653991699219,1299.66064453125
385.743988037109,1299.66064453125
385.834991455078,1299.66064453125
385.941009521484,1302.50134277344
386.048004150391,1299.66064453125
386.153991699219,1299.66064453125
386.319000244141,1299.66064453125
386.558013916016,1302.50134277344
386.661987304688,1299.66064453125
386.766998291016,1299.66064453125
386.871002197266,1299.66064453125
386.964996337891,1299.66064453125
387.070007324219,1299.66064453125
387.165008544922,1299.66064453125
387.501007080078,1299.66064453125
387.548004150391,1299.66064453125
387.652008056641,1299.66064453125
387.757995605469,1299.66064453125
387.864013671875,1299.66064453125
387.967010498047,1299.66064453125
388.072998046875,1299.66064453125
388.177001953125,1299.66064453125
388.511993408203,1299.66064453125
388.561004638672,1299.66064453125
388.6669921875,1299.66064453125
388.772003173828,1299.66064453125
388.876007080078,1299.66064453125
388.980987548828,1299.66064453125
389.085998535156,1299.66064453125
389.190002441406,1299.66064453125
389.536010742188,1299.66064453125
389.587005615234,1299.66064453125
389.691986083984,1299.66064453125
389.796997070313,1299.66064453125
389.894989013672,1299.66064453125
389.998992919922,1299.66064453125
390.093994140625,1299.66064453125
390.197998046875,1299.66064453125
390.537994384766,1299.66064453125
390.571990966797,1299.66064453125
390.678985595703,1299.66064453125
390.773986816406,1299.66064453125
390.875,1299.66064453125
390.980010986328,1299.66064453125
391.075012207031,1299.66064453125
391.179992675781,1299.66064453125
391.359008789063,1299.66064453125
391.554992675781,1296.10888671875
391.588989257813,1299.66064453125
391.695007324219,1296.10888671875
391.795989990234,1296.10888671875
391.899993896484,1296.10888671875
391.994995117188,1296.10888671875
392.101013183594,1296.10888671875
392.205993652344,1296.10888671875
392.561004638672,1296.10888671875
392.609008789063,1296.10888671875
392.716003417969,1296.10888671875
392.821990966797,1296.10888671875
392.915008544922,1296.10888671875
393.019989013672,1296.10888671875
393.115997314453,1296.10888671875
393.214996337891,1296.10888671875
393.572998046875,1296.10888671875
393.622009277344,1296.10888671875
393.727996826172,1296.10888671875
393.825012207031,1296.10888671875
393.929992675781,1296.10888671875
394.036987304688,1296.10888671875
394.135009765625,1296.10888671875
394.240997314453,1296.10888671875
394.584014892578,1296.10888671875
394.618011474609,1292.55627441406
394.716003417969,1292.55627441406
394.813995361328,1292.55627441406
394.915985107422,1296.10888671875
395.02099609375,1292.55627441406
395.115997314453,1292.55627441406
395.214996337891,1292.55627441406
395.394012451172,1292.55627441406
395.589996337891,1292.55627441406
395.626007080078,1292.55627441406
395.730010986328,1292.55627441406
395.834991455078,1292.55627441406
395.938995361328,1292.55627441406
396.044006347656,1292.55627441406
396.148986816406,1292.55627441406
396.252990722656,1292.55627441406
396.609008789063,1292.55627441406
396.657989501953,1292.55627441406
396.763000488281,1292.55627441406
396.855010986328,1292.55627441406
396.946014404297,1292.55627441406
397.045013427734,1292.55627441406
397.148986816406,1292.55627441406
397.253997802734,1289.00244140625
397.614013671875,1289.00244140625
397.661987304688,1289.00244140625
397.768005371094,1289.00244140625
397.872009277344,1289.00244140625
397.976989746094,1289.00244140625
398.082000732422,1289.00244140625
398.18701171875,1289.00244140625
398.290985107422,1289.00244140625
398.613006591797,1289.00244140625
398.662994384766,1289.00244140625
398.768005371094,1289.00244140625
398.872009277344,1285.44775390625
398.976989746094,1289.00244140625
399.074005126953,1285.44775390625
399.178985595703,1285.44775390625
399.276000976563,1285.44775390625
399.617004394531,1285.44775390625
399.652008056641,1285.44775390625
399.756988525391,1285.44775390625
399.861999511719,1281.89184570313
399.954010009766,1285.44775390625
400.058990478516,1285.44775390625
400.153991699219,1281.89184570313
400.260009765625,1281.89184570313
400.428985595703,1281.89184570313
400.631988525391,1281.89184570313
400.679992675781,1281.89184570313
400.786010742188,1281.89184570313
400.890014648438,1281.89184570313
400.994995117188,1281.89184570313
401.101013183594,1281.89184570313
401.204986572266,1281.89184570313
401.304992675781,1278.33471679688
401.632995605469,1278.33471679688
401.667999267578,1278.33471679688
401.773986816406,1278.33471679688
401.877014160156,1278.33471679688
401.975006103516,1278.33471679688
402.074005126953,1278.33471679688
402.1669921875,1278.33471679688
402.265014648438,1278.33471679688
402.445007324219,1278.33471679688
402.644012451172,1278.33471679688
402.691986083984,1278.33471679688
402.796997070313,1278.33471679688
402.902008056641,1274.77648925781
402.994995117188,1274.77648925781
403.100006103516,1274.77648925781
403.204010009766,1274.77648925781
403.295989990234,1274.77648925781
403.635986328125,1274.77648925781
403.684997558594,1274.77648925781
403.790008544922,1274.77648925781
403.884002685547,1274.77648925781
403.989013671875,1274.77648925781
404.095001220703,1274.77648925781
404.199005126953,1274.77648925781
404.294006347656,1274.77648925781
404.656005859375,1274.77648925781
404.704986572266,1271.21716308594
404.809997558594,1271.21716308594
404.915985107422,1271.21716308594
405.019012451172,1271.21716308594
405.123992919922,1271.21716308594
405.22900390625,1271.21716308594
405.419006347656,1271.21716308594
405.636993408203,1271.21716308594
405.684997558594,1271.21716308594
405.7919921875,1271.21716308594
405.897003173828,1268.36865234375
406.002014160156,1268.36865234375
406.105987548828,1268.36865234375
406.212005615234,1268.36865234375
406.316986083984,1268.36865234375
406.639007568359,1268.36865234375
406.674011230469,1268.36865234375
406.778015136719,1268.36865234375
406.884002685547,1268.36865234375
406.989013671875,1268.36865234375
407.092010498047,1268.36865234375
407.197998046875,1268.36865234375
407.303009033203,1264.80688476563
407.661987304688,1264.80688476563
407.712005615234,1264.80688476563
407.817993164063,1264.80688476563
407.923004150391,1264.80688476563
408.015014648438,1264.80688476563
408.114990234375,1264.80688476563
408.204986572266,1264.80688476563
408.295989990234,1264.80688476563
408.654998779297,1264.80688476563
408.703002929688,1261.24389648438
408.808013916016,1264.80688476563
408.903991699219,1261.24389648438
409.009002685547,1261.24389648438
409.105987548828,1261.24389648438
409.212005615234,1261.24389648438
409.316009521484,1261.24389648438
409.653991699219,1261.24389648438
409.704986572266,1261.24389648438
409.809997558594,1257.67944335938
409.9169921875,1261.24389648438
410.02099609375,1257.67944335938
410.125,1257.67944335938
410.230987548828,1257.67944335938
410.335998535156,1257.67944335938
410.652008056641,1257.67944335938
410.700012207031,1257.67944335938
410.805999755859,1257.67944335938
410.911010742188,1257.67944335938
411.015991210938,1257.67944335938
411.119995117188,1257.67944335938
411.225006103516,1254.11364746094
411.329986572266,1257.67944335938
411.674987792969,1254.11364746094
411.710998535156,1254.11364746094
411.816009521484,1254.11364746094
411.914001464844,1254.11364746094
412.019012451172,1254.11364746094
412.122985839844,1254.11364746094
412.227996826172,1254.11364746094
412.325012207031,1254.11364746094
412.6669921875,1254.11364746094
412.704010009766,1254.11364746094
412.808990478516,1250.54638671875
412.914001464844,1250.54638671875
413.014007568359,1250.54638671875
413.118988037109,1250.54638671875
413.214996337891,1250.54638671875
413.321014404297,1250.54638671875
413.677001953125,1246.9775390625
413.725006103516,1246.9775390625
413.824005126953,1246.9775390625
413.915008544922,1246.9775390625
414.005004882813,1246.9775390625
414.105010986328,1246.9775390625
414.204010009766,1246.9775390625
414.296997070313,1246.9775390625
414.515014648438,1246.9775390625
414.721008300781,1246.9775390625
414.769989013672,1246.9775390625
414.875,1243.4072265625
414.980010986328,1243.4072265625
415.084014892578,1243.4072265625
415.190002441406,1243.4072265625
415.294006347656,1243.4072265625
415.496002197266,1243.4072265625
415.712005615234,1243.4072265625
415.760009765625,1239.83544921875
415.868011474609,1243.4072265625
415.971984863281,1243.4072265625
416.076995849609,1239.83544921875
416.180999755859,1239.83544921875
416.286987304688,1239.83544921875
416.488006591797,1239.83544921875
416.688995361328,1239.83544921875
416.739013671875,1239.83544921875
416.842010498047,1239.83544921875
416.934997558594,1239.83544921875
417.040008544922,1236.97680664063
417.134002685547,1236.97680664063
417.226013183594,1236.97680664063
417.315002441406,1236.97680664063
417.492004394531,1236.97680664063
417.699005126953,1236.97680664063
417.747985839844,1236.97680664063
417.855010986328,1236.97680664063
417.959014892578,1236.97680664063
418.06298828125,1236.97680664063
418.169006347656,1233.40197753906
418.273010253906,1233.40197753906
418.364990234375,1233.40197753906
418.713989257813,1233.40197753906
418.761993408203,1233.40197753906
418.867004394531,1233.40197753906
418.971984863281,1233.40197753906
419.076995849609,1233.40197753906
419.183013916016,1229.82556152344
419.276000976563,1233.40197753906
419.378997802734,1229.82556152344
419.714996337891,1229.82556152344
419.764007568359,1229.82556152344
419.868011474609,1229.82556152344
419.966003417969,1229.82556152344
420.065002441406,1229.82556152344
420.164001464844,1226.24731445313
420.256988525391,1226.24731445313
420.361999511719,1226.24731445313
420.709014892578,1226.24731445313
420.757995605469,1226.24731445313
420.864990234375,1226.24731445313
420.964996337891,1226.24731445313
421.070007324219,1226.24731445313
421.174011230469,1226.24731445313
421.265014648438,1226.24731445313
421.371002197266,1222.66735839844
421.709014892578,1222.66735839844
421.757995605469,1226.24731445313
421.864990234375,1222.66735839844
421.968994140625,1222.66735839844
422.065002441406,1222.66735839844
422.157012939453,1222.66735839844
422.255004882813,1222.66735839844
422.359008789063,1222.66735839844
422.726989746094,1219.08569335938
422.777008056641,1219.08569335938
422.881988525391,1219.08569335938
422.985992431641,1219.08569335938
423.084014892578,1219.08569335938
423.188995361328,1219.08569335938
423.295013427734,1219.08569335938
423.386993408203,1219.08569335938
423.734985351563,1215.50207519531
423.769989013672,1215.50207519531
423.864013671875,1215.50207519531
423.968994140625,1215.50207519531
424.074005126953,1215.50207519531
424.178009033203,1215.50207519531
424.274993896484,1215.50207519531
424.380004882813,1215.50207519531
424.743011474609,1211.91650390625
424.792999267578,1211.91650390625
424.898010253906,1211.91650390625
425.002014160156,1211.91650390625
425.093994140625,1211.91650390625
425.199005126953,1211.91650390625
425.303985595703,1211.91650390625
425.407989501953,1211.91650390625
425.75,1211.91650390625
425.799011230469,1211.91650390625
425.903015136719,1209.04675292969
426.009002685547,1209.04675292969
426.114013671875,1209.04675292969
426.217987060547,1209.04675292969
426.322998046875,1209.04675292969
426.428009033203,1209.04675292969
426.787994384766,1205.45776367188
426.837005615234,1205.45776367188
426.941986083984,1205.45776367188
427.048004150391,1205.45776367188
427.153991699219,1205.45776367188
427.259002685547,1205.45776367188
427.363006591797,1201.86669921875
427.468994140625,1201.86669921875
427.785003662109,1201.86669921875
427.835998535156,1201.86669921875
427.934997558594,1201.86669921875
428.040985107422,1201.86669921875
428.147003173828,1201.86669921875
428.244995117188,1201.86669921875
428.348999023438,1201.86669921875
428.442993164063,1198.27368164063
428.829986572266,1198.27368164063
428.880004882813,1198.27368164063
428.984008789063,1198.27368164063
429.088012695313,1198.27368164063
429.192993164063,1198.27368164063
429.299011230469,1194.67846679688
429.404998779297,1194.67846679688
429.593994140625,1194.67846679688
429.803985595703,1198.27368164063
429.851989746094,1194.67846679688
429.957000732422,1194.67846679688
430.06201171875,1194.67846679688
430.1669921875,1194.67846679688
430.27099609375,1194.67846679688
430.365997314453,1194.67846679688
430.471008300781,1194.67846679688
430.790008544922,1191.08117675781
430.838989257813,1191.08117675781
430.944000244141,1191.08117675781
431.044006347656,1191.08117675781
431.148986816406,1187.48168945313
431.253997802734,1187.48168945313
431.358001708984,1187.48168945313
431.454010009766,1187.48168945313
431.808013916016,1187.48168945313
431.842010498047,1183.8798828125
431.976013183594,1183.8798828125
432.053009033203,1183.8798828125
432.144012451172,1183.8798828125
432.248992919922,1183.8798828125
432.355010986328,1183.8798828125
432.459014892578,1183.8798828125
432.796997070313,1183.8798828125
432.846984863281,1180.27587890625
432.951995849609,1180.27587890625
433.057006835938,1180.27587890625
433.161987304688,1180.27587890625
433.255004882813,1180.27587890625
433.359985351563,1180.27587890625
433.454986572266,1180.27587890625
433.809997558594,1177.39099121094
433.843994140625,1177.39099121094
433.949005126953,1177.39099121094
434.044006347656,1177.39099121094
434.135009765625,1177.39099121094
434.239990234375,1177.39099121094
434.334991455078,1177.39099121094
434.434997558594,1173.78271484375
434.809997558594,1173.78271484375
434.859008789063,1173.78271484375
434.955993652344,1173.78271484375
435.059997558594,1173.78271484375
435.153015136719,1173.78271484375
435.244995117188,1173.78271484375
435.351013183594,1173.78271484375
435.445007324219,1170.17211914063
435.821990966797,1170.17211914063
435.869995117188,1170.17211914063
435.966003417969,1170.17211914063
436.071990966797,1170.17211914063
436.177001953125,1170.17211914063
436.282012939453,1170.17211914063
436.385986328125,1166.55895996094
436.490997314453,1166.55895996094
436.837005615234,1166.55895996094
436.886993408203,1166.55895996094
436.993011474609,1166.55895996094
437.096984863281,1166.55895996094
437.195007324219,1166.55895996094
437.299987792969,1162.943359375
437.404998779297,1162.943359375
437.496002197266,1162.943359375
437.838989257813,1162.943359375
437.886993408203,1162.943359375
437.984985351563,1162.943359375
438.088989257813,1162.943359375
438.196990966797,1159.3251953125
438.302001953125,1159.3251953125
438.394012451172,1159.3251953125
438.501007080078,1159.3251953125
438.846984863281,1159.3251953125
438.881988525391,1159.3251953125
438.988006591797,1159.3251953125
439.092010498047,1159.3251953125
439.186004638672,1155.70446777344
439.290985107422,1155.70446777344
439.39599609375,1155.70446777344
439.496002197266,1155.70446777344
439.850006103516,1155.70446777344
439.898986816406,1155.70446777344
440.006011962891,1152.0810546875
440.109985351563,1152.0810546875
440.214996337891,1152.0810546875
440.315002441406,1152.0810546875
440.420013427734,1152.0810546875
440.523986816406,1152.0810546875
440.890991210938,1152.0810546875
440.924987792969,1148.455078125
441.031005859375,1148.455078125
441.125,1148.455078125
441.230010986328,1148.455078125
441.324005126953,1148.455078125
441.415008544922,1148.455078125
441.506011962891,1148.455078125
441.865997314453,1145.55224609375
441.899993896484,1145.55224609375
442.006011962891,1145.55224609375
442.105010986328,1141.92114257813
442.204010009766,625.4462890625
442.308013916016,577.930053710938
442.403991699219,543.0185546875
442.506011962891,516.719665527344
442.875,485.498992919922
442.924011230469,444.430389404297
443.015014648438,430.245056152344
443.105987548828,420.732543945313
443.209991455078,407.337066650391
443.303985595703,397.711029052734
443.394989013672,388.034698486328
443.5,373.421630859375
443.678985595703,364.594268798828
443.894989013672,349.777038574219
443.929992675781,320.726257324219
444.024993896484,305.469482421875
444.128997802734,295.202392578125
444.234008789063,275.465637207031
444.339996337891,254.333435058594
444.444000244141,233.854751586914
444.549011230469,222.905853271484
444.890991210938,200.610397338867
444.941009521484,167.112045288086
445.045989990234,144.48323059082
445.151000976563,125.799217224121
445.256988525391,112.962333679199
445.361999511719,93.033821105957
445.454010009766,80.6192626953125
445.554992675781,58.9654350280762
445.9169921875,35.7326431274414
445.951995849609,13.8224601745605
446.045013427734,-2000
446.149993896484,-2000
446.256011962891,-2000
446.359985351563,-2000
446.454986572266,-2000
446.561004638672,-2000
446.93798828125,-2000
446.986999511719,-2000
447.092987060547,-2000
447.197998046875,-2000
447.303009033203,-2000
447.407012939453,-2000
447.511993408203,-2000
447.716003417969,-2000
447.928009033203,-2000
447.976013183594,-2000
448.075012207031,-2000
448.174011230469,-2000
448.265014648438,-2000
448.369995117188,-2000
448.476989746094,-2000
448.580993652344,-2000
448.941986083984,-2000
448.992004394531,-2000
449.100006103516,-2000
449.204010009766,-2000
449.294006347656,-2000
449.398986816406,-2000
449.493988037109,-2000
449.595001220703,-2000
449.93701171875,-2000
449.986999511719,-2000
450.091003417969,-2000
450.184997558594,-2000
450.289001464844,-2000
450.394989013672,-2000
450.497985839844,-2000
450.601989746094,-2000
450.959991455078,-2000
451.009002685547,-2000
451.105987548828,-2000
451.209991455078,-2000
451.304992675781,-2000
451.39599609375,-2000
451.501007080078,-2000
451.593994140625,-2000
451.976989746094,-2000
452.027008056641,-2000
452.131011962891,-2000
452.235992431641,-2000
452.334991455078,-2000
452.441009521484,-2000
452.545013427734,-2000
452.648986816406,-2000
452.993011474609,-2000
453.0419921875,-2000
453.148986816406,-2000
453.246002197266,-2000
453.352996826172,-2000
453.445007324219,-2000
453.549987792969,-2000
453.644989013672,-2000
454.011993408203,-2000
454.046997070313,-2000
454.151000976563,-2000
454.243988037109,-2000
454.335998535156,-2000
454.433990478516,-2000
454.535003662109,-2000
454.635009765625,-2000
455.045989990234,-2000
455.095001220703,-2000
455.200988769531,-2000
455.305999755859,-2000
455.410003662109,-2000
455.515014648438,-2000
455.621002197266,-2000
455.799987792969,-2000
456.015014648438,-2000
456.06298828125,-2000
456.1669921875,-2000
456.273010253906,-2000
456.377990722656,-2000
456.480987548828,-2000
456.585998535156,-2000
456.799987792969,-2000
457.014007568359,-2000
457.063995361328,-2000
457.171997070313,-2000
457.276000976563,-2000
457.381011962891,-2000
457.473999023438,-2000
457.575012207031,-2000
457.678985595703,-2000
458.028991699219,-2000
458.063995361328,-2000
458.169006347656,-2000
458.273010253906,-2000
458.377990722656,-2000
458.483001708984,-2000
458.588012695313,-2000
458.691986083984,-2000
459.035003662109,-2000
459.084991455078,-2000
459.186004638672,-2000
459.290985107422,-2000
459.385009765625,-2000
459.489990234375,-2000
459.593994140625,-2000
459.795013427734,-2000
460.027008056641,-2000
460.075988769531,-2000
460.182006835938,-2000
460.273986816406,-2000
460.381011962891,-2000
460.484985351563,-2000
460.589996337891,-2000
460.696014404297,-2000
461.035003662109,-2000
461.085998535156,-2000
461.190002441406,-2000
461.285003662109,-2000
461.390014648438,-2000
461.485992431641,-2000
461.584014892578,-2000
461.688995361328,-2000
462.063995361328,-2000
462.111999511719,-2000
462.217010498047,-2000
462.321990966797,-2000
462.425994873047,-2000
462.531005859375,-2000
462.636993408203,-2000
462.820007324219,-2000
463.036010742188,-2000
463.071014404297,-2000
463.164001464844,-2000
463.255004882813,-2000
463.355987548828,-2000
463.460998535156,-2000
463.565002441406,-2000
463.670013427734,-2000
464.044006347656,-2000
464.092010498047,-2000
464.196990966797,-2000
464.302001953125,-2000
464.394989013672,-2000
464.5,-2000
464.595001220703,-2000
464.700012207031,-2000
465.053985595703,-2000
465.101989746094,-2000
465.196014404297,-2000
465.295989990234,-2000
465.394012451172,-2000
465.493011474609,-2000
465.598999023438,-2000
465.695007324219,-2000
466.066009521484,-2000
466.100006103516,-2000
466.195007324219,-2000
466.294006347656,-2000
466.394989013672,-2000
466.493988037109,-2000
466.593994140625,-2000
466.684997558594,-2000
466.863006591797,-2000
467.0830078125,-2000
467.118011474609,-2000
467.223999023438,-2000
467.329986572266,-2000
467.434997558594,-2000
467.540008544922,-2000
467.644012451172,-2000
467.748992919922,-2000
468.088989257813,-2000
468.138000488281,-2000
468.282989501953,-2000
468.377990722656,-2000
468.483001708984,-2000
468.591003417969,-2000
468.730010986328,-2000
469.147003173828,-2000
469.182006835938,-2000
469.289001464844,-2000
469.394012451172,-2000
469.497985839844,-2000
469.595001220703,-2000
469.699005126953,-2000
469.894012451172,-2000
470.115997314453,-2000
470.165985107422,-2000
470.269012451172,-2000
470.373992919922,-2000
470.477996826172,-2000
470.575012207031,-2000
470.700988769531,-2000
470.898010253906,-2000
471.118988037109,-2000
471.170989990234,-2000
471.27099609375,-2000
471.377014160156,-2000
471.484008789063,-2000
471.588012695313,-2000
471.699005126953,-2000
471.928009033203,-2000
472.1669921875,-2000
472.222991943359,-2000
472.316986083984,-2000
472.420989990234,-2000
472.561004638672,-2000
472.690002441406,-2000
472.915008544922,-2000
473.135986328125,-2000
473.18701171875,-2000
473.325012207031,-2000
473.423004150391,-2000
473.526000976563,-2000
473.630004882813,-2000
473.756011962891,-2000
474.144012451172,-2000
474.194000244141,-2000
474.294006347656,-2000
474.384002685547,-2000
474.544006347656,-2000
474.640991210938,-2000
474.744995117188,-2000
474.933990478516,-2000
475.154998779297,-2000
475.203002929688,-2000
475.308990478516,-2000
475.415008544922,-2000
475.515014648438,-2000
475.619995117188,-2000
475.716003417969,-2000
475.815002441406,-2000
476.164001464844,-2000
476.200012207031,-2000
476.304992675781,-2000
476.408996582031,-2000
476.515014648438,-2000
476.618988037109,-2000
476.714996337891,-2000
476.820007324219,-2000
477.173004150391,-2000
477.207000732422,-2000
477.303985595703,-2000
477.404998779297,-2000
477.505004882813,-2000
477.596008300781,-2000
477.700012207031,-2000
477.804992675781,-2000
478.175994873047,-2000
478.225006103516,-2000
478.329986572266,-2000
478.436004638672,-2000
478.536010742188,-2000
478.635986328125,-2000
478.739990234375,-2000
478.835998535156,-2000
479.199005126953,-2000
479.248992919922,-2000
479.343994140625,-2000
479.447998046875,-2000
479.553985595703,-2000
479.644012451172,-2000
479.748992919922,-2000
479.85400390625,-2000
480.205993652344,-2000
480.256988525391,-2000
480.35400390625,-2000
480.459014892578,-2000
480.555999755859,-2000
480.661987304688,-2000
480.765991210938,-2000
480.972991943359,-2000
481.213989257813,-2000
481.264007568359,-2000
481.369995117188,-2000
481.463989257813,-2000
481.555999755859,-2000
481.658996582031,-2000
481.756011962891,-2000
481.855010986328,-2000
482.236999511719,-2000
482.286010742188,-2000
482.384002685547,-2000
482.489990234375,-2000
482.584991455078,-2000
482.683990478516,-2000
482.787994384766,-2000
483.006011962891,-2000
483.236999511719,-2000
483.285003662109,-2000
483.390991210938,-2000
483.484985351563,-2000
483.588012695313,-2000
483.694000244141,-2000
483.798004150391,-2000
484.014007568359,-2000
484.238006591797,-2000
484.273986816406,-2000
484.365997314453,-2000
484.471984863281,-2000
484.565002441406,-2000
484.670013427734,-2000
484.764007568359,-2000
484.868988037109,-2000
485.242004394531,-2000
485.2919921875,-2000
485.385009765625,-2000
485.490997314453,-2000
485.593994140625,-2000
485.684997558594,-2000
485.789001464844,-2000
485.894989013672,-2000
486.252014160156,-2000
486.300994873047,-2000
486.407989501953,-2000
486.511993408203,-2000
486.618011474609,-2000
486.722991943359,-2000
486.815002441406,-2000
487.019989013672,-2000
487.263000488281,-2000
487.298004150391,-2000
487.404998779297,-2000
487.510009765625,-2000
487.614990234375,-2000
487.720001220703,-2000
487.825988769531,-2000
488.042999267578,-2000
488.269012451172,-2000
488.320007324219,-2000
488.423004150391,-2000
488.514007568359,-2000
488.618011474609,-2000
488.723999023438,-2000
488.813995361328,-2000
489.027008056641,-2000
489.278991699219,-2000
489.31298828125,-2000
489.419006347656,-2000
489.515014648438,-2000
489.618988037109,-2000
489.723999023438,-2000
489.829010009766,-2000
490.058013916016,-2000
490.290985107422,-2000
490.338989257813,-2000
490.444000244141,-2000
490.533996582031,-2000
490.627014160156,-2000
490.725006103516,-2000
490.816009521484,-2000
490.915008544922,-2000
491.281005859375,-2000
491.329986572266,-2000
491.434997558594,-2000
491.533996582031,-2000
491.639007568359,-2000
491.743011474609,-2000
491.848999023438,-2000
492.063995361328,-2000
492.289001464844,-2000
492.338012695313,-2000
492.433013916016,-2000
492.539001464844,-2000
492.644012451172,-2000
492.734008789063,-2000
492.838012695313,-2000
493.053985595703,-2000
493.281005859375,-2000
493.329986572266,-2000
493.434997558594,-2000
493.5419921875,-2000
493.648986816406,-2000
493.755004882813,-2000
493.859008789063,-2000
494.06298828125,-2000
494.290985107422,-2000
494.325988769531,-2000
494.433013916016,-2000
494.536987304688,-2000
494.635009765625,-2000
494.739990234375,-2000
494.834991455078,-2000
494.938995361328,-2000
495.338989257813,-2000
495.372985839844,-2000
495.464996337891,-2000
495.569000244141,-2000
495.665008544922,-2000
495.755004882813,-2000
495.859008789063,-2000
495.954986572266,-2000
496.325988769531,-2000
496.375,-2000
496.480987548828,-2000
496.574005126953,-2000
496.665008544922,-2000
496.765014648438,-2000
496.864013671875,-2000
496.963989257813,-2000
497.339996337891,-2000
497.388000488281,-2000
497.493988037109,-2000
497.584014892578,-2000
497.688995361328,-2000
497.786010742188,-2000
497.885986328125,-2000
498.088989257813,-2000
498.317993164063,-2000
498.367004394531,-2000
498.473999023438,-2000
498.565002441406,-2000
498.669006347656,-2000
498.764007568359,-2000
498.855010986328,-2000
498.954986572266,-2000
499.324005126953,-2000
499.359985351563,-2000
499.464996337891,-2000
499.571014404297,-2000
499.665985107422,-2000
499.77099609375,-2000
499.875,-2000
499.973999023438,-2000
500.345001220703,-2000
500.393005371094,-2000
500.498992919922,-2000
500.60400390625,-2000
500.695007324219,-2000
500.799011230469,-2000
500.904998779297,-2000
501.117004394531,-2000
501.345001220703,-2000
501.380004882813,-2000
501.485992431641,-2000
501.591003417969,-2000
501.695007324219,-2000
501.799987792969,-2000
501.894989013672,-2000
502,-2000
502.390991210938,-2000
502.441009521484,-2000
502.545989990234,-2000
502.649993896484,-2000
502.744995117188,-2000
502.848999023438,-2000
502.954010009766,-2000
503.154998779297,-2000
503.384002685547,-2000
503.433990478516,-2000
503.537994384766,-2000
503.643005371094,-2000
503.747985839844,-2000
503.852996826172,-2000
503.959014892578,-2000
504.158996582031,-2000
504.390014648438,-2000
504.43798828125,-2000
504.542999267578,-2000
504.648010253906,-2000
504.752014160156,-2000
504.846008300781,-2000
504.950988769531,-2000
505.153991699219,-2000
505.386993408203,-2000
505.420989990234,-2000
505.526000976563,-2000
505.631988525391,-2000
505.725006103516,-2000
505.815002441406,-2000
505.920013427734,-2000
506.015991210938,-2000
506.388000488281,-2000
506.421997070313,-2000
506.527008056641,-2000
506.632995605469,-2000
506.725006103516,-2000
506.830993652344,-2000
506.934997558594,-2000
507.033996582031,-2000
507.411987304688,-2000
507.446990966797,-2000
507.545989990234,-2000
507.651000976563,-2000
507.755004882813,-2000
507.846008300781,-2000
507.950012207031,-2000
508.044006347656,-2000
508.420989990234,-2000
508.468994140625,-2000
508.575012207031,-2000
508.679992675781,-2000
508.773986816406,-2000
508.880004882813,-2000
508.975006103516,-2000
509.186004638672,-2000
509.417999267578,-2000
509.467010498047,-2000
509.563995361328,-2000
509.662994384766,-2000
509.755004882813,-2000
509.85400390625,-2000
509.959014892578,-2000
510.186004638672,-2000
510.4169921875,-2000
510.464996337891,-2000
510.572998046875,-2000
510.678985595703,-2000
510.782989501953,-2000
510.888000488281,-2000
510.993011474609,-2000
511.192993164063,-2000
511.427001953125,-2000
511.475006103516,-2000
511.579986572266,-2000
511.674011230469,-2000
511.765014648438,-2000
511.868988037109,-2000
511.964996337891,-2000
512.184020996094,-2000
512.416015625,-2000
512.465026855469,-2000
512.565002441406,-2000
512.669006347656,-2000
512.763977050781,-2000
512.869995117188,-2000
512.963989257813,-2000
513.177978515625,-2000
513.409973144531,-2000
513.443969726563,-2000
513.536010742188,-2000
513.640991210938,-2000
513.734985351563,-2000
513.840026855469,-2000
513.945007324219,-2000
514.049011230469,-2000
514.421020507813,-2000
514.471008300781,-2000
514.575988769531,-2000
514.674987792969,-2000
514.773986816406,-2000
514.864990234375,-2000
514.955993652344,-2000
515.054992675781,-2000
515.43798828125,-2000
515.486999511719,-2000
515.591979980469,-2000
515.684997558594,-2000
515.789978027344,-2000
515.893981933594,-2000
515.9990234375,-2000
516.202026367188,-2000
516.434020996094,-2000
516.468994140625,-2000
516.565002441406,-2000
516.664978027344,-2000
516.765014648438,-2000
516.856018066406,-2000
516.955017089844,-2000
517.044982910156,-2000
517.442993164063,-2000
517.476989746094,-2000
517.575012207031,-2000
517.676025390625,-2000
517.773986816406,-2000
517.864990234375,-2000
517.963989257813,-2000
518.056030273438,-2000
518.466003417969,-2000
518.515014648438,-2000
518.620971679688,-2000
518.715026855469,-2000
518.820983886719,-2000
518.914001464844,-2000
519.013977050781,-2000
519.221984863281,-2000
519.455993652344,-2000
519.492004394531,-2000
519.598022460938,-2000
519.700988769531,-2000
519.794982910156,-2000
519.900024414063,-2000
520.005004882813,-2000
520.22802734375,-2000
520.461975097656,-2000
520.510986328125,-2000
520.617980957031,-2000
520.723022460938,-2000
520.827026367188,-2000
520.931030273438,-2000
521.036987304688,-2000
521.242004394531,-2000
521.47998046875,-2000
521.526977539063,-2000
521.632995605469,-2000
521.723999023438,-2000
521.825012207031,-2000
521.914978027344,-2000
522.013977050781,-2000
522.231018066406,-2000
522.469970703125,-2000
522.518005371094,-2000
522.616027832031,-2000
522.721008300781,-2000
522.825988769531,-2000
522.929992675781,-2000
523.023986816406,-2000
523.236022949219,-2000
523.471008300781,-2000
523.505981445313,-2000
523.609985351563,-2000
523.716003417969,-2000
523.814025878906,-2000
523.918029785156,-2000
524.015991210938,-2000
524.226013183594,-2000
524.489013671875,-2000
524.538024902344,-2000
524.642028808594,-2000
524.747985839844,-2000
524.851989746094,-2000
524.956970214844,-2000
525.06201171875,-2000
525.260009765625,-2000
525.502014160156,-2000
525.536010742188,-2000
525.640991210938,-2000
525.734985351563,-2000
525.841003417969,-2000
525.947021484375,-2000
526.044982910156,-2000
526.255981445313,-2000
526.502990722656,-2000
526.536987304688,-2000
526.643005371094,-2000
526.747985839844,-2000
526.85302734375,-2000
526.945983886719,-2000
527.051025390625,-2000
527.260009765625,-2000
527.513977050781,-2000
527.549011230469,-2000
527.653991699219,-2000
527.758972167969,-2000
527.85498046875,-2000
527.953979492188,-2000
528.044982910156,-2000
528.14599609375,-2000
528.52197265625,-2000
528.556030273438,-2000
528.661987304688,-2000
528.755004882813,-2000
528.846008300781,-2000
528.945007324219,-2000
529.049011230469,-2000
529.142028808594,-2000
529.531982421875,-2000
529.580017089844,-2000
529.674987792969,-2000
529.778991699219,-2000
529.8740234375,-2000
529.97900390625,-2000
530.085021972656,-2000
530.304992675781,-2000
530.546020507813,-2000
530.596008300781,-2000
530.703002929688,-2000
530.796020507813,-2000
530.900024414063,-2000
531.005004882813,-2000
531.111022949219,-2000
531.351013183594,-2000
531.633972167969,-2000
531.669006347656,-2000
531.776000976563,-2000
531.880004882813,-2000
531.973999023438,-2000
532.073974609375,-2000
532.166015625,-2000
532.585021972656,-2000
532.619995117188,-2000
532.72802734375,-2000
532.831970214844,-2000
532.935974121094,-2000
533.036010742188,-2000
533.140014648438,-2000
533.565979003906,-2000
533.601013183594,-2000
533.705993652344,-2000
533.809997558594,-2000
533.903991699219,-2000
534.010009765625,-2000
534.10498046875,-2000
534.335021972656,-2000
534.580993652344,-2000
534.629028320313,-2000
534.734985351563,-2000
534.840026855469,-2000
534.943969726563,-2000
535.049011230469,-2000
535.153015136719,-2000
535.348022460938,-2000
535.594970703125,-2000
535.643005371094,-2000
535.747009277344,-2000
535.843994140625,-2000
535.948974609375,-2000
536.044982910156,-2000
536.143981933594,-2000
536.351989746094,-2000
536.601989746094,-2000
536.637023925781,-2000
536.744018554688,-2000
536.836975097656,-2000
536.934020996094,-2000
537.025024414063,-2000
537.125,-2000
537.223999023438,-2000
537.599975585938,-2000
537.635009765625,-2000
537.739990234375,-2000
537.844970703125,-2000
537.948974609375,-2000
538.044006347656,-2000
538.148986816406,-2000
538.361999511719,-2000
538.60400390625,-2000
538.653015136719,-2000
538.744995117188,-2000
538.851013183594,-2000
538.945983886719,-2000
539.052001953125,-2000
539.14501953125,-2000
539.369018554688,-2000
539.611022949219,-2000
539.64599609375,-2000
539.7509765625,-2000
539.843994140625,-2000
539.942993164063,-2000
540.036010742188,-2000
540.135986328125,-2000
540.234008789063,-2000
540.617980957031,-2000
540.653015136719,-2000
540.758972167969,-2000
540.856018066406,-2000
540.953979492188,-2000
541.054992675781,-2000
541.14697265625,-2000
541.245971679688,-2000
541.638000488281,-2000
541.68701171875,-2000
541.791015625,-2000
541.885986328125,-2000
541.986022949219,-2000
542.091979980469,-2000
542.197021484375,-2000
542.468017578125,-2000
542.804016113281,-2000
542.85302734375,-2000
542.958984375,-2000
543.065002441406,-2000
543.169982910156,-2000
543.278015136719,-2000
543.7490234375,-2000
543.797973632813,-2000
543.903991699219,-2000
543.995971679688,-2000
544.101013183594,-2000
544.205017089844,-2000
544.421020507813,-2000
544.6669921875,-2000
544.716003417969,-2000
544.822021484375,-2000
544.929016113281,-2000
545.023986816406,-2000
545.130981445313,-2000
545.224975585938,-2000
545.429992675781,-2000
545.679992675781,-2000
545.72802734375,-2000
545.823974609375,-2000
545.916015625,-2000
546.015991210938,-2000
546.10498046875,-2000
546.197021484375,-2000
546.294982910156,-2000
546.705993652344,-2000
546.742980957031,-2000
546.849975585938,-2000
546.955017089844,-2000
547.054016113281,-2000
547.158996582031,-2000
547.263977050781,-2000
547.690979003906,-2000
547.737976074219,-2000
547.843017578125,-2000
547.948974609375,-2000
548.054992675781,-2000
548.159973144531,-2000
548.263977050781,-2000
548.692993164063,-2000
548.742004394531,-2000
548.848022460938,-2000
548.953002929688,-2000
549.057006835938,-2000
549.161987304688,-2000
549.267028808594,-2000
549.471008300781,-2000
549.721008300781,-2000
549.768981933594,-2000
549.8740234375,-2000
549.963989257813,-2000
550.056030273438,-2000
550.153991699219,-2000
550.255004882813,-2000
550.473999023438,-2000
550.72802734375,-2000
550.778015136719,-2000
550.880981445313,-2000
550.986022949219,-2000
551.091979980469,-2000
551.185974121094,-2000
551.284973144531,-2000
551.723022460938,-2000
551.757019042969,-2000
551.864013671875,-2000
551.955017089844,-2000
552.059020996094,-2000
552.153991699219,-2000
552.260009765625,-2000
552.476013183594,-2000
552.731018066406,-2000
552.780029296875,-2000
552.8740234375,-2000
552.973999023438,-2000
553.065979003906,-2000
553.164978027344,-2000
553.268981933594,-2000
553.486022949219,-2000
553.739990234375,-2000
553.775024414063,-2000
553.880004882813,-2000
553.974975585938,-2000
554.078979492188,-2000
554.184020996094,-2000
554.275024414063,-2000
554.4990234375,-2000
554.7490234375,-2000
554.783020019531,-2000
554.8740234375,-2000
554.965026855469,-2000
555.054992675781,-2000
555.155029296875,-2000
555.254028320313,-2000
555.357971191406,-2000
555.755004882813,-2000
555.804992675781,-2000
555.906005859375,-2000
556.010009765625,-2000
556.10498046875,-2000
556.210021972656,-2000
556.315002441406,-2000
556.517028808594,-2000
556.776977539063,-2000
556.81201171875,-2000
556.906005859375,-2000
556.995971679688,-2000
557.099975585938,-2000
557.205017089844,-2000
557.309997558594,-2000
557.523986816406,-2000
557.781005859375,-2000
557.828979492188,-2000
557.932983398438,-2000
558.039001464844,-2000
558.143981933594,-2000
558.247985839844,-2000
558.35400390625,-2000
558.763977050781,-2000
558.81298828125,-2000
558.905029296875,-2000
559.010009765625,-2000
559.114990234375,-2000
559.218994140625,-2000
559.323974609375,-2000
559.536010742188,-2000
559.791015625,-2000
559.825988769531,-2000
559.929992675781,-2000
560.036987304688,-2000
560.140991210938,-2000
560.247009277344,-2000
560.351989746094,-2000
560.784973144531,-2000
560.835021972656,-2000
560.940002441406,-2000
561.034973144531,-2000
561.125,-2000
561.224975585938,-2000
561.325012207031,-2000
561.526000976563,-2000
561.804016113281,-2000
561.851989746094,-2000
561.943969726563,-2000
562.051025390625,-2000
562.14599609375,-2000
562.25,-2000
562.35498046875,-2000
562.799011230469,-2000
562.835021972656,-2000
562.926025390625,-2000
563.025024414063,-2000
563.129028320313,-2000
563.226013183594,-2000
563.325012207031,-2000
563.554992675781,-2000
563.814025878906,-2000
563.848022460938,-2000
563.953979492188,-2000
564.059020996094,-2000
564.163024902344,-2000
564.255004882813,-2000
564.359985351563,-2000
564.799011230469,-2000
564.851013183594,-2000
564.955017089844,-2000
565.059997558594,-2000
565.164001464844,-2000
565.27001953125,-2000
565.3740234375,-2000
565.815002441406,-2000
565.864013671875,-2000
565.968994140625,-2000
566.073974609375,-2000
566.164978027344,-2000
566.255981445313,-2000
566.361999511719,-2000
566.572021484375,-2000
566.827026367188,-2000
566.8759765625,-2000
566.97998046875,-2000
567.085998535156,-2000
567.190002441406,-2000
567.294982910156,-2000
567.401000976563,-2000
567.825012207031,-2000
567.8740234375,-2000
567.97900390625,-2000
568.085021972656,-2000
568.189025878906,-2000
568.293029785156,-2000
568.398010253906,-2000
568.869995117188,-2000
568.906005859375,-2000
569.010986328125,-2000
569.10498046875,-2000
569.210021972656,-2000
569.306030273438,-2000
569.409973144531,-2000
569.835021972656,-2000
569.869995117188,-2000
569.976013183594,-2000
570.075988769531,-2000
570.176025390625,-2000
570.273986816406,-2000
570.364013671875,-2000
570.596984863281,-2000
570.851989746094,-2000
570.887023925781,-2000
570.984008789063,-2000
571.088989257813,-2000
571.185974121094,-2000
571.289978027344,-2000
571.385009765625,-2000
571.539978027344,-2000
571.864013671875,-2000
571.901000976563,-2000
572.007019042969,-2000
572.111999511719,-2000
572.203979492188,-2000
572.309997558594,-2000
572.405029296875,-2000
572.609008789063,-2000
572.864013671875,-2000
572.911987304688,-2000
573.017028808594,-2000
573.120971679688,-2000
573.263977050781,-2000
573.325012207031,-2000
573.427978515625,-2000
573.880004882813,-2000
573.916015625,-2000
574.02197265625,-2000
574.1259765625,-2000
574.231994628906,-2000
574.323974609375,-2000
574.429016113281,-2000
574.637023925781,-2000
574.903991699219,-2000
575.046020507813,-2000
575.10302734375,-2000
575.198974609375,-2000
575.294982910156,-2000
575.398986816406,-2000
575.494018554688,-2000
575.893005371094,-2000
575.940979003906,-2000
576.046020507813,-2000
576.151977539063,-2000
576.255981445313,-2000
576.362976074219,-2000
576.468017578125,-2000
576.893981933594,-2000
576.942016601563,-2000
577.034973144531,-2000
577.140014648438,-2000
577.244018554688,-2000
577.335021972656,-2000
577.440002441406,-2000
577.640991210938,-2000
577.898986816406,-2000
577.934020996094,-2000
578.038024902344,-2000
578.135009765625,-2000
578.226013183594,-2000
578.325012207031,-2000
578.424011230469,-2000
578.643005371094,-2000
578.908020019531,-2000
578.956970214844,-2000
579.056030273438,-2000
579.155029296875,-2000
579.260009765625,-2000
579.35498046875,-2000
579.460021972656,-2000
579.909973144531,-2000
579.943969726563,-2000
580.033996582031,-2000
580.125,-2000
580.22998046875,-2000
580.333984375,-2000
580.43798828125,-2000
580.703979492188,-2000
580.9580078125,-2000
581.005981445313,-2000
581.111022949219,-2000
581.218017578125,-2000
581.322998046875,-2000
581.427001953125,-2000
581.531982421875,-2000
581.929016113281,-2000
581.97802734375,-2000
582.075988769531,-2000
582.174011230469,-2000
582.273010253906,-2000
582.364990234375,-2000
582.455993652344,-2000
582.72802734375,-2000
582.982971191406,-2000
583.018005371094,-2000
583.122009277344,-2000
583.22900390625,-2000
583.325012207031,-2000
583.426025390625,-2000
583.526000976563,-2000
583.958984375,-2000
583.994018554688,-2000
584.098999023438,-2000
584.197021484375,-2000
584.301025390625,-2000
584.39501953125,-2000
584.494018554688,-2000
584.702026367188,-2000
584.9580078125,-2000
585.005981445313,-2000
585.111999511719,-2000
585.216003417969,-2000
585.315002441406,-2000
585.421997070313,-2000
585.526000976563,-2000
585.956970214844,-2000
585.992004394531,-2000
586.085998535156,-2000
586.190979003906,-2000
586.286010742188,-2000
586.383972167969,-2000
586.474975585938,-2000
586.565002441406,-2000
586.960998535156,-2000
586.997009277344,-2000
587.10302734375,-2000
587.195983886719,-2000
587.301025390625,-2000
587.405029296875,-2000
587.505004882813,-2000
587.710998535156,-2000
587.981994628906,-2000
588.031005859375,-2000
588.125,-2000
588.224975585938,-2000
588.323974609375,-2000
588.416015625,-2000
588.52001953125,-2000
588.72998046875,-2000
588.989990234375,-2000
589.025024414063,-2000
589.114990234375,-2000
589.221008300781,-2000
589.325012207031,-2000
589.429992675781,-2000
589.526000976563,-2000
589.981994628906,-2000
590.031982421875,-2000
590.137023925781,-2000
590.236022949219,-2000
590.340026855469,-2000
590.434997558594,-2000
590.536010742188,-2000
590.97900390625,-2000
591.026977539063,-2000
591.125,-2000
591.231018066406,-2000
591.335998535156,-2000
591.434020996094,-2000
591.539001464844,-2000
591.982971191406,-2000
592.018005371094,-2000
592.122985839844,-2000
592.22802734375,-2000
592.331970214844,-2000
592.426025390625,-2000
592.531005859375,-2000
592.72998046875,-2000
592.989990234375,-2000
593.038024902344,-2000
593.143005371094,-2000
593.2490234375,-2000
593.35302734375,-2000
593.4580078125,-2000
593.56298828125,-2000
593.986999511719,-2000
594.02197265625,-2000
594.127014160156,-2000
594.231018066406,-2000
594.325988769531,-2000
594.432006835938,-2000
594.536010742188,-2000
594.984008789063,-2000
595.031982421875,-2000
595.138000488281,-2000
595.242004394531,-2000
595.346984863281,-2000
595.452026367188,-2000
595.557006835938,-2000
596.0009765625,-2000
596.034973144531,-2000
596.140991210938,-2000
596.236022949219,-2000
596.341003417969,-2000
596.434997558594,-2000
596.539978027344,-2000
596.97900390625,-2000
597.015014648438,-2000
597.119018554688,-2000
597.213989257813,-2000
597.318969726563,-2000
597.416015625,-2000
597.52001953125,-2000
597.72802734375,-2000
597.994995117188,-2000
598.043029785156,-2000
598.148010253906,-2000
598.252014160156,-2000
598.356018066406,-2000
598.461975097656,-2000
598.567016601563,-2000
598.989013671875,-2000
599.036987304688,-2000
599.142028808594,-2000
599.245971679688,-2000
599.344970703125,-2000
599.450012207031,-2000
599.544982910156,-2000
600.0009765625,-2000
600.036987304688,-2000
600.140991210938,-2000
600.245971679688,-2000
600.346008300781,-2000
600.450988769531,-2000
600.544982910156,-2000
600.752990722656,-2000
601.02099609375,-2000
601.068969726563,-2000
601.176025390625,-2000
601.280029296875,-2000
601.3740234375,-2000
601.473999023438,-2000
601.580993652344,-2000
602.026000976563,-2000
602.073974609375,-2000
602.166015625,-2000
602.27197265625,-2000
602.364990234375,-2000
602.463989257813,-2000
602.568969726563,-2000
603.018981933594,-2000
603.067016601563,-2000
603.171997070313,-2000
603.265991210938,-2000
603.372009277344,-2000
603.476013183594,-2000
603.580993652344,-2000
604.031982421875,-2000
604.080993652344,-2000
604.184997558594,-2000
604.289978027344,-2000
604.39501953125,-2000
604.486022949219,-2000
604.590026855469,-2000
605.028991699219,-2000
605.077026367188,-2000
605.182006835938,-2000
605.276000976563,-2000
605.380981445313,-2000
605.486022949219,-2000
605.591003417969,-2000
606.043029785156,-2000
606.091003417969,-2000
606.184997558594,-2000
606.276000976563,-2000
606.380981445313,-2000
606.473999023438,-2000
606.565002441406,-2000
606.784973144531,-2000
607.049011230469,-2000
607.0830078125,-2000
607.189025878906,-2000
607.284973144531,-2000
607.390014648438,-2000
607.494995117188,-2000
607.585021972656,-2000
608.06201171875,-2000
608.096984863281,-2000
608.203002929688,-2000
608.307006835938,-2000
608.411987304688,-2000
608.517028808594,-2000
608.622009277344,-2000
609.054016113281,-2000
609.101989746094,-2000
609.195007324219,-2000
609.301025390625,-2000
609.405029296875,-2000
609.505004882813,-2000
609.609985351563,-2000
610.068969726563,-2000
610.119018554688,-2000
610.223022460938,-2000
610.328002929688,-2000
610.432006835938,-2000
610.611999511719,-2000
610.823974609375,-2000
611.099975585938,-2000
611.148986816406,-2000
611.254028320313,-2000
611.343994140625,-2000
611.448974609375,-2000
611.546020507813,-2000
611.651000976563,-2000
612.098022460938,-2000
612.14697265625,-2000
612.245971679688,-2000
612.344970703125,-2000
612.450012207031,-2000
612.554992675781,-2000
612.64599609375,-2000
613.081970214844,-2000
613.130004882813,-2000
613.234985351563,-2000
613.333984375,-2000
613.439025878906,-2000
613.544006347656,-2000
613.650024414063,-2000
614.101989746094,-2000
614.151000976563,-2000
614.255004882813,-2000
614.361022949219,-2000
614.466003417969,-2000
614.570983886719,-2000
614.789001464844,-2000
615.075988769531,-2000
615.109985351563,-2000
615.216003417969,-2000
615.320007324219,-2000
615.414001464844,-2000
615.52001953125,-2000
615.625,-2000
616.093994140625,-2000
616.143981933594,-2000
616.247985839844,-2000
616.35400390625,-2000
616.445007324219,-2000
616.549011230469,-2000
616.64501953125,-2000
617.109008789063,-2000
617.143981933594,-2000
617.2490234375,-2000
617.35302734375,-2000
617.443969726563,-2000
617.549011230469,-2000
617.643981933594,-2000
618.125,-2000
618.174011230469,-2000
618.278991699219,-2000
618.377014160156,-2000
618.481018066406,-2000
618.585998535156,-2000
618.815979003906,-2000
619.0830078125,-2000
619.117980957031,-2000
619.221984863281,-2000
619.327026367188,-2000
619.426025390625,-2000
619.530029296875,-2000
619.635009765625,-2000
620.091003417969,-2000
620.138977050781,-2000
620.245971679688,-2000
620.343994140625,-2000
620.434997558594,-2000
620.539001464844,-2000
620.635009765625,-2000
621.091979980469,-2000
621.140014648438,-2000
621.244995117188,-2000
621.349975585938,-2000
621.453979492188,-2000
621.559020996094,-2000
621.655029296875,-2000
622.125,-2000
622.174987792969,-2000
622.278991699219,-2000
622.385009765625,-2000
622.476013183594,-2000
622.580017089844,-2000
622.674011230469,-2000
623.101989746094,-2000
623.151000976563,-2000
623.244995117188,-2000
623.343994140625,-2000
623.443969726563,-2000
623.534973144531,-2000
623.640014648438,-2000
623.85498046875,-2000
624.135986328125,-2000
624.171020507813,-2000
624.276000976563,-2000
624.375,-2000
624.47900390625,-2000
624.575988769531,-2000
624.681030273438,-2000
625.169982910156,-2000
625.203979492188,-2000
625.309020996094,-2000
625.405029296875,-2000
625.508972167969,-2000
625.60400390625,-2000
625.708984375,-2000
626.140991210938,-2000
626.190002441406,-2000
626.284973144531,-2000
626.383972167969,-2000
626.476013183594,-2000
626.575988769531,-2000
626.674011230469,-2000
627.119995117188,-2000
627.155029296875,-2000
627.258972167969,-2000
627.35498046875,-2000
627.453979492188,-2000
627.544982910156,-2000
627.635986328125,-2000
627.85498046875,-2000
628.135009765625,-2000
628.169006347656,-2000
628.273986816406,-2000
628.380004882813,-2000
628.474975585938,-2000
628.578979492188,-2000
628.674987792969,-2000
629.125,-2000
629.174011230469,-2000
629.278991699219,-2000
629.383972167969,-2000
629.473999023438,-2000
629.578979492188,-2000
629.684020996094,-2000
630.133972167969,-2000
630.182983398438,-2000
630.288024902344,-2000
630.393005371094,-2000
630.497985839844,-2000
630.601013183594,-2000
630.825012207031,-2000
631.122009277344,-2000
631.171020507813,-2000
631.278015136719,-2000
631.382995605469,-2000
631.486999511719,-2000
631.591979980469,-2000
631.684997558594,-2000
632.185974121094,-2000
632.221008300781,-2000
632.315002441406,-2000
632.414001464844,-2000
632.505004882813,-2000
632.609008789063,-2000
632.713989257813,-2000
633.159973144531,-2000
633.195007324219,-2000
633.299987792969,-2000
633.393981933594,-2000
633.4990234375,-2000
633.594970703125,-2000
633.695007324219,-2000
634.163024902344,-2000
634.210998535156,-2000
634.315979003906,-2000
634.421020507813,-2000
634.525024414063,-2000
634.630004882813,-2000
634.734985351563,-2000
635.176025390625,-2000
635.226013183594,-2000
635.330017089844,-2000
635.424987792969,-2000
635.530029296875,-2000
635.633972167969,-2000
635.724975585938,-2000
636.164978027344,-2000
636.200012207031,-2000
636.304992675781,-2000
636.421997070313,-2000
636.513977050781,-2000
636.619018554688,-2000
636.723999023438,-2000
637.164001464844,-2000
637.211975097656,-2000
637.317016601563,-2000
637.416015625,-2000
637.52001953125,-2000
637.625,-2000
637.72998046875,-2000
638.161987304688,-2000
638.197021484375,-2000
638.301025390625,-2000
638.393981933594,-2000
638.4990234375,-2000
638.596008300781,-2000
638.700012207031,-2000
639.221008300781,-2000
639.255981445313,-2000
639.361022949219,-2000
639.453979492188,-2000
639.559020996094,-2000
639.656005859375,-2000
639.887023925781,-2000
640.176025390625,-2000
640.210021972656,-2000
640.317016601563,-2000
640.416015625,-2000
640.52099609375,-2000
640.614990234375,-2000
640.719970703125,-2000
641.169982910156,-2000
641.221008300781,-2000
641.325012207031,-2000
641.432006835938,-2000
641.536987304688,-2000
641.642028808594,-2000
641.747009277344,-2000
642.179992675781,-2000
642.22900390625,-2000
642.335021972656,-2000
642.439025878906,-2000
642.544006347656,-2000
642.648986816406,-2000
642.752990722656,-2000
643.190002441406,-2000
643.237976074219,-2000
643.335021972656,-2000
643.440002441406,-2000
643.544006347656,-2000
643.648986816406,-2000
643.754028320313,-2000
644.184997558594,-2000
644.234985351563,-2000
644.338989257813,-2000
644.443969726563,-2000
644.549011230469,-2000
644.643981933594,-2000
644.75,-2000
645.184020996094,-2000
645.219970703125,-2000
645.327026367188,-2000
645.432006835938,-2000
645.525024414063,-2000
645.6259765625,-2000
645.731018066406,-2000
646.208984375,-2000
646.257995605469,-2000
646.362976074219,-2000
646.466979980469,-2000
646.572021484375,-2000
646.677978515625,-2000
646.783996582031,-2000
647.231018066406,-2000
647.280029296875,-2000
647.3740234375,-2000
647.47998046875,-2000
647.585998535156,-2000
647.689025878906,-2000
647.913024902344,-2000
648.223022460938,-2000
648.27197265625,-2000
648.3759765625,-2000
648.481018066406,-2000
648.585998535156,-2000
648.690002441406,-2000
648.9169921875,-2000
649.221984863281,-2000
649.257995605469,-2000
649.356018066406,-2000
649.455017089844,-2000
649.559020996094,-2000
649.664001464844,-2000
649.765014648438,-2000
650.2080078125,-2000
650.242980957031,-2000
650.335021972656,-2000
650.439025878906,-2000
650.536987304688,-2000
650.633972167969,-2000
650.726013183594,-2000
650.93798828125,-2000
651.218017578125,-2000
651.252014160156,-2000
651.357971191406,-2000
651.455017089844,-2000
651.559997558594,-2000
651.6669921875,-2000
651.765991210938,-2000
652.226013183594,-2000
652.260986328125,-2000
652.366027832031,-2000
652.466979980469,-2000
652.570007324219,-2000
652.676025390625,-2000
652.781005859375,-2000
653.231994628906,-2000
653.281005859375,-2000
653.387023925781,-2000
653.492004394531,-2000
653.596984863281,-2000
653.693969726563,-2000
653.927978515625,-2000
654.211975097656,-2000
654.262023925781,-2000
654.366027832031,-2000
654.471008300781,-2000
654.575988769531,-2000
654.681030273438,-2000
654.784973144531,-2000
655.216979980469,-2000
655.265014648438,-2000
655.369018554688,-2000
655.473999023438,-2000
655.578979492188,-2000
655.684020996094,-2000
655.773986816406,-2000
656.237976074219,-2000
656.286987304688,-2000
656.393981933594,-2000
656.4990234375,-2000
656.60400390625,-2000
656.7080078125,-2000
656.932006835938,-2000
657.236022949219,-2000
657.286010742188,-2000
657.390014648438,-2000
657.484985351563,-2000
657.590026855469,-2000
657.693969726563,-2000
657.794982910156,-2000
658.234985351563,-2000
658.268981933594,-2000
658.364990234375,-2000
658.455017089844,-2000
658.560974121094,-2000
658.655029296875,-2000
658.760009765625,-2000
659.226989746094,-2000
659.260986328125,-2000
659.366027832031,-2000
659.471008300781,-2000
659.575988769531,-2000
659.674011230469,-2000
659.778991699219,-2000
660.252990722656,-2000
660.302978515625,-2000
660.406982421875,-2000
660.512023925781,-2000
660.606018066406,-2000
660.710021972656,-2000
660.815002441406,-2000
661.258972167969,-2000
661.307983398438,-2000
661.406005859375,-2000
661.508972167969,-2000
661.614013671875,-2000
661.705017089844,-2000
661.806030273438,-2000
662.257995605469,-2000
662.293029785156,-2000
662.398986816406,-2000
662.505004882813,-2000
662.60400390625,-2000
662.695007324219,-2000
662.799987792969,-2000
663.255981445313,-2000
663.304992675781,-2000
663.403991699219,-2000
663.508972167969,-2000
663.60498046875,-2000
663.705017089844,-2000
663.804992675781,-2000
664.262023925781,-2000
664.310974121094,-2000
664.416015625,-2000
664.52099609375,-2000
664.6259765625,-2000
664.724975585938,-2000
664.828979492188,-2000
665.265014648438,-2000
665.314025878906,-2000
665.419982910156,-2000
665.526000976563,-2000
665.630004882813,-2000
665.734985351563,-2000
665.840026855469,-2000
666.273010253906,-2000
666.322021484375,-2000
666.414001464844,-2000
666.518981933594,-2000
666.614990234375,-2000
666.713989257813,-2000
666.818969726563,-2000
667.273986816406,-2000
667.322021484375,-2000
667.429016113281,-2000
667.533996582031,-2000
667.638977050781,-2000
667.744995117188,-2000
667.97802734375,-2000
668.268981933594,-2000
668.317016601563,-2000
668.424987792969,-2000
668.515014648438,-2000
668.619995117188,-2000
668.715026855469,-2000
668.806030273438,-2000
669.265014648438,-2000
669.314025878906,-2000
669.419006347656,-2000
669.523986816406,-2000
669.627990722656,-2000
669.732971191406,-2000
669.838012695313,-2000
670.276977539063,-2000
670.325012207031,-2000
670.431030273438,-2000
670.523986816406,-2000
670.614990234375,-2000
670.715026855469,-2000
670.804992675781,-2000
671.273010253906,-2000
671.322998046875,-2000
671.549987792969,-2000
671.599975585938,-2000
671.705017089844,-2000
671.809020996094,-2000
672.297973632813,-2000
672.346984863281,-2000
672.450988769531,-2000
672.546020507813,-2000
672.650024414063,-2000
672.744995117188,-2000
672.846008300781,-2000
673.331970214844,-2000
673.367980957031,-2000
673.465026855469,-2000
673.570983886719,-2000
673.666015625,-2000
673.765014648438,-2000
673.869018554688,-2000
674.320007324219,-2000
674.367980957031,-2000
674.465026855469,-2000
674.565979003906,-2000
674.669982910156,-2000
674.773986816406,-2000
674.866027832031,-2000
675.341003417969,-2000
675.3759765625,-2000
675.481018066406,-2000
675.586975097656,-2000
675.684020996094,-2000
675.788024902344,-2000
675.885986328125,-2000
676.340026855469,-2000
676.388000488281,-2000
676.484008789063,-2000
676.588989257813,-2000
676.692993164063,-2000
676.783996582031,-2000
676.888977050781,-2000
677.348022460938,-2000
677.39599609375,-2000
677.502990722656,-2000
677.606994628906,-2000
677.710998535156,-2000
677.817016601563,-2000
678.067016601563,-2000
678.359008789063,-2000
678.408020019531,-2000
678.505004882813,-2000
678.609008789063,-2000
678.713989257813,-2000
678.806030273438,-2000
678.89501953125,-2000
679.356994628906,-2000
679.392028808594,-2000
679.497009277344,-2000
679.601989746094,-2000
679.706970214844,-2000
679.804992675781,-2000
679.909973144531,-2000
680.366027832031,-2000
680.401000976563,-2000
680.507019042969,-2000
680.611022949219,-2000
680.705017089844,-2000
680.810974121094,-2000
680.905029296875,-2000
681.370971679688,-2000
681.442993164063,-2000
681.518981933594,-2000
681.619995117188,-2000
681.724975585938,-2000
681.815979003906,-2000
681.921020507813,-2000
682.369995117188,-2000
682.403991699219,-2000
682.512023925781,-2000
682.606018066406,-2000
682.710021972656,-2000
682.815979003906,-2000
682.914001464844,-2000
683.39599609375,-2000
683.431030273438,-2000
683.536987304688,-2000
683.635009765625,-2000
683.734985351563,-2000
683.833984375,-2000
683.924987792969,-2000
684.408996582031,-2000
684.458984375,-2000
684.554992675781,-2000
684.659973144531,-2000
684.763977050781,-2000
684.888000488281,-2000
685.117004394531,-2000
685.408020019531,-2000
685.456970214844,-2000
685.56201171875,-2000
685.653991699219,-2000
685.758972167969,-2000
685.862976074219,-2000
685.968017578125,-2000
686.432006835938,-2000
686.47998046875,-2000
686.586975097656,-2000
686.684020996094,-2000
686.789001464844,-2000
686.883972167969,-2000
687.130004882813,-2000
687.424987792969,-2000
687.473022460938,-2000
687.578979492188,-2000
687.674987792969,-2000
687.780029296875,-2000
687.875,-2000
687.97998046875,-2000
688.429016113281,-2000
688.47802734375,-2000
688.575012207031,-2000
688.679992675781,-2000
688.784973144531,-2000
688.875,-2000
688.97998046875,-2000
689.434997558594,-2000
689.469970703125,-2000
689.572998046875,-2000
689.679016113281,-2000
689.783020019531,-2000
689.888000488281,-2000
689.992980957031,-2000
690.440002441406,-2000
690.487976074219,-2000
690.593994140625,-2000
690.697998046875,-2000
690.794006347656,-2000
690.898986816406,-2000
691.140991210938,-2000
691.435974121094,-2000
691.469970703125,-2000
691.575012207031,-2000
691.689025878906,-2000
691.784973144531,-2000
691.905029296875,-2000
692.117980957031,-2000
692.440002441406,-2000
692.473999023438,-2000
692.580017089844,-2000
692.684997558594,-2000
692.789001464844,-2000
692.89501953125,-2000
693.142028808594,-2000
693.440002441406,-2000
693.487976074219,-2000
693.593994140625,-2000
693.700012207031,-2000
693.804016113281,-2000
693.89501953125,-2000
693.984985351563,-2000
694.469970703125,-2000
694.504028320313,-2000
694.609008789063,-2000
694.713989257813,-2000
