0	22
0.00999999999999979	22.0690000000000
0.0150000000000001	22.1150000000000
0.0200000000000000	22.1670000000000
0.0339999999999998	22.3390000000000
0.0587000000000000	22.6750000000000
0.101700000000000	23.3050000000000
0.176600000000000	24.4610000000000
0.251500000000000	25.6500000000000
0.351500000000000	27.2700000000000
0.451500000000000	28.9120000000000
0.551500000000000	30.5690000000000
0.651500000000000	32.2380000000000
0.751500000000000	33.9150000000000
0.851500000000000	35.6000000000000
0.951500000000000	37.2910000000000
1	38.1120000000000
1.01000000000000	38.2880000000000
1.02000000000000	38.4690000000000
1.05000000000000	39.0200000000000
1.08000000000000	39.5760000000000
1.17000000000000	41.2590000000000
1.27000000000000	43.1390000000000
1.37000000000000	45.0260000000000
1.47000000000000	46.9190000000000
1.57000000000000	48.8150000000000
1.67000000000000	50.7150000000000
1.77000000000000	52.6180000000000
1.87000000000000	54.5240000000000
1.93500000000000	55.7640000000000
2	57.0050000000000
2.01000000000000	57.2000000000000
2.02000000000000	57.3950000000000
2.05000000000000	57.9860000000000
2.08000000000000	58.5800000000000
2.17000000000000	60.3660000000000
2.27000000000000	62.3560000000000
2.37000000000000	64.3500000000000
2.47000000000000	66.3460000000000
2.57000000000000	68.3450000000000
2.67000000000000	70.3450000000000
2.77000000000000	72.3480000000000
2.87000000000000	74.3520000000000
2.93500000000000	75.6560000000000
3	76.9600000000000
3.01000000000000	77.1820000000000
3.02000000000000	77.4160000000000
3.05000000000000	78.1470000000000
3.08000000000000	78.8910000000000
3.17000000000000	81.1620000000000
3.27000000000000	83.7090000000000
3.37000000000000	86.2700000000000
3.47000000000000	88.8390000000000
3.57000000000000	91.4140000000000
3.67000000000000	93.9950000000000
3.77000000000000	96.5800000000000
3.87000000000000	99.1720000000000
3.93500000000000	100.860000000000
4	102.550000000000
4.01000000000000	102.790000000000
4.02000000000000	103.030000000000
4.05000000000000	103.710000000000
4.14000000000000	105.710000000000
4.24000000000000	107.910000000000
4.34000000000000	110.100000000000
4.44000000000000	112.290000000000
4.54000000000000	114.470000000000
4.64000000000000	116.650000000000
4.74000000000000	118.830000000000
4.84000000000000	121.010000000000
4.94000000000000	123.190000000000
5	124.490000000000
5.01000000000000	124.720000000000
5.02000000000000	124.940000000000
5.05000000000000	125.630000000000
5.08000000000000	126.320000000000
5.17000000000000	128.410000000000
5.27000000000000	130.730000000000
5.37000000000000	133.060000000000
5.47000000000000	135.390000000000
5.57000000000000	137.720000000000
5.67000000000000	140.050000000000
5.77000000000000	142.390000000000
5.87000000000000	144.730000000000
5.93500000000000	146.240000000000
6	147.760000000000
6.01000000000000	147.990000000000
6.02000000000000	148.220000000000
6.05000000000000	148.900000000000
6.08000000000000	149.580000000000
6.17000000000000	151.610000000000
6.27000000000000	153.870000000000
6.37000000000000	156.120000000000
6.47000000000000	158.370000000000
6.57000000000000	160.620000000000
6.67000000000000	162.870000000000
6.77000000000000	165.120000000000
6.87000000000000	167.370000000000
6.93500000000000	168.830000000000
7	170.300000000000
7.01000000000000	170.520000000000
7.02000000000000	170.760000000000
7.05000000000000	171.460000000000
7.08000000000000	172.160000000000
7.17000000000000	174.290000000000
7.27000000000000	176.650000000000
7.37000000000000	179.020000000000
7.47000000000000	181.390000000000
7.57000000000000	183.760000000000
7.67000000000000	186.140000000000
7.77000000000000	188.510000000000
7.87000000000000	190.890000000000
7.93500000000000	192.430000000000
8	193.970000000000
8.01000000000000	194.220000000000
8.02000000000000	194.460000000000
8.05000000000000	195.190000000000
8.08000000000000	195.920000000000
8.17000000000000	198.130000000000
8.27000000000000	200.590000000000
8.37000000000000	203.050000000000
8.47000000000000	205.510000000000
8.57000000000000	207.970000000000
8.67000000000000	210.440000000000
8.77000000000000	212.900000000000
8.87000000000000	215.370000000000
8.93500000000000	216.970000000000
9	218.570000000000
9.01000000000000	218.820000000000
9.02000000000000	219.060000000000
9.05000000000000	219.790000000000
9.08000000000000	220.520000000000
9.17000000000000	222.700000000000
9.27000000000000	225.120000000000
9.37000000000000	227.540000000000
9.47000000000000	229.960000000000
9.57000000000000	232.380000000000
9.67000000000000	234.800000000000
9.77000000000000	237.220000000000
9.87000000000000	239.640000000000
9.93500000000000	241.220000000000
10	242.790000000000
10.0100000000000	243.030000000000
10.0200000000000	243.260000000000
10.0500000000000	243.970000000000
10.0800000000000	244.670000000000
10.1700000000000	246.770000000000
10.2700000000000	249.090000000000
10.3700000000000	251.410000000000
10.4700000000000	253.730000000000
10.5700000000000	256.050000000000
10.6700000000000	258.370000000000
10.7700000000000	260.680000000000
10.8700000000000	263
10.9350000000000	264.510000000000
11	266.010000000000
11.0100000000000	266.250000000000
11.0200000000000	266.490000000000
11.0500000000000	267.230000000000
11.0800000000000	267.970000000000
11.1700000000000	270.220000000000
11.2700000000000	272.730000000000
11.3700000000000	275.240000000000
11.4700000000000	277.760000000000
11.5700000000000	280.270000000000
11.6700000000000	282.790000000000
11.7700000000000	285.310000000000
11.8700000000000	287.840000000000
11.9350000000000	289.480000000000
12	291.110000000000
12.0100000000000	291.370000000000
12.0200000000000	291.620000000000
12.0500000000000	292.360000000000
12.0800000000000	293.110000000000
12.1700000000000	295.350000000000
12.2700000000000	297.840000000000
12.3700000000000	300.330000000000
12.4700000000000	302.820000000000
12.5700000000000	305.310000000000
12.6700000000000	307.800000000000
12.7700000000000	310.290000000000
12.8700000000000	312.780000000000
12.9350000000000	314.390000000000
13	316.010000000000
13.0100000000000	316.260000000000
13.0200000000000	316.500000000000
13.0500000000000	317.230000000000
13.0800000000000	317.950000000000
13.1700000000000	320.120000000000
13.2700000000000	322.520000000000
13.3700000000000	324.920000000000
13.4700000000000	327.310000000000
13.5700000000000	329.710000000000
13.6700000000000	332.100000000000
13.7700000000000	334.500000000000
13.8700000000000	336.890000000000
13.9350000000000	338.450000000000
14	340
14.0100000000000	340.250000000000
14.0200000000000	340.490000000000
14.0500000000000	341.230000000000
14.0800000000000	341.980000000000
14.1700000000000	344.220000000000
14.2700000000000	346.720000000000
14.3700000000000	349.230000000000
14.4700000000000	351.730000000000
14.5700000000000	354.240000000000
14.6700000000000	356.750000000000
14.7700000000000	359.260000000000
14.8700000000000	361.770000000000
14.9350000000000	363.400000000000
15	365.030000000000
15.0100000000000	365.280000000000
15.0200000000000	365.520000000000
15.0500000000000	366.240000000000
15.0800000000000	366.960000000000
15.1700000000000	369.090000000000
15.2700000000000	371.450000000000
15.3700000000000	373.800000000000
15.4700000000000	376.150000000000
15.5700000000000	378.510000000000
15.6700000000000	380.850000000000
15.7700000000000	383.200000000000
15.8700000000000	385.550000000000
15.9350000000000	387.070000000000
16	388.600000000000
16.0100000000000	388.840000000000
16.0200000000000	389.080000000000
16.0500000000000	389.810000000000
16.0800000000000	390.550000000000
16.1700000000000	392.760000000000
16.2700000000000	395.230000000000
16.3700000000000	397.710000000000
16.4700000000000	400.180000000000
16.5700000000000	402.660000000000
16.6700000000000	405.140000000000
16.7700000000000	407.620000000000
16.8700000000000	410.100000000000
16.9350000000000	411.710000000000
17	413.320000000000
17.0100000000000	413.570000000000
17.0200000000000	413.830000000000
17.0500000000000	414.590000000000
17.0800000000000	415.350000000000
17.1700000000000	417.640000000000
17.2700000000000	420.190000000000
17.3700000000000	422.750000000000
17.4700000000000	425.300000000000
17.5700000000000	427.860000000000
17.6700000000000	430.420000000000
17.7700000000000	432.970000000000
17.8700000000000	435.530000000000
17.9350000000000	437.200000000000
18	438.860000000000
18.0100000000000	439.110000000000
18.0200000000000	439.370000000000
18.0500000000000	440.130000000000
18.0800000000000	440.890000000000
18.1700000000000	443.180000000000
18.2700000000000	445.720000000000
18.3700000000000	448.250000000000
18.4700000000000	450.790000000000
18.5700000000000	453.330000000000
18.6700000000000	455.860000000000
18.7700000000000	458.400000000000
18.8700000000000	460.930000000000
18.9350000000000	462.580000000000
19	464.230000000000
19.0100000000000	464.480000000000
19.0200000000000	464.730000000000
19.0500000000000	465.480000000000
19.0800000000000	466.220000000000
19.1700000000000	468.450000000000
19.2700000000000	470.920000000000
19.3700000000000	473.390000000000
19.4700000000000	475.850000000000
19.5700000000000	478.320000000000
19.6700000000000	480.780000000000
19.7700000000000	483.240000000000
19.8700000000000	485.710000000000
19.9350000000000	487.310000000000
20	488.910000000000
20.0100000000000	489.150000000000
20.0200000000000	489.390000000000
20.0500000000000	490.110000000000
20.0800000000000	490.830000000000
20.1700000000000	492.980000000000
20.2700000000000	495.370000000000
20.3700000000000	497.750000000000
20.4700000000000	500.130000000000
20.5700000000000	502.510000000000
20.6700000000000	504.890000000000
20.7700000000000	507.260000000000
20.8700000000000	509.640000000000
20.9350000000000	511.190000000000
21	512.730000000000
21.0100000000000	512.970000000000
21.0200000000000	513.210000000000
21.0500000000000	513.950000000000
21.0800000000000	514.690000000000
21.1700000000000	516.930000000000
21.2700000000000	519.420000000000
21.3700000000000	521.910000000000
21.4700000000000	524.410000000000
21.5700000000000	526.910000000000
21.6700000000000	529.410000000000
21.7700000000000	531.910000000000
21.8700000000000	534.410000000000
21.9350000000000	536.040000000000
22	537.670000000000
22.0100000000000	537.920000000000
22.0200000000000	538.170000000000
22.0500000000000	538.920000000000
22.0800000000000	539.670000000000
22.1700000000000	541.910000000000
22.2700000000000	544.410000000000
22.3700000000000	546.900000000000
22.4700000000000	549.400000000000
22.5700000000000	551.890000000000
22.6700000000000	554.390000000000
22.7700000000000	556.880000000000
22.8700000000000	559.380000000000
22.9350000000000	561
23	562.620000000000
23.0100000000000	562.870000000000
23.0200000000000	563.120000000000
23.0500000000000	563.880000000000
23.0800000000000	564.630000000000
23.1700000000000	566.900000000000
23.2700000000000	569.430000000000
23.3700000000000	571.960000000000
23.4700000000000	574.480000000000
23.5700000000000	577.010000000000
23.6700000000000	579.540000000000
23.7700000000000	582.070000000000
23.8700000000000	584.600000000000
23.9350000000000	586.240000000000
24	587.890000000000
24.0100000000000	588.140000000000
24.0200000000000	588.390000000000
24.0500000000000	589.140000000000
24.0800000000000	589.890000000000
24.1700000000000	592.120000000000
24.2700000000000	594.600000000000
24.3700000000000	597.080000000000
24.4700000000000	599.560000000000
24.5700000000000	602.040000000000
24.6700000000000	604.520000000000
24.7700000000000	606.990000000000
24.8700000000000	609.470000000000
24.9350000000000	611.080000000000
25	612.690000000000
25.0100000000000	612.940000000000
25.0200000000000	613.190000000000
25.0500000000000	613.950000000000
25.0800000000000	614.720000000000
25.1700000000000	617.020000000000
25.2700000000000	619.580000000000
25.3700000000000	622.150000000000
25.4700000000000	624.720000000000
25.5700000000000	627.290000000000
25.6700000000000	629.860000000000
25.7700000000000	632.440000000000
25.8700000000000	635.010000000000
25.9350000000000	636.680000000000
26	638.350000000000
26.0100000000000	638.610000000000
26.0200000000000	638.860000000000
26.0500000000000	639.600000000000
26.0800000000000	640.330000000000
26.1700000000000	642.520000000000
26.2700000000000	644.930000000000
26.3700000000000	647.340000000000
26.4700000000000	649.750000000000
26.5700000000000	652.150000000000
26.6700000000000	654.550000000000
26.7700000000000	656.950000000000
26.8700000000000	659.350000000000
26.9350000000000	660.910000000000
27	662.470000000000
27.0100000000000	662.710000000000
27.0200000000000	662.950000000000
27.0500000000000	663.680000000000
27.0800000000000	664.410000000000
27.1700000000000	666.590000000000
27.2700000000000	669.030000000000
27.3700000000000	671.460000000000
27.4700000000000	673.890000000000
27.5700000000000	676.330000000000
27.6700000000000	678.760000000000
27.7700000000000	681.200000000000
27.8700000000000	683.630000000000
27.9350000000000	685.220000000000
28	686.800000000000
28.0100000000000	687.040000000000
28.0200000000000	687.290000000000
28.0500000000000	688.030000000000
28.0800000000000	688.780000000000
28.1700000000000	691.010000000000
28.2700000000000	693.510000000000
28.3700000000000	696
28.4700000000000	698.500000000000
28.5700000000000	700.990000000000
28.6700000000000	703.490000000000
28.7700000000000	705.990000000000
28.8700000000000	708.480000000000
28.9350000000000	710.110000000000
29	711.730000000000
29.0100000000000	711.980000000000
29.0200000000000	712.230000000000
29.0500000000000	712.980000000000
29.0800000000000	713.730000000000
29.1700000000000	715.990000000000
29.2700000000000	718.490000000000
29.3700000000000	720.990000000000
29.4700000000000	723.500000000000
29.5700000000000	726
29.6700000000000	728.500000000000
29.7700000000000	731.010000000000
29.8700000000000	733.510000000000
29.9350000000000	735.140000000000
30	736.770000000000
30.0100000000000	737.020000000000
30.0200000000000	737.270000000000
30.0500000000000	738.030000000000
30.0800000000000	738.790000000000
30.1700000000000	741.070000000000
30.2700000000000	743.610000000000
30.3700000000000	746.150000000000
30.4700000000000	748.690000000000
30.5700000000000	751.240000000000
30.6700000000000	753.780000000000
30.7700000000000	756.320000000000
30.8700000000000	758.860000000000
30.9350000000000	760.520000000000
31	762.170000000000
31.0100000000000	762.420000000000
31.0200000000000	762.670000000000
31.0500000000000	763.400000000000
31.0800000000000	764.130000000000
31.1700000000000	766.300000000000
31.2700000000000	768.710000000000
31.3700000000000	771.100000000000
31.4700000000000	773.490000000000
31.5700000000000	775.880000000000
31.6700000000000	778.270000000000
31.7700000000000	780.660000000000
31.8700000000000	783.040000000000
31.9350000000000	784.590000000000
32	786.140000000000
32.0100000000000	786.380000000000
32.0200000000000	786.630000000000
32.0500000000000	787.350000000000
32.0800000000000	788.080000000000
32.1700000000000	790.280000000000
32.2700000000000	792.720000000000
32.3700000000000	795.170000000000
32.4700000000000	797.620000000000
32.5700000000000	800.070000000000
32.6700000000000	802.520000000000
32.7700000000000	804.960000000000
32.8700000000000	807.410000000000
32.9350000000000	809.010000000000
33	810.600000000000
33.0100000000000	810.840000000000
33.0200000000000	811.090000000000
33.0500000000000	811.810000000000
33.0800000000000	812.530000000000
33.1700000000000	814.690000000000
33.2700000000000	817.090000000000
33.3700000000000	819.480000000000
33.4700000000000	821.870000000000
33.5700000000000	824.260000000000
33.6700000000000	826.650000000000
33.7700000000000	829.040000000000
33.8700000000000	831.430000000000
33.9350000000000	832.980000000000
34	834.530000000000
34.0100000000000	834.770000000000
34.0200000000000	835.020000000000
34.0500000000000	835.760000000000
34.0800000000000	836.510000000000
34.1700000000000	838.780000000000
34.2700000000000	841.310000000000
34.3700000000000	843.840000000000
34.4700000000000	846.370000000000
34.5700000000000	848.910000000000
34.6700000000000	851.450000000000
34.7700000000000	854
34.8700000000000	856.540000000000
34.9350000000000	858.190000000000
35	859.850000000000
35.0100000000000	860.100000000000
35.0200000000000	860.350000000000
35.0500000000000	861.100000000000
35.0800000000000	861.850000000000
35.1700000000000	864.090000000000
35.2700000000000	866.570000000000
35.3700000000000	869.050000000000
35.4700000000000	871.530000000000
35.5700000000000	874
35.6700000000000	876.480000000000
35.7700000000000	878.960000000000
35.8700000000000	881.430000000000
35.9350000000000	883.040000000000
36	884.650000000000
36.0100000000000	884.890000000000
36.0200000000000	885.140000000000
36.0500000000000	885.860000000000
36.0800000000000	886.570000000000
36.1700000000000	888.700000000000
36.2700000000000	891.060000000000
36.3700000000000	893.420000000000
36.4700000000000	895.770000000000
36.5700000000000	898.120000000000
36.6700000000000	900.480000000000
36.7700000000000	902.830000000000
36.8700000000000	905.180000000000
36.9350000000000	906.700000000000
37	908.230000000000
37.0100000000000	908.470000000000
37.0200000000000	908.710000000000
37.0500000000000	909.440000000000
37.0800000000000	910.180000000000
37.1700000000000	912.410000000000
37.2700000000000	914.900000000000
37.3700000000000	917.400000000000
37.4700000000000	919.900000000000
37.5700000000000	922.400000000000
37.6700000000000	924.900000000000
37.7700000000000	927.400000000000
37.8700000000000	929.900000000000
37.9350000000000	931.530000000000
38	933.160000000000
38.0100000000000	933.410000000000
38.0200000000000	933.660000000000
38.0500000000000	934.390000000000
38.0800000000000	935.120000000000
38.1700000000000	937.300000000000
38.2700000000000	939.710000000000
38.3700000000000	942.120000000000
38.4700000000000	944.530000000000
38.5700000000000	946.930000000000
38.6700000000000	949.340000000000
38.7700000000000	951.740000000000
38.8700000000000	954.140000000000
38.9350000000000	955.700000000000
39	957.260000000000
39.0100000000000	957.500000000000
39.0200000000000	957.740000000000
39.0500000000000	958.460000000000
39.0800000000000	959.180000000000
39.1700000000000	961.340000000000
39.2700000000000	963.740000000000
39.3700000000000	966.140000000000
39.4700000000000	968.540000000000
39.5700000000000	970.940000000000
39.6700000000000	973.340000000000
39.7700000000000	975.740000000000
39.8700000000000	978.140000000000
39.9350000000000	979.700000000000
40	981.260000000000
40.0100000000000	981.500000000000
40.0200000000000	981.730000000000
40.0500000000000	982.410000000000
40.0800000000000	983.090000000000
40.1700000000000	985.100000000000
40.2700000000000	987.310000000000
40.3700000000000	989.520000000000
40.4700000000000	991.720000000000
40.5700000000000	993.920000000000
40.6700000000000	996.110000000000
40.7700000000000	998.300000000000
40.8700000000000	1000.50000000000
40.9350000000000	1001.90000000000
41	1003.30000000000
41.0100000000000	1003.60000000000
41.0200000000000	1003.80000000000
41.0500000000000	1004.40000000000
41.0800000000000	1005.10000000000
41.1700000000000	1007.10000000000
41.2700000000000	1009.30000000000
41.3700000000000	1011.50000000000
41.4700000000000	1013.70000000000
41.5700000000000	1015.90000000000
41.6700000000000	1018.10000000000
41.7700000000000	1020.30000000000
41.8700000000000	1022.50000000000
41.9350000000000	1024
42	1025.40000000000
42.0100000000000	1025.60000000000
42.0200000000000	1025.80000000000
42.0500000000000	1026.50000000000
42.0800000000000	1027.10000000000
42.1700000000000	1029.10000000000
42.2700000000000	1031.20000000000
42.3700000000000	1033.40000000000
42.4700000000000	1035.50000000000
42.5700000000000	1037.70000000000
42.6700000000000	1039.80000000000
42.7700000000000	1042
42.8700000000000	1044.10000000000
42.9350000000000	1045.50000000000
43	1046.90000000000
43.0100000000000	1047.10000000000
43.0200000000000	1047.30000000000
43.0500000000000	1048
43.0800000000000	1048.60000000000
43.1700000000000	1050.40000000000
43.2700000000000	1052.50000000000
43.3700000000000	1054.50000000000
43.4700000000000	1056.50000000000
43.5700000000000	1058.60000000000
43.6700000000000	1060.60000000000
43.7700000000000	1062.70000000000
43.8700000000000	1064.70000000000
43.9350000000000	1066
44	1067.30000000000
44.0100000000000	1067.50000000000
44.0200000000000	1067.70000000000
44.0500000000000	1068.30000000000
44.1400000000000	1070
44.2300000000000	1071.70000000000
44.3300000000000	1073.60000000000
44.4300000000000	1075.50000000000
44.5300000000000	1077.30000000000
44.6300000000000	1079.20000000000
44.7300000000000	1081.10000000000
44.8300000000000	1082.90000000000
44.9300000000000	1084.80000000000
45	1086.10000000000
45.0100000000000	1086.30000000000
45.0200000000000	1086.50000000000
45.0500000000000	1087
45.1400000000000	1088.70000000000
45.2300000000000	1090.30000000000
45.3300000000000	1092.20000000000
45.4300000000000	1094
45.5300000000000	1095.90000000000
45.6300000000000	1097.70000000000
45.7300000000000	1099.60000000000
45.8300000000000	1101.40000000000
45.9300000000000	1103.30000000000
46	1104.60000000000
46.0100000000000	1104.80000000000
46.0200000000000	1104.90000000000
46.0500000000000	1105.50000000000
46.1400000000000	1107.20000000000
46.2300000000000	1109
46.3300000000000	1110.90000000000
46.4300000000000	1112.80000000000
46.5300000000000	1114.80000000000
46.6300000000000	1116.70000000000
46.7300000000000	1118.60000000000
46.8300000000000	1120.60000000000
46.9300000000000	1122.50000000000
47	1123.90000000000
47.0100000000000	1124
47.0200000000000	1124.20000000000
47.0500000000000	1124.80000000000
47.1400000000000	1126.50000000000
47.2300000000000	1128.10000000000
47.3300000000000	1129.90000000000
47.4300000000000	1131.70000000000
47.5300000000000	1133.60000000000
47.6300000000000	1135.40000000000
47.7300000000000	1137.20000000000
47.8300000000000	1139
47.9300000000000	1140.80000000000
48	1142.10000000000
48.0100000000000	1142.30000000000
48.0200000000000	1142.50000000000
48.0500000000000	1143
48.1400000000000	1144.70000000000
48.2300000000000	1146.50000000000
48.3300000000000	1148.40000000000
48.4300000000000	1150.30000000000
48.5300000000000	1152.20000000000
48.6300000000000	1154.20000000000
48.7300000000000	1156.10000000000
48.8300000000000	1158
48.9300000000000	1160
49	1161.30000000000
49.0100000000000	1161.50000000000
49.0200000000000	1161.70000000000
49.0500000000000	1162.20000000000
49.1400000000000	1163.50000000000
49.2300000000000	1164.70000000000
49.3300000000000	1166.10000000000
49.4300000000000	1167.40000000000
49.5300000000000	1168.80000000000
49.6300000000000	1170.10000000000
49.7300000000000	1171.40000000000
49.8300000000000	1172.70000000000
49.9300000000000	1174
50	1174.90000000000
50.0100000000000	1175
50.0200000000000	1175.10000000000
50.0500000000000	1175.40000000000
50.1400000000000	1176
50.2300000000000	1176.60000000000
50.3300000000000	1177.20000000000
50.4300000000000	1177.80000000000
50.5300000000000	1178.30000000000
50.6300000000000	1178.90000000000
50.7300000000000	1179.40000000000
50.8300000000000	1179.90000000000
50.9300000000000	1180.40000000000
51	1180.80000000000
51.0100000000000	1180.80000000000
51.0200000000000	1180.90000000000
51.0500000000000	1181
51.1400000000000	1181.40000000000
51.2300000000000	1181.80000000000
51.3300000000000	1182.20000000000
51.4300000000000	1182.60000000000
51.5300000000000	1183
51.6300000000000	1183.40000000000
51.7300000000000	1183.90000000000
51.8300000000000	1184.20000000000
51.9300000000000	1184.60000000000
52	1184.90000000000
52.0100000000000	1184.90000000000
52.0200000000000	1185
52.0500000000000	1185
52.1400000000000	1184.90000000000
52.2400000000000	1184.80000000000
52.3400000000000	1184.70000000000
52.4400000000000	1184.50000000000
52.5400000000000	1184.30000000000
52.6400000000000	1184.10000000000
52.7400000000000	1183.90000000000
52.8400000000000	1183.60000000000
52.9400000000000	1183.40000000000
53	1183.30000000000
53.0100000000000	1183.30000000000
53.0200000000000	1183.30000000000
53.0500000000000	1183.30000000000
53.1400000000000	1183.60000000000
53.2400000000000	1183.90000000000
53.3400000000000	1184.30000000000
53.4400000000000	1184.80000000000
53.5400000000000	1185.20000000000
53.6400000000000	1185.60000000000
53.7400000000000	1186.10000000000
53.8400000000000	1186.50000000000
53.9400000000000	1186.90000000000
54	1187.20000000000
54.0100000000000	1187.30000000000
54.0200000000000	1187.30000000000
54.0500000000000	1187.40000000000
54.1400000000000	1187.60000000000
54.2400000000000	1187.90000000000
54.3400000000000	1188.10000000000
54.4400000000000	1188.40000000000
54.5400000000000	1188.60000000000
54.6400000000000	1188.80000000000
54.7400000000000	1189
54.8400000000000	1189.30000000000
54.9400000000000	1189.50000000000
55	1189.60000000000
55.0100000000000	1189.60000000000
55.0200000000000	1189.60000000000
55.0500000000000	1189.70000000000
55.1400000000000	1189.80000000000
55.2400000000000	1189.90000000000
55.3400000000000	1190
55.4400000000000	1190.10000000000
55.5400000000000	1190.20000000000
55.6400000000000	1190.30000000000
55.7400000000000	1190.40000000000
55.8400000000000	1190.50000000000
55.9400000000000	1190.60000000000
56	1190.60000000000
56.0100000000000	1190.60000000000
56.0200000000000	1190.70000000000
56.0500000000000	1190.70000000000
56.1400000000000	1190.80000000000
56.2400000000000	1190.90000000000
56.3400000000000	1191
56.4400000000000	1191
56.5400000000000	1191.10000000000
56.6400000000000	1191.20000000000
56.7400000000000	1191.30000000000
56.8400000000000	1191.40000000000
56.9400000000000	1191.50000000000
57	1191.50000000000
57.0100000000000	1191.50000000000
57.0200000000000	1191.60000000000
57.0500000000000	1191.60000000000
57.1400000000000	1191.70000000000
57.2400000000000	1191.80000000000
57.3400000000000	1191.90000000000
57.4400000000000	1192
57.5400000000000	1192.10000000000
57.6400000000000	1192.20000000000
57.7400000000000	1192.40000000000
57.8400000000000	1192.50000000000
57.9400000000000	1192.60000000000
58	1192.60000000000
58.0100000000000	1192.60000000000
58.0200000000000	1192.70000000000
58.0500000000000	1192.70000000000
58.1400000000000	1192.80000000000
58.2400000000000	1192.90000000000
58.3400000000000	1193.10000000000
58.4400000000000	1193.20000000000
58.5400000000000	1193.30000000000
58.6400000000000	1193.40000000000
58.7400000000000	1193.60000000000
58.8400000000000	1193.70000000000
58.9400000000000	1193.80000000000
59	1193.90000000000
59.0100000000000	1193.90000000000
59.0200000000000	1193.90000000000
59.0500000000000	1193.90000000000
59.1400000000000	1194
59.2400000000000	1194.10000000000
59.3400000000000	1194.20000000000
59.4400000000000	1194.30000000000
59.5400000000000	1194.40000000000
59.6400000000000	1194.50000000000
59.7400000000000	1194.60000000000
59.8400000000000	1194.60000000000
59.9400000000000	1194.70000000000
60	1194.80000000000
60.0100000000000	1194.80000000000
60.0200000000000	1194.80000000000
60.0500000000000	1194.80000000000
60.1400000000000	1194.90000000000
60.2400000000000	1195.10000000000
60.3400000000000	1195.20000000000
60.4400000000000	1195.40000000000
60.5400000000000	1195.50000000000
60.6400000000000	1195.70000000000
60.7400000000000	1195.80000000000
60.8400000000000	1195.90000000000
60.9400000000000	1196.10000000000
61	1196.20000000000
61.0100000000000	1196.20000000000
61.0200000000000	1196.20000000000
61.0500000000000	1196.20000000000
61.1400000000000	1196.20000000000
61.2400000000000	1196.20000000000
61.3400000000000	1196.10000000000
61.4400000000000	1196.10000000000
61.5400000000000	1196.10000000000
61.6400000000000	1196
61.7400000000000	1195.90000000000
61.8400000000000	1195.90000000000
61.9400000000000	1195.80000000000
62	1195.80000000000
62.0100000000000	1195.80000000000
62.0200000000000	1195.80000000000
62.0500000000000	1195.80000000000
62.1400000000000	1195.90000000000
62.2400000000000	1196
62.3400000000000	1196.20000000000
62.4400000000000	1196.30000000000
62.5400000000000	1196.40000000000
62.6400000000000	1196.60000000000
62.7400000000000	1196.70000000000
62.8400000000000	1196.90000000000
62.9400000000000	1197
63	1197.10000000000
63.0100000000000	1197.10000000000
63.0200000000000	1197.10000000000
63.0500000000000	1197.10000000000
63.1400000000000	1197.20000000000
63.2400000000000	1197.30000000000
63.3400000000000	1197.30000000000
63.4400000000000	1197.40000000000
63.5400000000000	1197.40000000000
63.6400000000000	1197.40000000000
63.7400000000000	1197.50000000000
63.8400000000000	1197.50000000000
63.9400000000000	1197.60000000000
64	1197.60000000000
64.0100000000000	1197.60000000000
64.0200000000000	1197.60000000000
64.0500000000000	1197.60000000000
64.1400000000000	1197.80000000000
64.2400000000000	1197.90000000000
64.3400000000000	1198
64.4400000000000	1198.20000000000
64.5400000000000	1198.30000000000
64.6400000000000	1198.50000000000
64.7400000000000	1198.60000000000
64.8400000000000	1198.80000000000
64.9400000000000	1199
65	1199.10000000000
65.0100000000000	1199.10000000000
65.0200000000000	1199.10000000000
65.0500000000000	1199.10000000000
65.1400000000000	1199.20000000000
65.2400000000000	1199.20000000000
65.3400000000000	1199.30000000000
65.4400000000000	1199.30000000000
65.5400000000000	1199.30000000000
65.6400000000000	1199.40000000000
65.7400000000000	1199.40000000000
65.8400000000000	1199.40000000000
65.9400000000000	1199.50000000000
66	1199.50000000000
66.0100000000000	1199.50000000000
66.0200000000000	1199.50000000000
66.0500000000000	1199.50000000000
66.1400000000000	1199.50000000000
66.2400000000000	1199.50000000000
66.3400000000000	1199.60000000000
66.4400000000000	1199.60000000000
66.5400000000000	1199.60000000000
66.6400000000000	1199.60000000000
66.7400000000000	1199.60000000000
66.8400000000000	1199.70000000000
66.9400000000000	1199.70000000000
67	1199.70000000000
67.0100000000000	1199.70000000000
67.0200000000000	1199.70000000000
67.0500000000000	1199.70000000000
67.1400000000000	1199.70000000000
67.2400000000000	1199.80000000000
67.3400000000000	1199.80000000000
67.4400000000000	1199.80000000000
67.5400000000000	1199.90000000000
67.6400000000000	1199.90000000000
67.7400000000000	1199.90000000000
67.8400000000000	1200
67.9400000000000	1200
68	1200
68.0100000000000	1200
68.0200000000000	1200
68.0500000000000	1200
68.1400000000000	1200
68.2400000000000	1200
68.3400000000000	1200
68.4400000000000	1200
68.5400000000000	1199.90000000000
68.6400000000000	1199.90000000000
68.7400000000000	1199.90000000000
68.8400000000000	1199.90000000000
68.9400000000000	1199.90000000000
69	1199.90000000000
69.0100000000000	1199.90000000000
69.0200000000000	1199.90000000000
69.0500000000000	1199.90000000000
69.1400000000000	1199.90000000000
69.2400000000000	1200
69.3400000000000	1200
69.4400000000000	1200.10000000000
69.5400000000000	1200.20000000000
69.6400000000000	1200.30000000000
69.7400000000000	1200.30000000000
69.8400000000000	1200.40000000000
69.9400000000000	1200.50000000000
70	1200.50000000000
70.0100000000000	1200.60000000000
70.0200000000000	1200.60000000000
70.0500000000000	1200.60000000000
70.1400000000000	1200.60000000000
70.2400000000000	1200.60000000000
70.3400000000000	1200.60000000000
70.4400000000000	1200.60000000000
70.5400000000000	1200.60000000000
70.6400000000000	1200.70000000000
70.7400000000000	1200.70000000000
70.8400000000000	1200.70000000000
70.9400000000000	1200.70000000000
71	1200.70000000000
71.0100000000000	1200.70000000000
71.0200000000000	1200.70000000000
71.0500000000000	1200.70000000000
71.1400000000000	1200.60000000000
71.2400000000000	1200.50000000000
71.3400000000000	1200.50000000000
71.4400000000000	1200.40000000000
71.5400000000000	1200.30000000000
71.6400000000000	1200.20000000000
71.7400000000000	1200.10000000000
71.8400000000000	1200
71.9400000000000	1200
72	1199.90000000000
72.0100000000000	1199.90000000000
72.0200000000000	1199.90000000000
72.0500000000000	1199.90000000000
72.1400000000000	1199.90000000000
72.2400000000000	1199.90000000000
72.3400000000000	1199.90000000000
72.4400000000000	1199.90000000000
72.5400000000000	1199.90000000000
72.6400000000000	1200
72.7400000000000	1200
72.8400000000000	1200
72.9400000000000	1200
73	1200
73.0100000000000	1200
73.0200000000000	1200
73.0500000000000	1200
73.1400000000000	1200
73.2400000000000	1200
73.3400000000000	1200.10000000000
73.4400000000000	1200.10000000000
73.5400000000000	1200.10000000000
73.6400000000000	1200.10000000000
73.7400000000000	1200.10000000000
73.8400000000000	1200.10000000000
73.9400000000000	1200.10000000000
74	1200.10000000000
74.0100000000000	1200.10000000000
74.0200000000000	1200.10000000000
74.0500000000000	1200.10000000000
74.1400000000000	1200.20000000000
74.2400000000000	1200.20000000000
74.3400000000000	1200.30000000000
74.4400000000000	1200.40000000000
74.5400000000000	1200.40000000000
74.6400000000000	1200.50000000000
74.7400000000000	1200.60000000000
74.8400000000000	1200.70000000000
74.9400000000000	1200.70000000000
75	1200.80000000000
75.0100000000000	1200.80000000000
75.0200000000000	1200.80000000000
75.0500000000000	1200.80000000000
75.1400000000000	1200.90000000000
75.2400000000000	1201
75.3400000000000	1201
75.4400000000000	1201.10000000000
75.5400000000000	1201.20000000000
75.6400000000000	1201.20000000000
75.7400000000000	1201.30000000000
75.8400000000000	1201.40000000000
75.9400000000000	1201.50000000000
76	1201.50000000000
76.0100000000000	1201.50000000000
76.0200000000000	1201.50000000000
76.0500000000000	1201.50000000000
76.1400000000000	1201.40000000000
76.2400000000000	1201.40000000000
76.3400000000000	1201.30000000000
76.4400000000000	1201.20000000000
76.5400000000000	1201.10000000000
76.6400000000000	1201
76.7400000000000	1200.90000000000
76.8400000000000	1200.80000000000
76.9400000000000	1200.70000000000
77	1200.60000000000
77.0100000000000	1200.60000000000
77.0200000000000	1200.60000000000
77.0500000000000	1200.60000000000
77.1400000000000	1200.60000000000
77.2400000000000	1200.60000000000
77.3400000000000	1200.50000000000
77.4400000000000	1200.50000000000
77.5400000000000	1200.60000000000
77.6400000000000	1200.60000000000
77.7400000000000	1200.60000000000
77.8400000000000	1200.60000000000
77.9400000000000	1200.60000000000
78	1200.60000000000
78.0100000000000	1200.60000000000
78.0200000000000	1200.60000000000
78.0500000000000	1200.60000000000
78.1400000000000	1200.60000000000
78.2400000000000	1200.60000000000
78.3400000000000	1200.60000000000
78.4400000000000	1200.60000000000
78.5400000000000	1200.60000000000
78.6400000000000	1200.60000000000
78.7400000000000	1200.60000000000
78.8400000000000	1200.60000000000
78.9400000000000	1200.60000000000
79	1200.70000000000
79.0100000000000	1200.70000000000
79.0200000000000	1200.60000000000
79.0500000000000	1200.60000000000
79.1400000000000	1200.60000000000
79.2400000000000	1200.50000000000
79.3400000000000	1200.40000000000
79.4400000000000	1200.30000000000
79.5400000000000	1200.20000000000
79.6400000000000	1200
79.7400000000000	1199.90000000000
79.8400000000000	1199.80000000000
79.9400000000000	1199.70000000000
80	1199.60000000000
80.0100000000000	1199.60000000000
80.0200000000000	1199.60000000000
80.0500000000000	1199.60000000000
80.1400000000000	1199.70000000000
80.2400000000000	1199.80000000000
80.3400000000000	1199.90000000000
80.4400000000000	1200
80.5400000000000	1200.10000000000
80.6400000000000	1200.20000000000
80.7400000000000	1200.30000000000
80.8400000000000	1200.50000000000
80.9400000000000	1200.60000000000
81	1200.70000000000
81.0100000000000	1200.70000000000
81.0200000000000	1200.70000000000
81.0500000000000	1200.70000000000
81.1400000000000	1200.60000000000
81.2400000000000	1200.50000000000
81.3400000000000	1200.50000000000
81.4400000000000	1200.40000000000
81.5400000000000	1200.30000000000
81.6400000000000	1200.20000000000
81.7400000000000	1200.10000000000
81.8400000000000	1200
81.9400000000000	1199.80000000000
82	1199.80000000000
82.0100000000000	1199.80000000000
82.0200000000000	1199.80000000000
82.0500000000000	1199.80000000000
82.1400000000000	1199.80000000000
82.2400000000000	1199.90000000000
82.3400000000000	1200
82.4400000000000	1200.10000000000
82.5400000000000	1200.20000000000
82.6400000000000	1200.40000000000
82.7400000000000	1200.50000000000
82.8400000000000	1200.60000000000
82.9400000000000	1200.70000000000
83	1200.80000000000
83.0100000000000	1200.80000000000
83.0200000000000	1200.80000000000
83.0500000000000	1200.80000000000
83.1400000000000	1200.70000000000
83.2400000000000	1200.70000000000
83.3400000000000	1200.60000000000
83.4400000000000	1200.50000000000
83.5400000000000	1200.40000000000
83.6400000000000	1200.30000000000
83.7400000000000	1200.20000000000
83.8400000000000	1200.10000000000
83.9400000000000	1199.90000000000
84	1199.90000000000
84.0100000000000	1199.90000000000
84.0200000000000	1199.90000000000
84.0500000000000	1199.80000000000
84.1400000000000	1199.80000000000
84.2400000000000	1199.80000000000
84.3400000000000	1199.80000000000
84.4400000000000	1199.80000000000
84.5400000000000	1199.80000000000
84.6400000000000	1199.80000000000
84.7400000000000	1199.80000000000
84.8400000000000	1199.80000000000
84.9400000000000	1199.80000000000
85	1199.80000000000
85.0100000000000	1199.80000000000
85.0200000000000	1199.80000000000
85.0500000000000	1199.80000000000
85.1400000000000	1199.80000000000
85.2400000000000	1199.80000000000
85.3400000000000	1199.80000000000
85.4400000000000	1199.80000000000
85.5400000000000	1199.80000000000
85.6400000000000	1199.80000000000
85.7400000000000	1199.80000000000
85.8400000000000	1199.80000000000
85.9400000000000	1199.80000000000
86	1199.80000000000
86.0100000000000	1199.80000000000
86.0200000000000	1199.80000000000
86.0500000000000	1199.80000000000
86.1400000000000	1199.80000000000
86.2400000000000	1199.80000000000
86.3400000000000	1199.80000000000
86.4400000000000	1199.80000000000
86.5400000000000	1199.80000000000
86.6400000000000	1199.80000000000
86.7400000000000	1199.80000000000
86.8400000000000	1199.80000000000
86.9400000000000	1199.90000000000
87	1199.90000000000
87.0100000000000	1199.90000000000
87.0200000000000	1199.90000000000
87.0500000000000	1199.80000000000
87.1400000000000	1199.80000000000
87.2400000000000	1199.70000000000
87.3400000000000	1199.60000000000
87.4400000000000	1199.60000000000
87.5400000000000	1199.50000000000
87.6400000000000	1199.40000000000
87.7400000000000	1199.30000000000
87.8400000000000	1199.20000000000
87.9400000000000	1199.10000000000
88	1199.10000000000
88.0100000000000	1199.10000000000
88.0200000000000	1199.10000000000
88.0500000000000	1199
88.1400000000000	1199
88.2400000000000	1199
88.3400000000000	1199
88.4400000000000	1198.90000000000
88.5400000000000	1198.90000000000
88.6400000000000	1198.90000000000
88.7400000000000	1198.90000000000
88.8400000000000	1198.90000000000
88.9400000000000	1198.80000000000
89	1198.80000000000
89.0100000000000	1198.80000000000
89.0200000000000	1198.80000000000
89.0500000000000	1198.90000000000
89.1400000000000	1198.90000000000
89.2400000000000	1199
89.3400000000000	1199.10000000000
89.4400000000000	1199.20000000000
89.5400000000000	1199.30000000000
89.6400000000000	1199.40000000000
89.7400000000000	1199.50000000000
89.8400000000000	1199.60000000000
89.9400000000000	1199.70000000000
90	1199.80000000000
90.0100000000000	1199.80000000000
90.0200000000000	1199.80000000000
90.0500000000000	1199.80000000000
90.1400000000000	1199.80000000000
90.2400000000000	1199.80000000000
90.3400000000000	1199.80000000000
90.4400000000000	1199.80000000000
90.5400000000000	1199.80000000000
90.6400000000000	1199.80000000000
90.7400000000000	1199.80000000000
90.8400000000000	1199.80000000000
90.9400000000000	1199.80000000000
91	1199.80000000000
91.0100000000000	1199.80000000000
91.0200000000000	1199.80000000000
91.0500000000000	1199.70000000000
91.1400000000000	1199.70000000000
91.2400000000000	1199.60000000000
91.3400000000000	1199.50000000000
91.4400000000000	1199.40000000000
91.5400000000000	1199.30000000000
91.6400000000000	1199.20000000000
91.7400000000000	1199.10000000000
91.8400000000000	1199
91.9400000000000	1198.90000000000
92	1198.90000000000
92.0100000000000	1198.90000000000
92.0200000000000	1198.90000000000
92.0500000000000	1198.80000000000
92.1400000000000	1198.80000000000
92.2400000000000	1198.80000000000
92.3400000000000	1198.80000000000
92.4400000000000	1198.80000000000
92.5400000000000	1198.80000000000
92.6400000000000	1198.80000000000
92.7400000000000	1198.80000000000
92.8400000000000	1198.80000000000
92.9400000000000	1198.80000000000
93	1198.80000000000
93.0100000000000	1198.80000000000
93.0200000000000	1198.80000000000
93.0500000000000	1198.80000000000
93.1400000000000	1198.80000000000
93.2400000000000	1198.80000000000
93.3400000000000	1198.80000000000
93.4400000000000	1198.80000000000
93.5400000000000	1198.80000000000
93.6400000000000	1198.80000000000
93.7400000000000	1198.80000000000
93.8400000000000	1198.80000000000
93.9400000000000	1198.80000000000
94	1198.80000000000
94.0100000000000	1198.80000000000
94.0200000000000	1198.80000000000
94.0500000000000	1198.80000000000
94.1400000000000	1198.80000000000
94.2400000000000	1198.80000000000
94.3400000000000	1198.80000000000
94.4400000000000	1198.80000000000
94.5400000000000	1198.80000000000
94.6400000000000	1198.80000000000
94.7400000000000	1198.80000000000
94.8400000000000	1198.80000000000
94.9400000000000	1198.80000000000
95	1198.80000000000
95.0100000000000	1198.80000000000
95.0200000000000	1198.80000000000
95.0500000000000	1198.80000000000
95.1400000000000	1198.80000000000
95.2400000000000	1198.80000000000
95.3400000000000	1198.80000000000
95.4400000000000	1198.80000000000
95.5400000000000	1198.80000000000
95.6400000000000	1198.80000000000
95.7400000000000	1198.80000000000
95.8400000000000	1198.80000000000
95.9400000000000	1198.80000000000
96	1198.80000000000
96.0100000000000	1198.80000000000
96.0200000000000	1198.80000000000
96.0500000000000	1198.80000000000
96.1400000000000	1198.80000000000
96.2400000000000	1198.80000000000
96.3400000000000	1198.80000000000
96.4400000000000	1198.80000000000
96.5400000000000	1198.80000000000
96.6400000000000	1198.80000000000
96.7400000000000	1198.80000000000
96.8400000000000	1198.80000000000
96.9400000000000	1198.80000000000
97	1198.80000000000
97.0100000000000	1198.80000000000
97.0200000000000	1198.80000000000
97.0500000000000	1198.80000000000
97.1400000000000	1198.80000000000
97.2400000000000	1198.80000000000
97.3400000000000	1198.80000000000
97.4400000000000	1198.80000000000
97.5400000000000	1198.80000000000
97.6400000000000	1198.80000000000
97.7400000000000	1198.80000000000
97.8400000000000	1198.80000000000
97.9400000000000	1198.80000000000
98	1198.80000000000
98.0100000000000	1198.80000000000
98.0200000000000	1198.80000000000
98.0400000000000	1198.80000000000
98.0900000000000	1198.80000000000
98.1800000000000	1198.70000000000
98.2800000000000	1198.60000000000
98.3800000000000	1198.50000000000
98.4800000000000	1198.40000000000
98.5800000000000	1198.30000000000
98.6800000000000	1198.20000000000
98.7800000000000	1198.10000000000
98.8800000000000	1198
98.9400000000000	1197.90000000000
99	1197.90000000000
99.0100000000000	1197.90000000000
99.0200000000000	1197.90000000000
99.0500000000000	1197.80000000000
99.1400000000000	1197.80000000000
99.2400000000000	1197.80000000000
99.3400000000000	1197.80000000000
99.4400000000000	1197.80000000000
99.5400000000000	1197.80000000000
99.6400000000000	1197.80000000000
99.7400000000000	1197.80000000000
99.8400000000000	1197.80000000000
99.9400000000000	1197.80000000000
100	1197.80000000000
100.010000000000	1197.80000000000
100.020000000000	1197.80000000000
100.050000000000	1197.80000000000
100.140000000000	1197.70000000000
100.240000000000	1197.70000000000
100.340000000000	1197.70000000000
100.440000000000	1197.70000000000
100.540000000000	1197.70000000000
100.640000000000	1197.60000000000
100.740000000000	1197.60000000000
100.840000000000	1197.60000000000
100.940000000000	1197.60000000000
101	1197.60000000000
101.010000000000	1197.60000000000
101.020000000000	1197.60000000000
101.050000000000	1197.60000000000
101.140000000000	1197.60000000000
101.240000000000	1197.60000000000
101.340000000000	1197.60000000000
101.440000000000	1197.60000000000
101.540000000000	1197.60000000000
101.640000000000	1197.60000000000
101.740000000000	1197.60000000000
101.840000000000	1197.60000000000
101.940000000000	1197.60000000000
102	1197.60000000000
102.010000000000	1197.60000000000
102.020000000000	1197.60000000000
102.050000000000	1197.60000000000
102.140000000000	1197.60000000000
102.240000000000	1197.60000000000
102.340000000000	1197.60000000000
102.440000000000	1197.60000000000
102.540000000000	1197.60000000000
102.640000000000	1197.60000000000
102.740000000000	1197.60000000000
102.840000000000	1197.60000000000
102.940000000000	1197.50000000000
103	1197.50000000000
103.010000000000	1197.60000000000
103.020000000000	1197.60000000000
103.020000000000	1197.60000000000
103.040000000000	1197.60000000000
103.060000000000	1197.60000000000
103.120000000000	1197.60000000000
103.220000000000	1197.70000000000
103.320000000000	1197.80000000000
103.420000000000	1198
103.520000000000	1198.10000000000
103.620000000000	1198.20000000000
103.720000000000	1198.30000000000
103.820000000000	1198.40000000000
103.920000000000	1198.50000000000
104	1198.60000000000
104.010000000000	1198.60000000000
104.020000000000	1198.60000000000
104.040000000000	1198.60000000000
104.080000000000	1198.60000000000
104.160000000000	1198.60000000000
104.210000000000	1198.50000000000
104.260000000000	1198.50000000000
104.330000000000	1198.40000000000
104.430000000000	1198.30000000000
104.530000000000	1198.20000000000
104.630000000000	1198.10000000000
104.730000000000	1198
104.830000000000	1197.90000000000
104.930000000000	1197.80000000000
105	1197.70000000000
105.010000000000	1197.70000000000
105.020000000000	1197.70000000000
105.050000000000	1197.60000000000
105.140000000000	1197.60000000000
105.240000000000	1197.50000000000
105.340000000000	1197.40000000000
105.440000000000	1197.30000000000
105.540000000000	1197.20000000000
105.640000000000	1197.10000000000
105.740000000000	1197
105.840000000000	1197
105.940000000000	1196.90000000000
106	1196.80000000000
106.010000000000	1196.80000000000
106.020000000000	1196.80000000000
106.050000000000	1196.80000000000
106.140000000000	1196.80000000000
106.240000000000	1196.70000000000
106.340000000000	1196.70000000000
106.440000000000	1196.70000000000
106.540000000000	1196.70000000000
106.640000000000	1196.70000000000
106.740000000000	1196.70000000000
106.840000000000	1196.70000000000
106.940000000000	1196.70000000000
107	1196.60000000000
107.010000000000	1196.60000000000
107.020000000000	1196.60000000000
107.040000000000	1196.70000000000
107.080000000000	1196.70000000000
107.160000000000	1196.70000000000
107.260000000000	1196.80000000000
107.360000000000	1196.90000000000
107.460000000000	1197
107.560000000000	1197
107.660000000000	1197.10000000000
107.760000000000	1197.20000000000
107.860000000000	1197.30000000000
107.960000000000	1197.40000000000
108	1197.40000000000
108.010000000000	1197.40000000000
108.020000000000	1197.40000000000
108.050000000000	1197.50000000000
108.140000000000	1197.50000000000
108.240000000000	1197.50000000000
108.340000000000	1197.50000000000
108.440000000000	1197.50000000000
108.540000000000	1197.50000000000
108.640000000000	1197.50000000000
108.740000000000	1197.50000000000
108.840000000000	1197.50000000000
108.940000000000	1197.50000000000
109	1197.50000000000
109.010000000000	1197.50000000000
109.020000000000	1197.50000000000
109.050000000000	1197.50000000000
109.140000000000	1197.50000000000
109.240000000000	1197.50000000000
109.340000000000	1197.50000000000
109.440000000000	1197.50000000000
109.540000000000	1197.50000000000
109.640000000000	1197.50000000000
109.740000000000	1197.50000000000
109.840000000000	1197.50000000000
109.940000000000	1197.50000000000
110	1197.50000000000
110.010000000000	1197.50000000000
110.020000000000	1197.50000000000
110.020000000000	1197.50000000000
110.040000000000	1197.40000000000
110.080000000000	1197.40000000000
110.160000000000	1197.30000000000
110.260000000000	1197.20000000000
110.360000000000	1197.10000000000
110.460000000000	1197
110.560000000000	1196.90000000000
110.660000000000	1196.80000000000
110.760000000000	1196.70000000000
110.860000000000	1196.60000000000
110.960000000000	1196.50000000000
111	1196.40000000000
111.010000000000	1196.40000000000
111.020000000000	1196.40000000000
111.050000000000	1196.40000000000
111.140000000000	1196.40000000000
111.240000000000	1196.40000000000
111.340000000000	1196.40000000000
111.440000000000	1196.30000000000
111.540000000000	1196.30000000000
111.640000000000	1196.30000000000
111.740000000000	1196.30000000000
111.840000000000	1196.30000000000
111.940000000000	1196.30000000000
112	1196.30000000000
112.010000000000	1196.30000000000
112.020000000000	1196.30000000000
112.030000000000	1196.30000000000
112.050000000000	1196.30000000000
112.090000000000	1196.40000000000
112.180000000000	1196.40000000000
112.280000000000	1196.50000000000
112.380000000000	1196.70000000000
112.480000000000	1196.80000000000
112.580000000000	1196.90000000000
112.680000000000	1197
112.780000000000	1197.10000000000
112.880000000000	1197.20000000000
112.940000000000	1197.30000000000
113	1197.40000000000
113.010000000000	1197.40000000000
113.020000000000	1197.40000000000
113.040000000000	1197.40000000000
113.070000000000	1197.40000000000
113.130000000000	1197.30000000000
113.230000000000	1197.20000000000
113.300000000000	1197.20000000000
113.360000000000	1197.10000000000
113.460000000000	1197
113.560000000000	1196.90000000000
113.660000000000	1196.80000000000
113.760000000000	1196.70000000000
113.860000000000	1196.60000000000
113.960000000000	1196.50000000000
114	1196.40000000000
114.010000000000	1196.40000000000
114.020000000000	1196.40000000000
114.050000000000	1196.40000000000
114.140000000000	1196.40000000000
114.240000000000	1196.30000000000
114.340000000000	1196.30000000000
114.440000000000	1196.30000000000
114.540000000000	1196.30000000000
114.640000000000	1196.30000000000
114.740000000000	1196.30000000000
114.840000000000	1196.30000000000
114.940000000000	1196.30000000000
115	1196.30000000000
115.010000000000	1196.30000000000
115.020000000000	1196.30000000000
115.040000000000	1196.30000000000
115.080000000000	1196.30000000000
115.170000000000	1196.40000000000
115.270000000000	1196.40000000000
115.370000000000	1196.50000000000
115.470000000000	1196.50000000000
115.570000000000	1196.60000000000
115.670000000000	1196.60000000000
115.770000000000	1196.70000000000
115.870000000000	1196.80000000000
115.930000000000	1196.80000000000
116	1196.90000000000
116.010000000000	1196.90000000000
116.020000000000	1196.90000000000
116.040000000000	1196.90000000000
116.070000000000	1196.90000000000
116.130000000000	1196.80000000000
116.230000000000	1196.80000000000
116.330000000000	1196.70000000000
116.430000000000	1196.70000000000
116.530000000000	1196.60000000000
116.630000000000	1196.60000000000
116.730000000000	1196.50000000000
116.830000000000	1196.40000000000
116.930000000000	1196.40000000000
117	1196.30000000000
117.010000000000	1196.30000000000
117.020000000000	1196.30000000000
117.050000000000	1196.30000000000
117.140000000000	1196.30000000000
117.240000000000	1196.30000000000
117.340000000000	1196.30000000000
117.440000000000	1196.30000000000
117.540000000000	1196.30000000000
117.640000000000	1196.30000000000
117.740000000000	1196.30000000000
117.840000000000	1196.30000000000
117.940000000000	1196.30000000000
118	1196.30000000000
118.010000000000	1196.30000000000
118.020000000000	1196.30000000000
118.050000000000	1196.30000000000
118.140000000000	1196.30000000000
118.240000000000	1196.30000000000
118.340000000000	1196.30000000000
118.440000000000	1196.30000000000
118.540000000000	1196.30000000000
118.640000000000	1196.30000000000
118.740000000000	1196.30000000000
118.840000000000	1196.30000000000
118.940000000000	1196.30000000000
119	1196.30000000000
119.010000000000	1196.30000000000
119.020000000000	1196.30000000000
119.050000000000	1196.30000000000
119.140000000000	1196.30000000000
119.240000000000	1196.30000000000
119.340000000000	1196.30000000000
119.440000000000	1196.30000000000
119.540000000000	1196.20000000000
119.640000000000	1196.20000000000
119.740000000000	1196.20000000000
119.840000000000	1196.20000000000
119.940000000000	1196.20000000000
120	1196.20000000000
120.010000000000	1196.20000000000
120.020000000000	1196.20000000000
120.050000000000	1196.20000000000
120.140000000000	1196.20000000000
120.240000000000	1196.20000000000
120.340000000000	1196.20000000000
120.440000000000	1196.20000000000
120.540000000000	1196.20000000000
120.640000000000	1196.20000000000
120.740000000000	1196.20000000000
120.840000000000	1196.20000000000
120.940000000000	1196.20000000000
121	1196.20000000000
121.010000000000	1196.20000000000
121.020000000000	1196.20000000000
121.050000000000	1196.20000000000
121.140000000000	1196.20000000000
121.240000000000	1196.20000000000
121.340000000000	1196.20000000000
121.440000000000	1196.20000000000
121.540000000000	1196.20000000000
121.640000000000	1196.20000000000
121.740000000000	1196.20000000000
121.840000000000	1196.20000000000
121.940000000000	1196.20000000000
122	1196.20000000000
122.010000000000	1196.20000000000
122.020000000000	1196.20000000000
122.030000000000	1196.20000000000
122.050000000000	1196.20000000000
122.090000000000	1196.20000000000
122.180000000000	1196.20000000000
122.280000000000	1196.10000000000
122.380000000000	1196.10000000000
122.480000000000	1196.10000000000
122.580000000000	1196
122.680000000000	1196
122.780000000000	1195.90000000000
122.880000000000	1195.90000000000
122.940000000000	1195.90000000000
123	1195.80000000000
123.010000000000	1195.80000000000
123.020000000000	1195.80000000000
123.050000000000	1195.80000000000
123.140000000000	1195.80000000000
123.240000000000	1195.80000000000
123.340000000000	1195.80000000000
123.440000000000	1195.80000000000
123.540000000000	1195.80000000000
123.640000000000	1195.80000000000
123.740000000000	1195.80000000000
123.840000000000	1195.80000000000
123.940000000000	1195.80000000000
124	1195.80000000000
124.010000000000	1195.80000000000
124.020000000000	1195.80000000000
124.050000000000	1195.80000000000
124.140000000000	1195.80000000000
124.240000000000	1195.80000000000
124.340000000000	1195.80000000000
124.440000000000	1195.80000000000
124.540000000000	1195.80000000000
124.640000000000	1195.80000000000
124.740000000000	1195.80000000000
124.840000000000	1195.80000000000
124.940000000000	1195.80000000000
125	1195.80000000000
125.010000000000	1195.80000000000
125.020000000000	1195.80000000000
125.030000000000	1195.80000000000
125.050000000000	1195.80000000000
125.090000000000	1195.90000000000
125.180000000000	1195.90000000000
125.280000000000	1196
125.380000000000	1196.10000000000
125.480000000000	1196.20000000000
125.580000000000	1196.30000000000
125.680000000000	1196.40000000000
125.780000000000	1196.40000000000
125.880000000000	1196.50000000000
125.940000000000	1196.60000000000
126	1196.60000000000
126.010000000000	1196.60000000000
126.020000000000	1196.60000000000
126.050000000000	1196.60000000000
126.110000000000	1196.60000000000
126.210000000000	1196.60000000000
126.310000000000	1196.60000000000
126.410000000000	1196.50000000000
126.510000000000	1196.50000000000
126.610000000000	1196.50000000000
126.710000000000	1196.40000000000
126.810000000000	1196.40000000000
126.910000000000	1196.30000000000
127	1196.30000000000
127.010000000000	1196.30000000000
127.020000000000	1196.30000000000
127.050000000000	1196.20000000000
127.140000000000	1196.20000000000
127.240000000000	1196.20000000000
127.340000000000	1196.10000000000
127.440000000000	1196.10000000000
127.540000000000	1196
127.640000000000	1196
127.740000000000	1195.90000000000
127.840000000000	1195.90000000000
127.940000000000	1195.90000000000
128	1195.80000000000
128.010000000000	1195.80000000000
128.020000000000	1195.80000000000
128.030000000000	1195.80000000000
128.050000000000	1195.80000000000
128.080000000000	1195.80000000000
128.150000000000	1195.90000000000
128.250000000000	1195.90000000000
128.350000000000	1196
128.450000000000	1196
128.550000000000	1196.10000000000
128.650000000000	1196.20000000000
128.750000000000	1196.20000000000
128.850000000000	1196.30000000000
128.950000000000	1196.40000000000
129	1196.40000000000
129.010000000000	1196.40000000000
129.020000000000	1196.40000000000
129.030000000000	1196.40000000000
129.050000000000	1196.40000000000
129.090000000000	1196.40000000000
129.170000000000	1196.40000000000
129.270000000000	1196.30000000000
129.370000000000	1196.30000000000
129.470000000000	1196.20000000000
129.570000000000	1196.10000000000
129.670000000000	1196.10000000000
129.770000000000	1196
129.870000000000	1195.90000000000
129.930000000000	1195.90000000000
130	1195.80000000000
130.010000000000	1195.80000000000
130.020000000000	1195.80000000000
130.050000000000	1195.80000000000
130.140000000000	1195.80000000000
130.240000000000	1195.80000000000
130.340000000000	1195.80000000000
130.440000000000	1195.80000000000
130.540000000000	1195.80000000000
130.640000000000	1195.80000000000
130.740000000000	1195.80000000000
130.840000000000	1195.80000000000
130.940000000000	1195.80000000000
131	1195.80000000000
131.010000000000	1195.80000000000
131.020000000000	1195.80000000000
131.020000000000	1195.80000000000
131.040000000000	1195.80000000000
131.080000000000	1195.70000000000
131.160000000000	1195.60000000000
131.260000000000	1195.50000000000
131.360000000000	1195.40000000000
131.460000000000	1195.30000000000
131.560000000000	1195.20000000000
131.660000000000	1195.10000000000
131.760000000000	1195
131.860000000000	1194.80000000000
131.960000000000	1194.70000000000
132	1194.70000000000
132.010000000000	1194.70000000000
132.020000000000	1194.70000000000
132.050000000000	1194.60000000000
132.110000000000	1194.70000000000
132.210000000000	1194.70000000000
132.310000000000	1194.70000000000
132.410000000000	1194.80000000000
132.510000000000	1194.80000000000
132.610000000000	1194.80000000000
132.710000000000	1194.90000000000
132.810000000000	1194.90000000000
132.910000000000	1195
133	1195
133.010000000000	1195
133.020000000000	1195.10000000000
133.050000000000	1195.10000000000
133.140000000000	1195.10000000000
133.240000000000	1195.20000000000
133.340000000000	1195.20000000000
133.440000000000	1195.30000000000
133.540000000000	1195.40000000000
133.640000000000	1195.40000000000
133.740000000000	1195.50000000000
133.840000000000	1195.50000000000
133.940000000000	1195.60000000000
134	1195.60000000000
134.010000000000	1195.60000000000
134.020000000000	1195.60000000000
134.050000000000	1195.70000000000
134.140000000000	1195.70000000000
134.240000000000	1195.70000000000
134.340000000000	1195.70000000000
134.440000000000	1195.70000000000
134.540000000000	1195.70000000000
134.640000000000	1195.70000000000
134.740000000000	1195.70000000000
134.840000000000	1195.70000000000
134.940000000000	1195.70000000000
135	1195.70000000000
135.010000000000	1195.70000000000
135.020000000000	1195.70000000000
135.040000000000	1195.70000000000
135.080000000000	1195.70000000000
135.170000000000	1195.70000000000
135.270000000000	1195.60000000000
135.370000000000	1195.60000000000
135.470000000000	1195.60000000000
135.570000000000	1195.50000000000
135.670000000000	1195.50000000000
135.770000000000	1195.50000000000
135.870000000000	1195.40000000000
135.940000000000	1195.40000000000
136	1195.40000000000
136.010000000000	1195.40000000000
136.020000000000	1195.40000000000
136.040000000000	1195.40000000000
136.070000000000	1195.40000000000
136.140000000000	1195.40000000000
136.240000000000	1195.40000000000
136.340000000000	1195.40000000000
136.440000000000	1195.50000000000
136.540000000000	1195.50000000000
136.640000000000	1195.50000000000
136.740000000000	1195.60000000000
136.840000000000	1195.60000000000
136.940000000000	1195.70000000000
137	1195.70000000000
137.010000000000	1195.70000000000
137.020000000000	1195.70000000000
137.050000000000	1195.70000000000
137.110000000000	1195.70000000000
137.210000000000	1195.70000000000
137.310000000000	1195.70000000000
137.410000000000	1195.70000000000
137.510000000000	1195.70000000000
137.610000000000	1195.60000000000
137.710000000000	1195.60000000000
137.810000000000	1195.60000000000
137.910000000000	1195.60000000000
138	1195.60000000000
138.010000000000	1195.60000000000
138.020000000000	1195.60000000000
138.030000000000	1195.60000000000
138.050000000000	1195.60000000000
138.090000000000	1195.60000000000
138.170000000000	1195.60000000000
138.270000000000	1195.60000000000
138.370000000000	1195.60000000000
138.470000000000	1195.60000000000
138.570000000000	1195.70000000000
138.670000000000	1195.70000000000
138.770000000000	1195.70000000000
138.870000000000	1195.70000000000
138.940000000000	1195.70000000000
139	1195.70000000000
139.010000000000	1195.70000000000
139.020000000000	1195.70000000000
139.050000000000	1195.70000000000
139.110000000000	1195.70000000000
139.210000000000	1195.70000000000
139.310000000000	1195.70000000000
139.410000000000	1195.70000000000
139.510000000000	1195.70000000000
139.610000000000	1195.70000000000
139.710000000000	1195.70000000000
139.810000000000	1195.70000000000
139.910000000000	1195.70000000000
140	1195.70000000000
140.010000000000	1195.70000000000
140.020000000000	1195.70000000000
140.050000000000	1195.70000000000
140.140000000000	1195.70000000000
140.240000000000	1195.70000000000
140.340000000000	1195.70000000000
140.440000000000	1195.70000000000
140.540000000000	1195.70000000000
140.640000000000	1195.70000000000
140.740000000000	1195.70000000000
140.840000000000	1195.70000000000
140.940000000000	1195.70000000000
141	1195.70000000000
141.010000000000	1195.70000000000
141.020000000000	1195.70000000000
141.050000000000	1195.70000000000
141.140000000000	1195.70000000000
141.240000000000	1195.70000000000
141.340000000000	1195.70000000000
141.440000000000	1195.70000000000
141.540000000000	1195.70000000000
141.640000000000	1195.70000000000
141.740000000000	1195.70000000000
141.840000000000	1195.70000000000
141.940000000000	1195.70000000000
142	1195.70000000000
142.010000000000	1195.70000000000
142.010000000000	1195.70000000000
142.020000000000	1195.70000000000
142.030000000000	1195.70000000000
142.050000000000	1195.70000000000
142.100000000000	1195.70000000000
142.200000000000	1195.60000000000
142.300000000000	1195.50000000000
142.400000000000	1195.30000000000
142.500000000000	1195.20000000000
142.600000000000	1195.10000000000
142.700000000000	1195
142.800000000000	1194.90000000000
142.900000000000	1194.80000000000
142.950000000000	1194.70000000000
143	1194.60000000000
143.010000000000	1194.60000000000
143.020000000000	1194.60000000000
143.040000000000	1194.60000000000
143.080000000000	1194.60000000000
143.160000000000	1194.70000000000
143.210000000000	1194.70000000000
143.250000000000	1194.80000000000
143.330000000000	1194.80000000000
143.420000000000	1194.90000000000
143.520000000000	1195
143.620000000000	1195.10000000000
143.720000000000	1195.30000000000
143.820000000000	1195.40000000000
143.920000000000	1195.50000000000
144	1195.60000000000
144.010000000000	1195.60000000000
144.020000000000	1195.60000000000
144.030000000000	1195.60000000000
144.050000000000	1195.60000000000
144.080000000000	1195.60000000000
144.150000000000	1195.50000000000
144.250000000000	1195.40000000000
144.320000000000	1195.40000000000
144.390000000000	1195.30000000000
144.490000000000	1195.20000000000
144.590000000000	1195.10000000000
144.690000000000	1195
144.790000000000	1194.90000000000
144.890000000000	1194.70000000000
144.950000000000	1194.70000000000
145	1194.60000000000
145.010000000000	1194.60000000000
145.020000000000	1194.60000000000
145.040000000000	1194.60000000000
145.070000000000	1194.60000000000
145.130000000000	1194.60000000000
145.230000000000	1194.70000000000
145.300000000000	1194.80000000000
145.360000000000	1194.80000000000
145.460000000000	1194.90000000000
145.560000000000	1195.10000000000
145.660000000000	1195.20000000000
145.760000000000	1195.30000000000
145.860000000000	1195.40000000000
145.960000000000	1195.50000000000
146	1195.60000000000
146.010000000000	1195.60000000000
146.020000000000	1195.60000000000
146.030000000000	1195.60000000000
146.050000000000	1195.60000000000
146.090000000000	1195.50000000000
146.160000000000	1195.50000000000
146.200000000000	1195.50000000000
146.240000000000	1195.40000000000
146.310000000000	1195.40000000000
146.410000000000	1195.30000000000
146.510000000000	1195.10000000000
146.610000000000	1195
146.710000000000	1194.90000000000
146.810000000000	1194.80000000000
146.910000000000	1194.70000000000
147	1194.60000000000
147.010000000000	1194.60000000000
147.020000000000	1194.60000000000
147.040000000000	1194.60000000000
147.070000000000	1194.60000000000
147.130000000000	1194.60000000000
147.230000000000	1194.70000000000
147.290000000000	1194.80000000000
147.350000000000	1194.80000000000
147.450000000000	1194.90000000000
147.550000000000	1195
147.650000000000	1195.10000000000
147.750000000000	1195.30000000000
147.850000000000	1195.40000000000
147.950000000000	1195.50000000000
148	1195.50000000000
148.010000000000	1195.60000000000
148.020000000000	1195.60000000000
148.030000000000	1195.60000000000
148.050000000000	1195.60000000000
148.090000000000	1195.50000000000
148.160000000000	1195.50000000000
148.210000000000	1195.50000000000
148.250000000000	1195.40000000000
148.320000000000	1195.30000000000
148.420000000000	1195.20000000000
148.520000000000	1195.10000000000
148.620000000000	1195
148.720000000000	1194.90000000000
148.820000000000	1194.80000000000
148.920000000000	1194.70000000000
149	1194.60000000000
149.010000000000	1194.60000000000
149.020000000000	1194.60000000000
149.050000000000	1194.60000000000
149.140000000000	1194.50000000000
149.240000000000	1194.50000000000
149.340000000000	1194.50000000000
149.440000000000	1194.50000000000
149.540000000000	1194.50000000000
149.640000000000	1194.50000000000
149.740000000000	1194.50000000000
149.840000000000	1194.50000000000
149.940000000000	1194.50000000000
150	1194.50000000000
150.010000000000	1194.50000000000
150.020000000000	1194.50000000000
150.050000000000	1194.50000000000
150.140000000000	1194.50000000000
150.240000000000	1194.40000000000
150.340000000000	1194.40000000000
150.440000000000	1194.40000000000
150.540000000000	1194.40000000000
150.640000000000	1194.40000000000
150.740000000000	1194.40000000000
150.840000000000	1194.40000000000
150.940000000000	1194.40000000000
151	1194.40000000000
151.010000000000	1194.40000000000
151.020000000000	1194.40000000000
151.050000000000	1194.40000000000
151.140000000000	1194.40000000000
151.240000000000	1194.40000000000
151.340000000000	1194.40000000000
151.440000000000	1194.40000000000
151.540000000000	1194.40000000000
151.640000000000	1194.40000000000
151.740000000000	1194.40000000000
151.840000000000	1194.40000000000
151.940000000000	1194.40000000000
152	1194.40000000000
152.010000000000	1194.40000000000
152.020000000000	1194.40000000000
152.050000000000	1194.40000000000
152.140000000000	1194.40000000000
152.240000000000	1194.40000000000
152.340000000000	1194.40000000000
152.440000000000	1194.40000000000
152.540000000000	1194.40000000000
152.640000000000	1194.40000000000
152.740000000000	1194.40000000000
152.840000000000	1194.40000000000
152.940000000000	1194.40000000000
153	1194.40000000000
153.010000000000	1194.40000000000
153.020000000000	1194.40000000000
153.050000000000	1194.40000000000
153.140000000000	1194.40000000000
153.240000000000	1194.40000000000
153.340000000000	1194.40000000000
153.440000000000	1194.40000000000
153.540000000000	1194.40000000000
153.640000000000	1194.40000000000
153.740000000000	1194.40000000000
153.840000000000	1194.40000000000
153.940000000000	1194.40000000000
154	1194.40000000000
154.010000000000	1194.40000000000
154.020000000000	1194.40000000000
154.020000000000	1194.40000000000
154.040000000000	1194.40000000000
154.070000000000	1194.40000000000
154.130000000000	1194.50000000000
154.230000000000	1194.60000000000
154.330000000000	1194.70000000000
154.430000000000	1194.80000000000
154.530000000000	1194.90000000000
154.630000000000	1195.10000000000
154.730000000000	1195.20000000000
154.830000000000	1195.30000000000
154.930000000000	1195.40000000000
155	1195.50000000000
155.010000000000	1195.50000000000
155.020000000000	1195.50000000000
155.050000000000	1195.50000000000
155.140000000000	1195.60000000000
155.240000000000	1195.60000000000
155.340000000000	1195.60000000000
155.440000000000	1195.60000000000
155.540000000000	1195.60000000000
155.640000000000	1195.60000000000
155.740000000000	1195.60000000000
155.840000000000	1195.60000000000
155.940000000000	1195.60000000000
156	1195.60000000000
156.010000000000	1195.60000000000
156.020000000000	1195.60000000000
156.030000000000	1195.60000000000
156.050000000000	1195.60000000000
156.090000000000	1195.60000000000
156.180000000000	1195.50000000000
156.270000000000	1195.40000000000
156.370000000000	1195.30000000000
156.470000000000	1195.20000000000
156.570000000000	1195.10000000000
156.670000000000	1195
156.770000000000	1194.80000000000
156.870000000000	1194.70000000000
156.940000000000	1194.70000000000
157	1194.60000000000
157.010000000000	1194.60000000000
157.020000000000	1194.60000000000
157.050000000000	1194.50000000000
157.140000000000	1194.50000000000
157.240000000000	1194.50000000000
157.340000000000	1194.50000000000
157.440000000000	1194.50000000000
157.540000000000	1194.50000000000
157.640000000000	1194.50000000000
157.740000000000	1194.50000000000
157.840000000000	1194.40000000000
157.940000000000	1194.40000000000
158	1194.40000000000
158.010000000000	1194.40000000000
158.020000000000	1194.40000000000
158.050000000000	1194.40000000000
158.110000000000	1194.50000000000
158.210000000000	1194.50000000000
158.310000000000	1194.50000000000
158.410000000000	1194.60000000000
158.510000000000	1194.60000000000
158.610000000000	1194.60000000000
158.710000000000	1194.70000000000
158.810000000000	1194.70000000000
158.910000000000	1194.70000000000
159	1194.80000000000
159.010000000000	1194.80000000000
159.020000000000	1194.80000000000
159.050000000000	1194.80000000000
159.140000000000	1194.90000000000
159.240000000000	1194.90000000000
159.340000000000	1195
159.440000000000	1195.10000000000
159.540000000000	1195.20000000000
159.640000000000	1195.20000000000
159.740000000000	1195.30000000000
159.840000000000	1195.40000000000
159.940000000000	1195.50000000000
160	1195.50000000000
160.010000000000	1195.50000000000
160.020000000000	1195.60000000000
160.030000000000	1195.60000000000
160.050000000000	1195.50000000000
160.080000000000	1195.50000000000
160.160000000000	1195.50000000000
160.260000000000	1195.40000000000
160.340000000000	1195.30000000000
160.420000000000	1195.20000000000
160.520000000000	1195.10000000000
160.620000000000	1195
160.720000000000	1194.90000000000
160.820000000000	1194.80000000000
160.920000000000	1194.70000000000
161	1194.60000000000
161.010000000000	1194.60000000000
161.020000000000	1194.50000000000
161.050000000000	1194.50000000000
161.140000000000	1194.50000000000
161.240000000000	1194.50000000000
161.340000000000	1194.50000000000
161.440000000000	1194.50000000000
161.540000000000	1194.50000000000
161.640000000000	1194.40000000000
161.740000000000	1194.40000000000
161.840000000000	1194.40000000000
161.940000000000	1194.40000000000
162	1194.40000000000
162.010000000000	1194.40000000000
162.020000000000	1194.40000000000
162.050000000000	1194.40000000000
162.140000000000	1194.40000000000
162.240000000000	1194.40000000000
162.340000000000	1194.40000000000
162.440000000000	1194.40000000000
162.540000000000	1194.40000000000
162.640000000000	1194.40000000000
162.740000000000	1194.40000000000
162.840000000000	1194.40000000000
162.940000000000	1194.40000000000
163	1194.40000000000
163.010000000000	1194.40000000000
163.020000000000	1194.40000000000
163.050000000000	1194.40000000000
163.140000000000	1194.40000000000
163.240000000000	1194.40000000000
163.340000000000	1194.40000000000
163.440000000000	1194.40000000000
163.540000000000	1194.40000000000
163.640000000000	1194.40000000000
163.740000000000	1194.40000000000
163.840000000000	1194.40000000000
163.940000000000	1194.40000000000
164	1194.40000000000
164.010000000000	1194.40000000000
164.020000000000	1194.40000000000
164.020000000000	1194.40000000000
164.040000000000	1194.40000000000
164.070000000000	1194.40000000000
164.120000000000	1194.50000000000
164.220000000000	1194.60000000000
164.320000000000	1194.70000000000
164.420000000000	1194.80000000000
164.520000000000	1194.90000000000
164.620000000000	1195
164.720000000000	1195.10000000000
164.820000000000	1195.20000000000
164.920000000000	1195.30000000000
165	1195.40000000000
165.010000000000	1195.40000000000
165.020000000000	1195.40000000000
165.040000000000	1195.40000000000
165.080000000000	1195.40000000000
165.150000000000	1195.40000000000
165.250000000000	1195.30000000000
165.320000000000	1195.20000000000
165.380000000000	1195.20000000000
165.480000000000	1195.10000000000
165.580000000000	1195
165.680000000000	1194.90000000000
165.780000000000	1194.80000000000
165.880000000000	1194.70000000000
165.940000000000	1194.60000000000
166	1194.50000000000
166.010000000000	1194.50000000000
166.020000000000	1194.50000000000
166.050000000000	1194.50000000000
166.140000000000	1194.50000000000
166.240000000000	1194.50000000000
166.340000000000	1194.50000000000
166.440000000000	1194.40000000000
166.540000000000	1194.40000000000
166.640000000000	1194.40000000000
166.740000000000	1194.40000000000
166.840000000000	1194.40000000000
166.940000000000	1194.40000000000
167	1194.40000000000
167.010000000000	1194.40000000000
167.020000000000	1194.40000000000
167.020000000000	1194.40000000000
167.040000000000	1194.40000000000
167.070000000000	1194.30000000000
167.140000000000	1194.20000000000
167.240000000000	1194
167.340000000000	1193.90000000000
167.440000000000	1193.60000000000
167.540000000000	1193.40000000000
167.640000000000	1193.20000000000
167.740000000000	1193
167.840000000000	1192.80000000000
167.940000000000	1192.60000000000
168	1192.40000000000
168.010000000000	1192.40000000000
168.020000000000	1192.40000000000
168.050000000000	1192.30000000000
168.140000000000	1192
168.240000000000	1191.60000000000
168.340000000000	1191.30000000000
168.440000000000	1190.90000000000
168.540000000000	1190.50000000000
168.640000000000	1190.10000000000
168.740000000000	1189.70000000000
168.840000000000	1189.30000000000
168.940000000000	1189
169	1188.70000000000
169.010000000000	1188.70000000000
169.020000000000	1188.60000000000
169.050000000000	1188.50000000000
169.140000000000	1188.10000000000
169.240000000000	1187.60000000000
169.340000000000	1187.20000000000
169.440000000000	1186.70000000000
169.540000000000	1186.20000000000
169.640000000000	1185.80000000000
169.740000000000	1185.30000000000
169.840000000000	1184.80000000000
169.940000000000	1184.30000000000
170	1184
170.010000000000	1184
170.020000000000	1183.90000000000
170.050000000000	1183.80000000000
170.140000000000	1183.40000000000
170.240000000000	1183
170.340000000000	1182.60000000000
170.440000000000	1182.20000000000
170.540000000000	1181.80000000000
170.640000000000	1181.40000000000
170.740000000000	1181
170.840000000000	1180.60000000000
170.940000000000	1180.20000000000
171	1180
171.010000000000	1180
171.020000000000	1179.90000000000
171.050000000000	1179.80000000000
171.140000000000	1179.40000000000
171.240000000000	1178.90000000000
171.340000000000	1178.40000000000
171.440000000000	1178
171.540000000000	1177.50000000000
171.640000000000	1177
171.740000000000	1176.60000000000
171.840000000000	1176.10000000000
171.940000000000	1175.60000000000
172	1175.30000000000
172.010000000000	1175.30000000000
172.020000000000	1175.30000000000
172.050000000000	1175.10000000000
172.140000000000	1174.80000000000
172.240000000000	1174.40000000000
172.340000000000	1174
172.440000000000	1173.60000000000
172.540000000000	1173.30000000000
172.640000000000	1172.90000000000
172.740000000000	1172.50000000000
172.840000000000	1172.20000000000
172.940000000000	1171.80000000000
173	1171.60000000000
173.010000000000	1171.50000000000
173.020000000000	1171.50000000000
173.050000000000	1171.40000000000
173.140000000000	1170.90000000000
173.240000000000	1170.40000000000
173.340000000000	1169.90000000000
173.440000000000	1169.40000000000
173.540000000000	1168.90000000000
173.640000000000	1168.40000000000
173.740000000000	1167.90000000000
173.840000000000	1167.40000000000
173.940000000000	1166.90000000000
174	1166.60000000000
174.010000000000	1166.60000000000
174.020000000000	1166.50000000000
174.050000000000	1166.40000000000
174.140000000000	1165.90000000000
174.240000000000	1165.40000000000
174.340000000000	1164.90000000000
174.440000000000	1164.40000000000
174.540000000000	1163.90000000000
174.640000000000	1163.40000000000
174.740000000000	1162.90000000000
174.840000000000	1162.40000000000
174.940000000000	1161.90000000000
175	1161.60000000000
175.010000000000	1161.50000000000
175.020000000000	1161.50000000000
175.050000000000	1161.40000000000
175.140000000000	1161
175.240000000000	1160.60000000000
175.340000000000	1160.20000000000
175.440000000000	1159.80000000000
175.540000000000	1159.40000000000
175.640000000000	1159
175.740000000000	1158.60000000000
175.840000000000	1158.20000000000
175.940000000000	1157.90000000000
176	1157.60000000000
176.010000000000	1157.60000000000
176.020000000000	1157.60000000000
176.050000000000	1157.40000000000
176.140000000000	1157
176.240000000000	1156.50000000000
176.340000000000	1156.10000000000
176.440000000000	1155.60000000000
176.540000000000	1155.10000000000
176.640000000000	1154.70000000000
176.740000000000	1154.20000000000
176.840000000000	1153.70000000000
176.940000000000	1153.20000000000
177	1152.90000000000
177.010000000000	1152.90000000000
177.020000000000	1152.80000000000
177.050000000000	1152.70000000000
177.140000000000	1152.20000000000
177.240000000000	1151.70000000000
177.340000000000	1151.20000000000
177.440000000000	1150.70000000000
177.540000000000	1150.20000000000
177.640000000000	1149.70000000000
177.740000000000	1149.10000000000
177.840000000000	1148.60000000000
177.940000000000	1148.10000000000
178	1147.80000000000
178.010000000000	1147.70000000000
178.020000000000	1147.70000000000
178.050000000000	1147.50000000000
178.140000000000	1147.20000000000
178.240000000000	1146.70000000000
178.340000000000	1146.30000000000
178.440000000000	1145.90000000000
178.540000000000	1145.50000000000
178.640000000000	1145.10000000000
178.740000000000	1144.70000000000
178.840000000000	1144.30000000000
178.940000000000	1143.90000000000
179	1143.60000000000
179.010000000000	1143.60000000000
179.020000000000	1143.60000000000
179.050000000000	1143.40000000000
179.140000000000	1143
179.240000000000	1142.60000000000
179.340000000000	1142.10000000000
179.440000000000	1141.60000000000
179.540000000000	1141.10000000000
179.640000000000	1140.70000000000
179.740000000000	1140.20000000000
179.840000000000	1139.70000000000
179.940000000000	1139.20000000000
180	1139
180.010000000000	1138.90000000000
180.020000000000	1138.90000000000
180.050000000000	1138.70000000000
180.140000000000	1138.20000000000
180.240000000000	1137.70000000000
180.340000000000	1137.20000000000
180.440000000000	1136.70000000000
180.540000000000	1136.20000000000
180.640000000000	1135.60000000000
180.740000000000	1135.10000000000
180.840000000000	1134.60000000000
180.940000000000	1134.10000000000
181	1133.80000000000
181.010000000000	1133.70000000000
181.020000000000	1133.60000000000
181.050000000000	1133.50000000000
181.140000000000	1133
181.240000000000	1132.50000000000
181.340000000000	1132
181.440000000000	1131.50000000000
181.540000000000	1131
181.640000000000	1130.50000000000
181.740000000000	1129.90000000000
181.840000000000	1129.40000000000
181.940000000000	1128.90000000000
182	1128.60000000000
182.010000000000	1128.60000000000
182.020000000000	1128.50000000000
182.050000000000	1128.40000000000
182.140000000000	1128
182.240000000000	1127.70000000000
182.340000000000	1127.30000000000
182.440000000000	1127
182.540000000000	1126.60000000000
182.640000000000	1126.30000000000
182.740000000000	1125.90000000000
182.840000000000	1125.60000000000
182.940000000000	1125.20000000000
183	1125
183.010000000000	1125
183.020000000000	1124.90000000000
183.050000000000	1124.80000000000
183.140000000000	1124.20000000000
183.240000000000	1123.60000000000
183.340000000000	1123
183.440000000000	1122.40000000000
183.540000000000	1121.70000000000
183.640000000000	1121.10000000000
183.740000000000	1120.40000000000
183.840000000000	1119.70000000000
183.940000000000	1119.10000000000
184	1118.70000000000
184.010000000000	1118.60000000000
184.020000000000	1118.50000000000
184.050000000000	1118.40000000000
184.140000000000	1117.90000000000
184.240000000000	1117.40000000000
184.340000000000	1116.90000000000
184.440000000000	1116.50000000000
184.540000000000	1116
184.640000000000	1115.50000000000
184.740000000000	1115.10000000000
184.840000000000	1114.60000000000
184.940000000000	1114.10000000000
185	1113.80000000000
185.010000000000	1113.80000000000
185.020000000000	1113.70000000000
185.050000000000	1113.60000000000
185.140000000000	1113.20000000000
185.240000000000	1112.80000000000
185.340000000000	1112.30000000000
185.440000000000	1111.90000000000
185.540000000000	1111.40000000000
185.640000000000	1111
185.740000000000	1110.60000000000
185.840000000000	1110.10000000000
185.940000000000	1109.70000000000
186	1109.40000000000
186.010000000000	1109.40000000000
186.020000000000	1109.40000000000
186.050000000000	1109.20000000000
186.140000000000	1108.80000000000
186.240000000000	1108.40000000000
186.340000000000	1107.90000000000
186.440000000000	1107.50000000000
186.540000000000	1107.10000000000
186.640000000000	1106.60000000000
186.740000000000	1106.20000000000
186.840000000000	1105.70000000000
186.940000000000	1105.30000000000
187	1105
187.010000000000	1105
187.020000000000	1104.90000000000
187.050000000000	1104.80000000000
187.140000000000	1104.30000000000
187.240000000000	1103.80000000000
187.340000000000	1103.20000000000
187.440000000000	1102.70000000000
187.540000000000	1102.10000000000
187.640000000000	1101.50000000000
187.740000000000	1101
187.840000000000	1100.40000000000
187.940000000000	1099.90000000000
188	1099.50000000000
188.010000000000	1099.50000000000
188.020000000000	1099.40000000000
188.050000000000	1099.30000000000
188.140000000000	1098.90000000000
188.240000000000	1098.50000000000
188.340000000000	1098
188.440000000000	1097.60000000000
188.540000000000	1097.20000000000
188.640000000000	1096.80000000000
188.740000000000	1096.40000000000
188.840000000000	1096
188.940000000000	1095.60000000000
189	1095.40000000000
189.010000000000	1095.30000000000
189.020000000000	1095.30000000000
189.050000000000	1095.20000000000
189.140000000000	1094.80000000000
189.240000000000	1094.40000000000
189.340000000000	1094
189.440000000000	1093.60000000000
189.540000000000	1093.20000000000
189.640000000000	1092.80000000000
189.740000000000	1092.40000000000
189.840000000000	1091.90000000000
189.940000000000	1091.50000000000
190	1091.30000000000
190.010000000000	1091.20000000000
190.020000000000	1091.20000000000
190.050000000000	1091.10000000000
190.140000000000	1090.60000000000
190.240000000000	1090
190.340000000000	1089.40000000000
190.440000000000	1088.80000000000
190.540000000000	1088.30000000000
190.640000000000	1087.70000000000
190.740000000000	1087.10000000000
190.840000000000	1086.50000000000
190.940000000000	1085.90000000000
191	1085.60000000000
191.010000000000	1085.50000000000
191.020000000000	1085.40000000000
191.050000000000	1085.30000000000
191.140000000000	1084.80000000000
191.240000000000	1084.30000000000
191.340000000000	1083.80000000000
191.440000000000	1083.30000000000
191.540000000000	1082.80000000000
191.640000000000	1082.30000000000
191.740000000000	1081.80000000000
191.840000000000	1081.30000000000
191.940000000000	1080.80000000000
192	1080.60000000000
192.010000000000	1080.50000000000
192.020000000000	1080.50000000000
192.050000000000	1080.30000000000
192.140000000000	1079.80000000000
192.240000000000	1079.30000000000
192.340000000000	1078.80000000000
192.440000000000	1078.30000000000
192.540000000000	1077.80000000000
192.640000000000	1077.30000000000
192.740000000000	1076.80000000000
192.840000000000	1076.30000000000
192.940000000000	1075.70000000000
193	1075.40000000000
193.010000000000	1075.40000000000
193.020000000000	1075.30000000000
193.050000000000	1075.20000000000
193.140000000000	1074.70000000000
193.240000000000	1074.10000000000
193.340000000000	1073.60000000000
193.440000000000	1073
193.540000000000	1072.50000000000
193.640000000000	1071.90000000000
193.740000000000	1071.40000000000
193.840000000000	1070.80000000000
193.940000000000	1070.30000000000
194	1070
194.010000000000	1069.90000000000
194.020000000000	1069.80000000000
194.050000000000	1069.70000000000
194.140000000000	1069.20000000000
194.240000000000	1068.70000000000
194.340000000000	1068.10000000000
194.440000000000	1067.60000000000
194.540000000000	1067
194.640000000000	1066.50000000000
194.740000000000	1065.90000000000
194.840000000000	1065.40000000000
194.940000000000	1064.80000000000
195	1064.50000000000
195.010000000000	1064.50000000000
195.020000000000	1064.40000000000
195.050000000000	1064.30000000000
195.140000000000	1063.90000000000
195.240000000000	1063.50000000000
195.340000000000	1063.10000000000
195.440000000000	1062.70000000000
195.540000000000	1062.30000000000
195.640000000000	1062
195.740000000000	1061.60000000000
195.840000000000	1061.20000000000
195.940000000000	1060.80000000000
196	1060.60000000000
196.010000000000	1060.60000000000
196.020000000000	1060.50000000000
196.050000000000	1060.40000000000
196.140000000000	1059.90000000000
196.240000000000	1059.50000000000
196.340000000000	1059
196.440000000000	1058.50000000000
196.540000000000	1058
196.640000000000	1057.40000000000
196.740000000000	1056.90000000000
196.840000000000	1056.40000000000
196.940000000000	1055.90000000000
197	1055.60000000000
197.010000000000	1055.60000000000
197.020000000000	1055.50000000000
197.050000000000	1055.40000000000
197.140000000000	1055
197.240000000000	1054.50000000000
197.340000000000	1054
197.440000000000	1053.60000000000
197.540000000000	1053.10000000000
197.640000000000	1052.70000000000
197.740000000000	1052.20000000000
197.840000000000	1051.80000000000
197.940000000000	1051.30000000000
198	1051
198.010000000000	1051
198.020000000000	1051
198.050000000000	1050.80000000000
198.140000000000	1050.30000000000
198.240000000000	1049.80000000000
198.340000000000	1049.30000000000
198.440000000000	1048.70000000000
198.540000000000	1048.20000000000
198.640000000000	1047.60000000000
198.740000000000	1047.10000000000
198.840000000000	1046.60000000000
198.940000000000	1046
199	1045.70000000000
199.010000000000	1045.60000000000
199.020000000000	1045.60000000000
199.050000000000	1045.40000000000
199.140000000000	1044.90000000000
199.240000000000	1044.40000000000
199.340000000000	1043.90000000000
199.440000000000	1043.30000000000
199.540000000000	1042.80000000000
199.640000000000	1042.20000000000
199.740000000000	1041.70000000000
199.840000000000	1041.20000000000
199.940000000000	1040.60000000000
200	1040.30000000000
200.010000000000	1040.20000000000
200.020000000000	1040.20000000000
200.050000000000	1040
200.140000000000	1039.50000000000
200.240000000000	1038.90000000000
200.340000000000	1038.40000000000
200.440000000000	1037.80000000000
200.540000000000	1037.20000000000
200.640000000000	1036.60000000000
200.740000000000	1036.10000000000
200.840000000000	1035.50000000000
200.940000000000	1034.90000000000
201	1034.60000000000
201.010000000000	1034.50000000000
201.020000000000	1034.50000000000
201.050000000000	1034.30000000000
201.140000000000	1033.90000000000
201.240000000000	1033.50000000000
201.340000000000	1033.10000000000
201.440000000000	1032.70000000000
201.540000000000	1032.20000000000
201.640000000000	1031.80000000000
201.740000000000	1031.40000000000
201.840000000000	1031
201.940000000000	1030.60000000000
202	1030.40000000000
202.010000000000	1030.30000000000
202.020000000000	1030.30000000000
202.050000000000	1030.20000000000
202.140000000000	1029.70000000000
202.240000000000	1029.30000000000
202.340000000000	1028.80000000000
202.440000000000	1028.30000000000
202.540000000000	1027.80000000000
202.640000000000	1027.30000000000
202.740000000000	1026.90000000000
202.840000000000	1026.40000000000
202.940000000000	1025.90000000000
203	1025.60000000000
203.010000000000	1025.60000000000
203.020000000000	1025.50000000000
203.050000000000	1025.40000000000
203.140000000000	1024.90000000000
203.240000000000	1024.40000000000
203.340000000000	1023.90000000000
203.440000000000	1023.40000000000
203.540000000000	1022.80000000000
203.640000000000	1022.30000000000
203.740000000000	1021.80000000000
203.840000000000	1021.30000000000
203.940000000000	1020.80000000000
204	1020.50000000000
204.010000000000	1020.40000000000
204.020000000000	1020.40000000000
204.050000000000	1020.20000000000
204.140000000000	1019.80000000000
204.240000000000	1019.30000000000
204.340000000000	1018.80000000000
204.440000000000	1018.30000000000
204.540000000000	1017.80000000000
204.640000000000	1017.30000000000
204.740000000000	1016.80000000000
204.840000000000	1016.30000000000
204.940000000000	1015.80000000000
205	1015.50000000000
205.010000000000	1015.50000000000
205.020000000000	1015.40000000000
205.050000000000	1015.30000000000
205.140000000000	1014.80000000000
205.240000000000	1014.40000000000
205.340000000000	1013.90000000000
205.440000000000	1013.40000000000
205.540000000000	1012.90000000000
205.640000000000	1012.40000000000
205.740000000000	1012
205.840000000000	1011.50000000000
205.940000000000	1011
206	1010.70000000000
206.010000000000	1010.70000000000
206.020000000000	1010.60000000000
206.050000000000	1010.50000000000
206.140000000000	1010
206.240000000000	1009.50000000000
206.340000000000	1009.10000000000
206.440000000000	1008.60000000000
206.540000000000	1008.10000000000
206.640000000000	1007.60000000000
206.740000000000	1007.10000000000
206.840000000000	1006.60000000000
206.940000000000	1006.10000000000
207	1005.80000000000
207.010000000000	1005.80000000000
207.020000000000	1005.70000000000
207.050000000000	1005.50000000000
207.140000000000	1005
207.240000000000	1004.40000000000
207.340000000000	1003.80000000000
207.440000000000	1003.20000000000
207.540000000000	1002.60000000000
207.640000000000	1002
207.740000000000	1001.30000000000
207.840000000000	1000.70000000000
207.940000000000	1000.10000000000
208	999.730000000000
208.010000000000	999.670000000000
208.020000000000	999.620000000000
208.050000000000	999.460000000000
208.140000000000	999.010000000000
208.240000000000	998.520000000000
208.340000000000	998.040000000000
208.440000000000	997.570000000000
208.540000000000	997.090000000000
208.640000000000	996.630000000000
208.740000000000	996.160000000000
208.840000000000	995.690000000000
208.940000000000	995.220000000000
209	994.940000000000
209.010000000000	994.900000000000
209.020000000000	994.850000000000
209.050000000000	994.720000000000
209.140000000000	994.340000000000
209.240000000000	993.910000000000
209.340000000000	993.490000000000
209.440000000000	993.070000000000
209.540000000000	992.650000000000
209.640000000000	992.240000000000
209.740000000000	991.820000000000
209.840000000000	991.410000000000
209.940000000000	990.990000000000
210	990.740000000000
210.010000000000	990.700000000000
210.020000000000	990.660000000000
210.050000000000	990.510000000000
210.140000000000	990.060000000000
210.240000000000	989.540000000000
210.340000000000	989.020000000000
210.440000000000	988.500000000000
210.540000000000	987.970000000000
210.640000000000	987.440000000000
210.740000000000	986.920000000000
210.840000000000	986.390000000000
210.940000000000	985.860000000000
211	985.540000000000
211.010000000000	985.480000000000
211.020000000000	985.430000000000
211.050000000000	985.260000000000
211.140000000000	984.760000000000
211.240000000000	984.200000000000
211.340000000000	983.640000000000
211.440000000000	983.080000000000
211.540000000000	982.510000000000
211.640000000000	981.950000000000
211.740000000000	981.380000000000
211.840000000000	980.820000000000
211.940000000000	980.250000000000
212	979.910000000000
212.010000000000	979.850000000000
212.020000000000	979.800000000000
212.050000000000	979.660000000000
212.140000000000	979.250000000000
212.240000000000	978.810000000000
212.340000000000	978.380000000000
212.440000000000	977.950000000000
212.540000000000	977.520000000000
212.640000000000	977.100000000000
212.740000000000	976.680000000000
212.840000000000	976.250000000000
212.940000000000	975.830000000000
213	975.580000000000
213.010000000000	975.540000000000
213.020000000000	975.500000000000
213.050000000000	975.360000000000
213.140000000000	974.940000000000
213.240000000000	974.470000000000
213.340000000000	973.990000000000
213.440000000000	973.520000000000
213.540000000000	973.040000000000
213.640000000000	972.560000000000
213.740000000000	972.080000000000
213.840000000000	971.610000000000
213.940000000000	971.130000000000
214	970.840000000000
214.010000000000	970.790000000000
214.020000000000	970.740000000000
214.050000000000	970.580000000000
214.140000000000	970.070000000000
214.240000000000	969.500000000000
214.340000000000	968.920000000000
214.440000000000	968.340000000000
214.540000000000	967.760000000000
214.640000000000	967.170000000000
214.740000000000	966.590000000000
214.840000000000	966
214.940000000000	965.410000000000
215	965.060000000000
215.010000000000	965
215.020000000000	964.940000000000
215.050000000000	964.790000000000
215.140000000000	964.330000000000
215.240000000000	963.830000000000
215.340000000000	963.340000000000
215.440000000000	962.850000000000
215.540000000000	962.370000000000
215.640000000000	961.880000000000
215.740000000000	961.400000000000
215.840000000000	960.910000000000
215.940000000000	960.430000000000
216	960.140000000000
216.010000000000	960.090000000000
216.020000000000	960.040000000000
216.050000000000	959.890000000000
216.140000000000	959.420000000000
216.240000000000	958.890000000000
216.340000000000	958.360000000000
216.440000000000	957.820000000000
216.540000000000	957.290000000000
216.640000000000	956.760000000000
216.740000000000	956.220000000000
216.840000000000	955.690000000000
216.940000000000	955.150000000000
217	954.830000000000
217.010000000000	954.780000000000
217.020000000000	954.730000000000
217.050000000000	954.580000000000
217.140000000000	954.160000000000
217.240000000000	953.700000000000
217.340000000000	953.250000000000
217.440000000000	952.790000000000
217.540000000000	952.340000000000
217.640000000000	951.890000000000
217.740000000000	951.440000000000
217.840000000000	950.990000000000
217.940000000000	950.550000000000
218	950.280000000000
218.010000000000	950.230000000000
218.020000000000	950.180000000000
218.050000000000	950.040000000000
218.140000000000	949.580000000000
218.240000000000	949.070000000000
218.340000000000	948.550000000000
218.440000000000	948.030000000000
218.540000000000	947.500000000000
218.640000000000	946.980000000000
218.740000000000	946.460000000000
218.840000000000	945.930000000000
218.940000000000	945.410000000000
219	945.090000000000
219.010000000000	945.040000000000
219.020000000000	944.990000000000
219.050000000000	944.820000000000
219.140000000000	944.320000000000
219.240000000000	943.760000000000
219.340000000000	943.200000000000
219.440000000000	942.640000000000
219.540000000000	942.080000000000
219.640000000000	941.510000000000
219.740000000000	940.950000000000
219.840000000000	940.380000000000
219.940000000000	939.820000000000
220	939.480000000000
220.010000000000	939.420000000000
220.020000000000	939.370000000000
220.050000000000	939.210000000000
220.140000000000	938.750000000000
220.240000000000	938.230000000000
220.340000000000	937.730000000000
220.440000000000	937.220000000000
220.540000000000	936.720000000000
220.640000000000	936.210000000000
220.740000000000	935.710000000000
220.840000000000	935.210000000000
220.940000000000	934.700000000000
221	934.400000000000
221.010000000000	934.350000000000
221.020000000000	934.300000000000
221.050000000000	934.160000000000
221.140000000000	933.740000000000
221.240000000000	933.280000000000
221.340000000000	932.820000000000
221.440000000000	932.360000000000
221.540000000000	931.900000000000
221.640000000000	931.450000000000
221.740000000000	930.990000000000
221.840000000000	930.540000000000
221.940000000000	930.080000000000
222	929.810000000000
222.010000000000	929.760000000000
222.020000000000	929.720000000000
222.050000000000	929.570000000000
222.140000000000	929.130000000000
222.240000000000	928.640000000000
222.340000000000	928.140000000000
222.440000000000	927.650000000000
222.540000000000	927.150000000000
222.640000000000	926.660000000000
222.740000000000	926.160000000000
222.840000000000	925.660000000000
222.940000000000	925.160000000000
223	924.860000000000
223.010000000000	924.810000000000
223.020000000000	924.760000000000
223.050000000000	924.590000000000
223.140000000000	924.080000000000
223.240000000000	923.500000000000
223.340000000000	922.920000000000
223.440000000000	922.330000000000
223.540000000000	921.740000000000
223.640000000000	921.150000000000
223.740000000000	920.560000000000
223.840000000000	919.970000000000
223.940000000000	919.380000000000
224	919.020000000000
224.010000000000	918.970000000000
224.020000000000	918.910000000000
224.050000000000	918.770000000000
224.140000000000	918.390000000000
224.240000000000	917.990000000000
224.340000000000	917.600000000000
224.440000000000	917.220000000000
224.540000000000	916.840000000000
224.640000000000	916.460000000000
224.740000000000	916.080000000000
224.840000000000	915.710000000000
224.940000000000	915.340000000000
225	915.120000000000
225.010000000000	915.080000000000
225.020000000000	915.030000000000
225.050000000000	914.880000000000
225.140000000000	914.400000000000
225.240000000000	913.850000000000
225.340000000000	913.280000000000
225.440000000000	912.710000000000
225.540000000000	912.140000000000
225.640000000000	911.560000000000
225.740000000000	910.990000000000
225.840000000000	910.410000000000
225.940000000000	909.820000000000
226	909.470000000000
226.010000000000	909.420000000000
226.020000000000	909.370000000000
226.050000000000	909.220000000000
226.140000000000	908.810000000000
226.240000000000	908.360000000000
226.340000000000	907.920000000000
226.440000000000	907.490000000000
226.540000000000	907.060000000000
226.640000000000	906.630000000000
226.740000000000	906.200000000000
226.840000000000	905.780000000000
226.940000000000	905.350000000000
227	905.100000000000
227.010000000000	905.050000000000
227.020000000000	905
227.050000000000	904.830000000000
227.140000000000	904.280000000000
227.240000000000	903.640000000000
227.340000000000	903
227.440000000000	902.350000000000
227.540000000000	901.690000000000
227.640000000000	901.030000000000
227.740000000000	900.370000000000
227.840000000000	899.700000000000
227.940000000000	899.040000000000
228	898.630000000000
228.010000000000	898.570000000000
228.020000000000	898.520000000000
228.050000000000	898.370000000000
228.140000000000	897.970000000000
228.240000000000	897.560000000000
228.340000000000	897.170000000000
228.440000000000	896.780000000000
228.540000000000	896.390000000000
228.640000000000	896.010000000000
228.740000000000	895.630000000000
228.840000000000	895.260000000000
228.940000000000	894.890000000000
229	894.660000000000
229.010000000000	894.620000000000
229.020000000000	894.580000000000
229.050000000000	894.440000000000
229.140000000000	894.010000000000
229.240000000000	893.510000000000
229.340000000000	893
229.440000000000	892.490000000000
229.540000000000	891.980000000000
229.640000000000	891.470000000000
229.740000000000	890.960000000000
229.840000000000	890.440000000000
229.940000000000	889.920000000000
230	889.620000000000
230.010000000000	889.560000000000
230.020000000000	889.510000000000
230.050000000000	889.360000000000
230.140000000000	888.910000000000
230.240000000000	888.420000000000
230.340000000000	887.920000000000
230.440000000000	887.430000000000
230.540000000000	886.930000000000
230.640000000000	886.440000000000
230.740000000000	885.940000000000
230.840000000000	885.450000000000
230.940000000000	884.950000000000
231	884.650000000000
231.010000000000	884.600000000000
231.020000000000	884.560000000000
231.050000000000	884.420000000000
231.140000000000	884.010000000000
231.240000000000	883.550000000000
231.340000000000	883.100000000000
231.440000000000	882.650000000000
231.540000000000	882.200000000000
231.640000000000	881.760000000000
231.740000000000	881.310000000000
231.840000000000	880.860000000000
231.940000000000	880.420000000000
232	880.150000000000
232.010000000000	880.100000000000
232.020000000000	880.060000000000
232.050000000000	879.910000000000
232.140000000000	879.480000000000
232.240000000000	878.990000000000
232.340000000000	878.500000000000
232.440000000000	878.010000000000
232.540000000000	877.510000000000
232.640000000000	877.020000000000
232.740000000000	876.530000000000
232.840000000000	876.030000000000
232.940000000000	875.540000000000
233	875.240000000000
233.010000000000	875.190000000000
233.020000000000	875.140000000000
233.050000000000	874.970000000000
233.140000000000	874.450000000000
233.240000000000	873.860000000000
233.340000000000	873.270000000000
233.440000000000	872.670000000000
233.540000000000	872.070000000000
233.640000000000	871.470000000000
233.740000000000	870.870000000000
233.840000000000	870.270000000000
233.940000000000	869.660000000000
234	869.300000000000
234.010000000000	869.240000000000
234.020000000000	869.180000000000
234.050000000000	869.020000000000
234.140000000000	868.550000000000
234.240000000000	868.040000000000
234.340000000000	867.540000000000
234.440000000000	867.040000000000
234.540000000000	866.540000000000
234.640000000000	866.040000000000
234.740000000000	865.540000000000
234.840000000000	865.040000000000
234.940000000000	864.550000000000
235	864.250000000000
235.010000000000	864.200000000000
235.020000000000	864.150000000000
235.050000000000	864
235.140000000000	863.560000000000
235.240000000000	863.060000000000
235.340000000000	862.570000000000
235.440000000000	862.070000000000
235.540000000000	861.580000000000
235.640000000000	861.080000000000
235.740000000000	860.590000000000
235.840000000000	860.100000000000
235.940000000000	859.600000000000
236	859.310000000000
236.010000000000	859.260000000000
236.020000000000	859.210000000000
236.050000000000	859.070000000000
236.140000000000	858.640000000000
236.240000000000	858.160000000000
236.340000000000	857.690000000000
236.440000000000	857.220000000000
236.540000000000	856.750000000000
236.640000000000	856.280000000000
236.740000000000	855.810000000000
236.840000000000	855.330000000000
236.940000000000	854.860000000000
237	854.580000000000
237.010000000000	854.530000000000
237.020000000000	854.490000000000
237.050000000000	854.340000000000
237.140000000000	853.900000000000
237.240000000000	853.420000000000
237.340000000000	852.930000000000
237.440000000000	852.440000000000
237.540000000000	851.950000000000
237.640000000000	851.460000000000
237.740000000000	850.970000000000
237.840000000000	850.480000000000
237.940000000000	849.990000000000
238	849.690000000000
238.010000000000	849.640000000000
238.020000000000	849.600000000000
238.050000000000	849.460000000000
238.140000000000	849.050000000000
238.240000000000	848.590000000000
238.340000000000	848.140000000000
238.440000000000	847.690000000000
238.540000000000	847.250000000000
238.640000000000	846.800000000000
238.740000000000	846.350000000000
238.840000000000	845.910000000000
238.940000000000	845.460000000000
239	845.190000000000
239.010000000000	845.150000000000
239.020000000000	845.090000000000
239.050000000000	844.920000000000
239.140000000000	844.360000000000
239.240000000000	843.710000000000
239.340000000000	843.050000000000
239.440000000000	842.390000000000
239.540000000000	841.720000000000
239.640000000000	841.050000000000
239.740000000000	840.370000000000
239.840000000000	839.700000000000
239.940000000000	839.020000000000
240	838.610000000000
240.010000000000	838.550000000000
240.020000000000	838.490000000000
240.050000000000	838.330000000000
240.140000000000	837.910000000000
240.240000000000	837.460000000000
240.340000000000	837.020000000000
240.440000000000	836.590000000000
240.540000000000	836.170000000000
240.640000000000	835.740000000000
240.740000000000	835.320000000000
240.840000000000	834.900000000000
240.940000000000	834.490000000000
241	834.240000000000
241.010000000000	834.190000000000
241.020000000000	834.150000000000
241.050000000000	834.010000000000
241.140000000000	833.580000000000
241.240000000000	833.100000000000
241.340000000000	832.620000000000
241.440000000000	832.130000000000
241.540000000000	831.640000000000
241.640000000000	831.160000000000
241.740000000000	830.670000000000
241.840000000000	830.180000000000
241.940000000000	829.690000000000
242	829.400000000000
242.010000000000	829.350000000000
242.020000000000	829.310000000000
242.050000000000	829.180000000000
242.140000000000	828.810000000000
242.240000000000	828.420000000000
242.340000000000	828.030000000000
242.440000000000	827.640000000000
242.540000000000	827.260000000000
242.640000000000	826.870000000000
242.740000000000	826.490000000000
242.840000000000	826.110000000000
242.940000000000	825.730000000000
243	825.500000000000
243.010000000000	825.460000000000
243.020000000000	825.410000000000
243.050000000000	825.260000000000
243.140000000000	824.780000000000
243.240000000000	824.220000000000
243.340000000000	823.660000000000
243.440000000000	823.090000000000
243.540000000000	822.520000000000
243.640000000000	821.940000000000
243.740000000000	821.360000000000
243.840000000000	820.780000000000
243.940000000000	820.200000000000
244	819.850000000000
244.010000000000	819.800000000000
244.020000000000	819.740000000000
244.050000000000	819.590000000000
244.140000000000	819.130000000000
244.240000000000	818.630000000000
244.340000000000	818.130000000000
244.440000000000	817.640000000000
244.540000000000	817.150000000000
244.640000000000	816.660000000000
244.740000000000	816.170000000000
244.840000000000	815.680000000000
244.940000000000	815.190000000000
245	814.900000000000
245.010000000000	814.850000000000
245.020000000000	814.800000000000
245.050000000000	814.660000000000
245.140000000000	814.230000000000
245.240000000000	813.760000000000
245.340000000000	813.290000000000
245.440000000000	812.820000000000
245.540000000000	812.350000000000
245.640000000000	811.880000000000
245.740000000000	811.410000000000
245.840000000000	810.950000000000
245.940000000000	810.480000000000
246	810.200000000000
246.010000000000	810.150000000000
246.020000000000	810.100000000000
246.050000000000	809.940000000000
246.140000000000	809.460000000000
246.240000000000	808.910000000000
246.340000000000	808.360000000000
246.440000000000	807.800000000000
246.540000000000	807.240000000000
246.640000000000	806.690000000000
246.740000000000	806.130000000000
246.840000000000	805.570000000000
246.940000000000	805
247	804.670000000000
247.010000000000	804.610000000000
247.020000000000	804.560000000000
247.050000000000	804.400000000000
247.140000000000	803.950000000000
247.240000000000	803.450000000000
247.340000000000	802.950000000000
247.440000000000	802.450000000000
247.540000000000	801.950000000000
247.640000000000	801.460000000000
247.740000000000	800.960000000000
247.840000000000	800.470000000000
247.940000000000	799.980000000000
248	799.680000000000
248.010000000000	799.630000000000
248.020000000000	799.580000000000
248.050000000000	799.440000000000
248.140000000000	799.010000000000
248.240000000000	798.540000000000
248.340000000000	798.070000000000
248.440000000000	797.600000000000
248.540000000000	797.130000000000
248.640000000000	796.660000000000
248.740000000000	796.190000000000
248.840000000000	795.730000000000
248.940000000000	795.260000000000
249	794.980000000000
249.010000000000	794.930000000000
249.020000000000	794.880000000000
249.050000000000	794.740000000000
249.140000000000	794.310000000000
249.240000000000	793.840000000000
249.340000000000	793.360000000000
249.440000000000	792.890000000000
249.540000000000	792.410000000000
249.640000000000	791.930000000000
249.740000000000	791.460000000000
249.840000000000	790.980000000000
249.940000000000	790.500000000000
250	790.220000000000
250.010000000000	790.170000000000
250.020000000000	790.120000000000
250.050000000000	789.980000000000
250.140000000000	789.560000000000
250.240000000000	789.100000000000
250.340000000000	788.630000000000
250.440000000000	788.170000000000
250.540000000000	787.710000000000
250.640000000000	787.240000000000
250.740000000000	786.780000000000
250.840000000000	786.320000000000
250.940000000000	785.860000000000
251	785.580000000000
251.010000000000	785.530000000000
251.020000000000	785.490000000000
251.050000000000	785.340000000000
251.140000000000	784.910000000000
251.240000000000	784.430000000000
251.340000000000	783.950000000000
251.440000000000	783.470000000000
251.540000000000	782.990000000000
251.640000000000	782.500000000000
251.740000000000	782.020000000000
251.840000000000	781.540000000000
251.940000000000	781.050000000000
252	780.760000000000
252.010000000000	780.710000000000
252.020000000000	780.660000000000
252.050000000000	780.500000000000
252.140000000000	780.010000000000
252.240000000000	779.450000000000
252.340000000000	778.890000000000
252.440000000000	778.320000000000
252.540000000000	777.760000000000
252.640000000000	777.190000000000
252.740000000000	776.620000000000
252.840000000000	776.050000000000
252.940000000000	775.480000000000
253	775.140000000000
253.010000000000	775.080000000000
253.020000000000	775.030000000000
253.050000000000	774.870000000000
253.140000000000	774.420000000000
253.240000000000	773.920000000000
253.340000000000	773.420000000000
253.440000000000	772.930000000000
253.540000000000	772.440000000000
253.640000000000	771.950000000000
253.740000000000	771.460000000000
253.840000000000	770.970000000000
253.940000000000	770.480000000000
254	770.190000000000
254.010000000000	770.140000000000
254.020000000000	770.090000000000
254.050000000000	769.950000000000
254.140000000000	769.540000000000
254.240000000000	769.080000000000
254.340000000000	768.620000000000
254.440000000000	768.170000000000
254.540000000000	767.710000000000
254.640000000000	767.260000000000
254.740000000000	766.800000000000
254.840000000000	766.350000000000
254.940000000000	765.900000000000
255	765.630000000000
255.010000000000	765.580000000000
255.020000000000	765.540000000000
255.050000000000	765.400000000000
255.140000000000	764.990000000000
255.240000000000	764.520000000000
255.340000000000	764.060000000000
255.440000000000	763.600000000000
255.540000000000	763.140000000000
255.640000000000	762.680000000000
255.740000000000	762.220000000000
255.840000000000	761.760000000000
255.940000000000	761.300000000000
256	761.020000000000
256.010000000000	760.980000000000
256.020000000000	760.930000000000
256.050000000000	760.810000000000
256.140000000000	760.440000000000
256.240000000000	760.030000000000
256.340000000000	759.620000000000
256.440000000000	759.220000000000
256.540000000000	758.820000000000
256.640000000000	758.410000000000
256.740000000000	758.010000000000
256.840000000000	757.610000000000
256.940000000000	757.210000000000
257	756.970000000000
257.010000000000	756.930000000000
257.020000000000	756.880000000000
257.050000000000	756.740000000000
257.140000000000	756.270000000000
257.240000000000	755.740000000000
257.340000000000	755.200000000000
257.440000000000	754.660000000000
257.540000000000	754.120000000000
257.640000000000	753.570000000000
257.740000000000	753.020000000000
257.840000000000	752.470000000000
257.940000000000	751.920000000000
258	751.590000000000
258.010000000000	751.540000000000
258.020000000000	751.490000000000
258.050000000000	751.350000000000
258.140000000000	750.980000000000
258.240000000000	750.570000000000
258.340000000000	750.170000000000
258.440000000000	749.770000000000
258.540000000000	749.380000000000
258.640000000000	748.980000000000
258.740000000000	748.590000000000
258.840000000000	748.210000000000
258.940000000000	747.820000000000
259	747.580000000000
259.010000000000	747.540000000000
259.020000000000	747.500000000000
259.050000000000	747.350000000000
259.140000000000	746.870000000000
259.240000000000	746.330000000000
259.340000000000	745.780000000000
259.440000000000	745.230000000000
259.540000000000	744.670000000000
259.640000000000	744.110000000000
259.740000000000	743.550000000000
259.840000000000	742.990000000000
259.940000000000	742.420000000000
260	742.090000000000
260.010000000000	742.030000000000
260.020000000000	741.980000000000
260.050000000000	741.840000000000
260.140000000000	741.440000000000
260.240000000000	741.020000000000
260.340000000000	740.600000000000
260.440000000000	740.180000000000
260.540000000000	739.760000000000
260.640000000000	739.350000000000
260.740000000000	738.940000000000
260.840000000000	738.530000000000
260.940000000000	738.120000000000
261	737.870000000000
261.010000000000	737.830000000000
261.020000000000	737.790000000000
261.050000000000	737.640000000000
261.140000000000	737.190000000000
261.240000000000	736.670000000000
261.340000000000	736.150000000000
261.440000000000	735.630000000000
261.540000000000	735.110000000000
261.640000000000	734.580000000000
261.740000000000	734.060000000000
261.840000000000	733.530000000000
261.940000000000	733
262	732.690000000000
262.010000000000	732.640000000000
262.020000000000	732.590000000000
262.050000000000	732.480000000000
262.140000000000	732.170000000000
262.240000000000	731.860000000000
262.340000000000	731.550000000000
262.440000000000	731.250000000000
262.540000000000	730.950000000000
262.640000000000	730.650000000000
262.740000000000	730.360000000000
262.840000000000	730.070000000000
262.940000000000	729.780000000000
263	729.610000000000
263.010000000000	729.580000000000
263.020000000000	729.550000000000
263.050000000000	729.450000000000
263.140000000000	729.130000000000
263.240000000000	728.770000000000
263.340000000000	728.410000000000
263.440000000000	728.050000000000
263.540000000000	727.690000000000
263.640000000000	727.330000000000
263.740000000000	726.970000000000
263.840000000000	726.600000000000
263.940000000000	726.240000000000
264	726.020000000000
264.010000000000	725.980000000000
264.020000000000	725.940000000000
264.050000000000	725.800000000000
264.140000000000	725.350000000000
264.240000000000	724.840000000000
264.340000000000	724.320000000000
264.440000000000	723.800000000000
264.540000000000	723.270000000000
264.640000000000	722.740000000000
264.740000000000	722.210000000000
264.840000000000	721.670000000000
264.940000000000	721.140000000000
265	720.820000000000
265.010000000000	720.770000000000
265.020000000000	720.720000000000
265.050000000000	720.590000000000
265.140000000000	720.230000000000
265.240000000000	719.840000000000
265.340000000000	719.460000000000
265.440000000000	719.080000000000
265.540000000000	718.710000000000
265.640000000000	718.340000000000
265.740000000000	717.970000000000
265.840000000000	717.600000000000
265.940000000000	717.230000000000
266	717.010000000000
266.010000000000	716.970000000000
266.020000000000	716.930000000000
266.050000000000	716.800000000000
266.140000000000	716.400000000000
266.240000000000	715.950000000000
266.340000000000	715.500000000000
266.440000000000	715.050000000000
266.540000000000	714.590000000000
266.640000000000	714.130000000000
266.740000000000	713.670000000000
266.840000000000	713.210000000000
266.940000000000	712.750000000000
267	712.480000000000
267.010000000000	712.430000000000
267.020000000000	712.390000000000
267.050000000000	712.250000000000
267.140000000000	711.820000000000
267.240000000000	711.350000000000
267.340000000000	710.880000000000
267.440000000000	710.410000000000
267.540000000000	709.940000000000
267.640000000000	709.460000000000
267.740000000000	708.990000000000
267.840000000000	708.520000000000
267.940000000000	708.040000000000
268	707.760000000000
268.010000000000	707.710000000000
268.020000000000	707.660000000000
268.050000000000	707.530000000000
268.140000000000	707.110000000000
268.240000000000	706.660000000000
268.340000000000	706.200000000000
268.440000000000	705.750000000000
268.540000000000	705.300000000000
268.640000000000	704.840000000000
268.740000000000	704.390000000000
268.840000000000	703.940000000000
268.940000000000	703.480000000000
269	703.210000000000
269.010000000000	703.170000000000
269.020000000000	703.130000000000
269.050000000000	703.030000000000
269.140000000000	702.760000000000
269.240000000000	702.480000000000
269.340000000000	702.200000000000
269.440000000000	701.930000000000
269.540000000000	701.660000000000
269.640000000000	701.400000000000
269.740000000000	701.140000000000
269.840000000000	700.880000000000
269.940000000000	700.620000000000
270	700.460000000000
270.010000000000	700.430000000000
270.020000000000	700.400000000000
270.050000000000	700.280000000000
270.140000000000	699.900000000000
270.240000000000	699.460000000000
270.340000000000	699.010000000000
270.440000000000	698.550000000000
270.540000000000	698.100000000000
270.640000000000	697.640000000000
270.740000000000	697.170000000000
270.840000000000	696.710000000000
270.940000000000	696.250000000000
271	695.970000000000
271.010000000000	695.920000000000
271.020000000000	695.880000000000
271.050000000000	695.770000000000
271.140000000000	695.440000000000
271.240000000000	695.100000000000
271.340000000000	694.760000000000
271.440000000000	694.420000000000
271.540000000000	694.080000000000
271.640000000000	693.750000000000
271.740000000000	693.410000000000
271.840000000000	693.080000000000
271.940000000000	692.750000000000
272	692.550000000000
272.010000000000	692.510000000000
272.020000000000	692.480000000000
272.050000000000	692.370000000000
272.140000000000	692.040000000000
272.240000000000	691.670000000000
272.340000000000	691.300000000000
272.440000000000	690.930000000000
272.540000000000	690.560000000000
272.640000000000	690.190000000000
272.740000000000	689.820000000000
272.840000000000	689.450000000000
272.940000000000	689.070000000000
273	688.850000000000
273.010000000000	688.810000000000
273.020000000000	688.780000000000
273.050000000000	688.670000000000
273.140000000000	688.340000000000
273.240000000000	687.980000000000
273.340000000000	687.620000000000
273.440000000000	687.260000000000
273.540000000000	686.900000000000
273.640000000000	686.540000000000
273.740000000000	686.180000000000
273.840000000000	685.820000000000
273.940000000000	685.460000000000
274	685.240000000000
274.010000000000	685.200000000000
274.020000000000	685.170000000000
274.050000000000	685.050000000000
274.140000000000	684.680000000000
274.240000000000	684.260000000000
274.340000000000	683.850000000000
274.440000000000	683.430000000000
274.540000000000	683.010000000000
274.640000000000	682.590000000000
274.740000000000	682.160000000000
274.840000000000	681.740000000000
274.940000000000	681.320000000000
275	681.070000000000
275.010000000000	681.020000000000
275.020000000000	680.990000000000
275.050000000000	680.870000000000
275.140000000000	680.540000000000
275.240000000000	680.170000000000
275.340000000000	679.810000000000
275.440000000000	679.450000000000
275.540000000000	679.090000000000
275.640000000000	678.740000000000
275.740000000000	678.380000000000
275.840000000000	678.020000000000
275.940000000000	677.670000000000
276	677.450000000000
276.010000000000	677.420000000000
276.020000000000	677.380000000000
276.050000000000	677.270000000000
276.140000000000	676.930000000000
276.240000000000	676.540000000000
276.340000000000	676.160000000000
276.440000000000	675.770000000000
276.540000000000	675.390000000000
276.640000000000	675
276.740000000000	674.620000000000
276.840000000000	674.230000000000
276.940000000000	673.850000000000
277	673.620000000000
277.010000000000	673.580000000000
277.020000000000	673.540000000000
277.050000000000	673.430000000000
277.140000000000	673.100000000000
277.240000000000	672.740000000000
277.340000000000	672.380000000000
277.440000000000	672.020000000000
277.540000000000	671.670000000000
277.640000000000	671.310000000000
277.740000000000	670.950000000000
277.840000000000	670.600000000000
277.940000000000	670.240000000000
278	670.020000000000
278.010000000000	669.990000000000
278.020000000000	669.950000000000
278.050000000000	669.830000000000
278.140000000000	669.450000000000
278.240000000000	669.020000000000
278.340000000000	668.590000000000
278.440000000000	668.160000000000
278.540000000000	667.730000000000
278.640000000000	667.300000000000
278.740000000000	666.860000000000
278.840000000000	666.430000000000
278.940000000000	665.990000000000
279	665.730000000000
279.010000000000	665.690000000000
279.020000000000	665.650000000000
279.050000000000	665.560000000000
279.140000000000	665.310000000000
279.240000000000	665.040000000000
279.340000000000	664.780000000000
279.440000000000	664.530000000000
279.540000000000	664.280000000000
279.640000000000	664.040000000000
279.740000000000	663.790000000000
279.840000000000	663.550000000000
279.940000000000	663.310000000000
280	663.160000000000
280.010000000000	663.140000000000
280.020000000000	663.110000000000
280.050000000000	663.010000000000
280.140000000000	662.710000000000
280.240000000000	662.370000000000
280.340000000000	662.020000000000
280.440000000000	661.680000000000
280.540000000000	661.330000000000
280.640000000000	660.970000000000
280.740000000000	660.620000000000
280.840000000000	660.270000000000
280.940000000000	659.910000000000
281	659.700000000000
281.010000000000	659.670000000000
281.020000000000	659.630000000000
281.050000000000	659.520000000000
281.140000000000	659.210000000000
281.240000000000	658.850000000000
281.340000000000	658.500000000000
281.440000000000	658.140000000000
281.540000000000	657.790000000000
281.640000000000	657.430000000000
281.740000000000	657.080000000000
281.840000000000	656.720000000000
281.940000000000	656.370000000000
282	656.150000000000
282.010000000000	656.120000000000
282.020000000000	656.080000000000
282.050000000000	655.980000000000
282.140000000000	655.670000000000
282.240000000000	655.340000000000
282.340000000000	655
282.440000000000	654.660000000000
282.540000000000	654.320000000000
282.640000000000	653.990000000000
282.740000000000	653.650000000000
282.840000000000	653.310000000000
282.940000000000	652.980000000000
283	652.780000000000
283.010000000000	652.740000000000
283.020000000000	652.710000000000
283.050000000000	652.600000000000
283.140000000000	652.290000000000
283.240000000000	651.940000000000
283.340000000000	651.590000000000
283.440000000000	651.240000000000
283.540000000000	650.880000000000
283.640000000000	650.530000000000
283.740000000000	650.180000000000
283.840000000000	649.830000000000
283.940000000000	649.480000000000
284	649.260000000000
284.010000000000	649.230000000000
284.020000000000	649.190000000000
284.050000000000	649.090000000000
284.140000000000	648.770000000000
284.240000000000	648.410000000000
284.340000000000	648.060000000000
284.440000000000	647.710000000000
284.540000000000	647.350000000000
284.640000000000	647
284.740000000000	646.640000000000
284.840000000000	646.290000000000
284.940000000000	645.930000000000
285	645.720000000000
285.010000000000	645.680000000000
285.020000000000	645.650000000000
285.050000000000	645.550000000000
285.140000000000	645.240000000000
285.240000000000	644.910000000000
285.340000000000	644.570000000000
285.440000000000	644.240000000000
285.540000000000	643.900000000000
285.640000000000	643.570000000000
285.740000000000	643.240000000000
285.840000000000	642.900000000000
285.940000000000	642.570000000000
286	642.370000000000
286.010000000000	642.340000000000
286.020000000000	642.310000000000
286.050000000000	642.230000000000
286.140000000000	641.990000000000
286.240000000000	641.740000000000
286.340000000000	641.490000000000
286.440000000000	641.240000000000
286.540000000000	641
286.640000000000	640.750000000000
286.740000000000	640.510000000000
286.840000000000	640.270000000000
286.940000000000	640.030000000000
287	639.880000000000
287.010000000000	639.860000000000
287.020000000000	639.830000000000
287.050000000000	639.730000000000
287.140000000000	639.430000000000
287.240000000000	639.090000000000
287.340000000000	638.740000000000
287.440000000000	638.390000000000
287.540000000000	638.040000000000
287.640000000000	637.680000000000
287.740000000000	637.330000000000
287.840000000000	636.970000000000
287.940000000000	636.620000000000
288	636.400000000000
288.010000000000	636.370000000000
288.020000000000	636.330000000000
288.050000000000	636.230000000000
288.140000000000	635.930000000000
288.240000000000	635.600000000000
288.340000000000	635.270000000000
288.440000000000	634.940000000000
288.540000000000	634.620000000000
288.640000000000	634.290000000000
288.740000000000	633.960000000000
288.840000000000	633.630000000000
288.940000000000	633.310000000000
289	633.110000000000
289.010000000000	633.080000000000
289.020000000000	633.050000000000
289.050000000000	632.960000000000
289.140000000000	632.730000000000
289.240000000000	632.470000000000
289.340000000000	632.210000000000
289.440000000000	631.960000000000
289.540000000000	631.710000000000
289.640000000000	631.460000000000
289.740000000000	631.210000000000
289.840000000000	630.960000000000
289.940000000000	630.710000000000
290	630.560000000000
290.010000000000	630.530000000000
290.020000000000	630.500000000000
290.050000000000	630.390000000000
290.140000000000	630.010000000000
290.240000000000	629.580000000000
290.340000000000	629.140000000000
290.440000000000	628.700000000000
290.540000000000	628.250000000000
290.640000000000	627.800000000000
290.740000000000	627.350000000000
290.840000000000	626.890000000000
290.940000000000	626.440000000000
291	626.160000000000
291.010000000000	626.120000000000
291.020000000000	626.090000000000
291.050000000000	625.990000000000
291.140000000000	625.730000000000
291.240000000000	625.460000000000
291.340000000000	625.190000000000
291.440000000000	624.940000000000
291.540000000000	624.680000000000
291.640000000000	624.430000000000
291.740000000000	624.180000000000
291.840000000000	623.930000000000
291.940000000000	623.680000000000
292	623.530000000000
292.010000000000	623.500000000000
292.020000000000	623.480000000000
292.050000000000	623.390000000000
292.140000000000	623.140000000000
292.240000000000	622.850000000000
292.340000000000	622.560000000000
292.440000000000	622.270000000000
292.540000000000	621.980000000000
292.640000000000	621.690000000000
292.740000000000	621.400000000000
292.840000000000	621.110000000000
292.940000000000	620.820000000000
293	620.650000000000
293.010000000000	620.620000000000
293.020000000000	620.590000000000
293.050000000000	620.480000000000
293.140000000000	620.150000000000
293.240000000000	619.770000000000
293.340000000000	619.400000000000
293.440000000000	619.010000000000
293.540000000000	618.630000000000
293.640000000000	618.240000000000
293.740000000000	617.860000000000
293.840000000000	617.470000000000
293.940000000000	617.090000000000
294	616.850000000000
294.010000000000	616.820000000000
294.020000000000	616.780000000000
294.050000000000	616.690000000000
294.140000000000	616.420000000000
294.240000000000	616.130000000000
294.340000000000	615.850000000000
294.440000000000	615.570000000000
294.540000000000	615.290000000000
294.640000000000	615.010000000000
294.740000000000	614.730000000000
294.840000000000	614.450000000000
294.940000000000	614.180000000000
295	614.010000000000
295.010000000000	613.980000000000
295.020000000000	613.950000000000
295.050000000000	613.850000000000
295.140000000000	613.520000000000
295.240000000000	613.150000000000
295.340000000000	612.780000000000
295.440000000000	612.400000000000
295.540000000000	612.020000000000
295.640000000000	611.640000000000
295.740000000000	611.260000000000
295.840000000000	610.880000000000
295.940000000000	610.500000000000
296	610.270000000000
296.010000000000	610.240000000000
296.020000000000	610.210000000000
296.050000000000	610.140000000000
296.140000000000	609.950000000000
296.240000000000	609.760000000000
296.340000000000	609.580000000000
296.440000000000	609.410000000000
296.540000000000	609.240000000000
296.640000000000	609.080000000000
296.740000000000	608.910000000000
296.840000000000	608.750000000000
296.940000000000	608.590000000000
297	608.490000000000
297.010000000000	608.470000000000
297.020000000000	608.440000000000
297.050000000000	608.350000000000
297.140000000000	608.020000000000
297.240000000000	607.630000000000
297.340000000000	607.230000000000
297.440000000000	606.830000000000
297.540000000000	606.420000000000
297.640000000000	606.020000000000
297.740000000000	605.600000000000
297.840000000000	605.190000000000
297.940000000000	604.780000000000
298	604.530000000000
298.010000000000	604.490000000000
298.020000000000	604.450000000000
298.050000000000	604.360000000000
298.140000000000	604.110000000000
298.240000000000	603.850000000000
298.340000000000	603.600000000000
298.440000000000	603.350000000000
298.540000000000	603.100000000000
298.640000000000	602.850000000000
298.740000000000	602.600000000000
298.840000000000	602.360000000000
298.940000000000	602.120000000000
299	601.970000000000
299.010000000000	601.950000000000
299.020000000000	601.920000000000
299.050000000000	601.850000000000
299.140000000000	601.650000000000
299.240000000000	601.420000000000
299.340000000000	601.200000000000
299.440000000000	600.980000000000
299.540000000000	600.760000000000
299.640000000000	600.540000000000
299.740000000000	600.310000000000
299.840000000000	600.090000000000
299.940000000000	599.870000000000
300	599.740000000000
300.010000000000	599.720000000000
300.020000000000	599.690000000000
300.050000000000	599.610000000000
300.140000000000	599.340000000000
300.240000000000	599.030000000000
300.340000000000	598.720000000000
300.440000000000	598.410000000000
300.540000000000	598.090000000000
300.640000000000	597.780000000000
300.740000000000	597.460000000000
300.840000000000	597.140000000000
300.940000000000	596.820000000000
301	596.630000000000
301.010000000000	596.600000000000
301.020000000000	596.560000000000
301.050000000000	596.460000000000
301.140000000000	596.130000000000
301.240000000000	595.770000000000
301.340000000000	595.400000000000
301.440000000000	595.030000000000
301.540000000000	594.660000000000
301.640000000000	594.290000000000
301.740000000000	593.920000000000
301.840000000000	593.550000000000
301.940000000000	593.180000000000
302	592.950000000000
302.010000000000	592.920000000000
302.020000000000	592.890000000000
302.050000000000	592.800000000000
302.140000000000	592.560000000000
302.240000000000	592.300000000000
302.340000000000	592.040000000000
302.440000000000	591.790000000000
302.540000000000	591.540000000000
302.640000000000	591.290000000000
302.740000000000	591.050000000000
302.840000000000	590.800000000000
302.940000000000	590.560000000000
303	590.410000000000
303.010000000000	590.380000000000
303.020000000000	590.350000000000
303.050000000000	590.260000000000
303.140000000000	589.950000000000
303.240000000000	589.600000000000
303.340000000000	589.250000000000
303.440000000000	588.890000000000
303.540000000000	588.530000000000
303.640000000000	588.170000000000
303.740000000000	587.810000000000
303.840000000000	587.450000000000
303.940000000000	587.090000000000
304	586.870000000000
304.010000000000	586.830000000000
304.020000000000	586.800000000000
304.050000000000	586.720000000000
304.140000000000	586.480000000000
304.240000000000	586.220000000000
304.340000000000	585.970000000000
304.440000000000	585.720000000000
304.540000000000	585.470000000000
304.640000000000	585.230000000000
304.740000000000	584.980000000000
304.840000000000	584.740000000000
304.940000000000	584.490000000000
305	584.350000000000
305.010000000000	584.320000000000
305.020000000000	584.300000000000
305.050000000000	584.210000000000
305.140000000000	583.930000000000
305.240000000000	583.610000000000
305.340000000000	583.290000000000
305.440000000000	582.970000000000
305.540000000000	582.650000000000
305.640000000000	582.330000000000
305.740000000000	582
305.840000000000	581.680000000000
305.940000000000	581.360000000000
306	581.160000000000
306.010000000000	581.130000000000
306.020000000000	581.100000000000
306.050000000000	581.020000000000
306.140000000000	580.790000000000
306.240000000000	580.540000000000
306.340000000000	580.290000000000
306.440000000000	580.040000000000
306.540000000000	579.800000000000
306.640000000000	579.560000000000
306.740000000000	579.320000000000
306.840000000000	579.070000000000
306.940000000000	578.830000000000
307	578.690000000000
307.010000000000	578.660000000000
307.020000000000	578.640000000000
307.050000000000	578.560000000000
307.140000000000	578.330000000000
307.240000000000	578.080000000000
307.340000000000	577.830000000000
307.440000000000	577.570000000000
307.540000000000	577.320000000000
307.640000000000	577.060000000000
307.740000000000	576.810000000000
307.840000000000	576.550000000000
307.940000000000	576.300000000000
308	576.140000000000
308.010000000000	576.120000000000
308.020000000000	576.090000000000
308.050000000000	576
308.140000000000	575.710000000000
308.240000000000	575.390000000000
308.340000000000	575.070000000000
308.440000000000	574.750000000000
308.540000000000	574.420000000000
308.640000000000	574.090000000000
308.740000000000	573.770000000000
308.840000000000	573.440000000000
308.940000000000	573.110000000000
309	572.910000000000
309.010000000000	572.880000000000
309.020000000000	572.860000000000
309.050000000000	572.800000000000
309.140000000000	572.660000000000
309.240000000000	572.520000000000
309.340000000000	572.390000000000
309.440000000000	572.270000000000
309.540000000000	572.150000000000
309.640000000000	572.030000000000
309.740000000000	571.910000000000
309.840000000000	571.790000000000
309.940000000000	571.680000000000
310	571.610000000000
310.010000000000	571.590000000000
310.020000000000	571.570000000000
310.050000000000	571.470000000000
310.140000000000	571.130000000000
310.240000000000	570.720000000000
310.340000000000	570.300000000000
310.440000000000	569.870000000000
310.540000000000	569.440000000000
310.640000000000	569
310.740000000000	568.560000000000
310.840000000000	568.110000000000
310.940000000000	567.670000000000
311	567.400000000000
311.010000000000	567.360000000000
311.020000000000	567.320000000000
311.050000000000	567.230000000000
311.140000000000	566.980000000000
311.240000000000	566.720000000000
311.340000000000	566.470000000000
311.440000000000	566.220000000000
311.540000000000	565.980000000000
311.640000000000	565.730000000000
311.740000000000	565.490000000000
311.840000000000	565.250000000000
311.940000000000	565.010000000000
312	564.870000000000
312.010000000000	564.850000000000
312.020000000000	564.820000000000
312.050000000000	564.750000000000
312.140000000000	564.530000000000
312.240000000000	564.290000000000
312.340000000000	564.050000000000
312.440000000000	563.810000000000
312.540000000000	563.570000000000
312.640000000000	563.330000000000
312.740000000000	563.090000000000
312.840000000000	562.850000000000
312.940000000000	562.610000000000
313	562.470000000000
313.010000000000	562.450000000000
313.020000000000	562.440000000000
313.050000000000	562.400000000000
313.140000000000	562.340000000000
313.240000000000	562.280000000000
313.340000000000	562.230000000000
313.440000000000	562.190000000000
313.540000000000	562.150000000000
313.640000000000	562.120000000000
313.740000000000	562.080000000000
313.840000000000	562.050000000000
313.940000000000	562.020000000000
314	562
314.010000000000	561.990000000000
314.020000000000	561.970000000000
314.050000000000	561.890000000000
314.140000000000	561.580000000000
314.240000000000	561.200000000000
314.340000000000	560.810000000000
314.440000000000	560.410000000000
314.540000000000	560
314.640000000000	559.590000000000
314.740000000000	559.170000000000
314.840000000000	558.750000000000
314.940000000000	558.330000000000
315	558.080000000000
315.010000000000	558.040000000000
315.020000000000	558
315.050000000000	557.890000000000
315.140000000000	557.570000000000
315.240000000000	557.220000000000
315.340000000000	556.870000000000
315.440000000000	556.520000000000
315.540000000000	556.180000000000
315.640000000000	555.830000000000
315.740000000000	555.480000000000
315.840000000000	555.140000000000
315.940000000000	554.790000000000
316	554.580000000000
316.010000000000	554.550000000000
316.020000000000	554.520000000000
316.050000000000	554.440000000000
316.140000000000	554.220000000000
316.240000000000	553.990000000000
316.340000000000	553.760000000000
316.440000000000	553.530000000000
316.540000000000	553.310000000000
316.640000000000	553.090000000000
316.740000000000	552.870000000000
316.840000000000	552.640000000000
316.940000000000	552.430000000000
317	552.290000000000
317.010000000000	552.270000000000
317.020000000000	552.250000000000
317.050000000000	552.180000000000
317.140000000000	551.970000000000
317.240000000000	551.730000000000
317.340000000000	551.490000000000
317.440000000000	551.260000000000
317.540000000000	551.020000000000
317.640000000000	550.780000000000
317.740000000000	550.540000000000
317.840000000000	550.310000000000
317.940000000000	550.070000000000
318	549.930000000000
318.010000000000	549.900000000000
318.020000000000	549.880000000000
318.050000000000	549.810000000000
318.140000000000	549.600000000000
318.240000000000	549.360000000000
318.340000000000	549.130000000000
318.440000000000	548.890000000000
318.540000000000	548.660000000000
318.640000000000	548.430000000000
318.740000000000	548.190000000000
318.840000000000	547.960000000000
318.940000000000	547.720000000000
319	547.580000000000
319.010000000000	547.560000000000
319.020000000000	547.540000000000
319.050000000000	547.460000000000
319.140000000000	547.250000000000
319.240000000000	547.010000000000
319.340000000000	546.770000000000
319.440000000000	546.530000000000
319.540000000000	546.300000000000
319.640000000000	546.060000000000
319.740000000000	545.820000000000
319.840000000000	545.580000000000
319.940000000000	545.340000000000
320	545.200000000000
320.010000000000	545.170000000000
320.020000000000	545.150000000000
320.050000000000	545.080000000000
320.140000000000	544.870000000000
320.240000000000	544.630000000000
320.340000000000	544.390000000000
320.440000000000	544.160000000000
320.540000000000	543.920000000000
320.640000000000	543.680000000000
320.740000000000	543.450000000000
320.840000000000	543.210000000000
320.940000000000	542.980000000000
321	542.830000000000
321.010000000000	542.810000000000
321.020000000000	542.790000000000
321.050000000000	542.730000000000
321.140000000000	542.570000000000
321.240000000000	542.390000000000
321.340000000000	542.220000000000
321.440000000000	542.050000000000
321.540000000000	541.880000000000
321.640000000000	541.710000000000
321.740000000000	541.540000000000
321.840000000000	541.370000000000
321.940000000000	541.200000000000
322	541.100000000000
322.010000000000	541.080000000000
322.020000000000	541.060000000000
322.050000000000	540.970000000000
322.140000000000	540.700000000000
322.240000000000	540.380000000000
322.340000000000	540.060000000000
322.440000000000	539.730000000000
322.540000000000	539.400000000000
322.640000000000	539.060000000000
322.740000000000	538.730000000000
322.840000000000	538.390000000000
322.940000000000	538.050000000000
323	537.850000000000
323.010000000000	537.820000000000
323.020000000000	537.790000000000
323.050000000000	537.710000000000
323.140000000000	537.480000000000
323.240000000000	537.240000000000
323.340000000000	536.990000000000
323.440000000000	536.750000000000
323.540000000000	536.520000000000
323.640000000000	536.280000000000
323.740000000000	536.040000000000
323.840000000000	535.810000000000
323.940000000000	535.570000000000
324	535.430000000000
324.010000000000	535.400000000000
324.020000000000	535.370000000000
324.050000000000	535.280000000000
324.140000000000	534.990000000000
324.240000000000	534.650000000000
324.340000000000	534.310000000000
324.440000000000	533.970000000000
324.540000000000	533.630000000000
324.640000000000	533.280000000000
324.740000000000	532.940000000000
324.840000000000	532.590000000000
324.940000000000	532.240000000000
325	532.030000000000
325.010000000000	532
325.020000000000	531.970000000000
325.050000000000	531.910000000000
325.140000000000	531.730000000000
325.240000000000	531.550000000000
325.340000000000	531.380000000000
325.440000000000	531.210000000000
325.540000000000	531.050000000000
325.640000000000	530.890000000000
325.740000000000	530.730000000000
325.840000000000	530.570000000000
325.940000000000	530.410000000000
326	530.320000000000
326.010000000000	530.300000000000
326.020000000000	530.280000000000
326.050000000000	530.220000000000
326.140000000000	530.020000000000
326.240000000000	529.790000000000
326.340000000000	529.560000000000
326.440000000000	529.330000000000
326.540000000000	529.100000000000
326.640000000000	528.860000000000
326.740000000000	528.630000000000
326.840000000000	528.390000000000
326.940000000000	528.160000000000
327	528.020000000000
327.010000000000	527.990000000000
327.020000000000	527.960000000000
327.050000000000	527.850000000000
327.140000000000	527.500000000000
327.240000000000	527.090000000000
327.340000000000	526.680000000000
327.440000000000	526.260000000000
327.540000000000	525.830000000000
327.640000000000	525.400000000000
327.740000000000	524.980000000000
327.840000000000	524.550000000000
327.940000000000	524.110000000000
328	523.860000000000
328.010000000000	523.820000000000
328.020000000000	523.800000000000
328.050000000000	523.750000000000
328.140000000000	523.670000000000
328.240000000000	523.610000000000
328.340000000000	523.570000000000
328.440000000000	523.540000000000
328.540000000000	523.520000000000
328.640000000000	523.500000000000
328.740000000000	523.480000000000
328.840000000000	523.470000000000
328.940000000000	523.460000000000
329	523.460000000000
329.010000000000	523.450000000000
329.020000000000	523.430000000000
329.050000000000	523.360000000000
329.140000000000	523.100000000000
329.240000000000	522.790000000000
329.340000000000	522.460000000000
329.440000000000	522.120000000000
329.540000000000	521.780000000000
329.640000000000	521.430000000000
329.740000000000	521.090000000000
329.840000000000	520.740000000000
329.940000000000	520.390000000000
330	520.170000000000
330.010000000000	520.140000000000
330.020000000000	520.120000000000
330.050000000000	520.050000000000
330.140000000000	519.900000000000
330.240000000000	519.750000000000
330.340000000000	519.600000000000
330.440000000000	519.460000000000
330.540000000000	519.320000000000
330.640000000000	519.190000000000
330.740000000000	519.050000000000
330.840000000000	518.920000000000
330.940000000000	518.790000000000
331	518.710000000000
331.010000000000	518.690000000000
331.020000000000	518.680000000000
331.050000000000	518.610000000000
331.140000000000	518.400000000000
331.240000000000	518.160000000000
331.340000000000	517.910000000000
331.440000000000	517.650000000000
331.540000000000	517.400000000000
331.640000000000	517.150000000000
331.740000000000	516.890000000000
331.840000000000	516.630000000000
331.940000000000	516.380000000000
332	516.220000000000
332.010000000000	516.190000000000
332.020000000000	516.170000000000
332.050000000000	516.090000000000
332.140000000000	515.850000000000
332.240000000000	515.580000000000
332.340000000000	515.320000000000
332.440000000000	515.050000000000
332.540000000000	514.780000000000
332.640000000000	514.510000000000
332.740000000000	514.250000000000
332.840000000000	513.980000000000
332.940000000000	513.710000000000
333	513.550000000000
333.010000000000	513.520000000000
333.020000000000	513.510000000000
333.050000000000	513.460000000000
333.140000000000	513.360000000000
333.240000000000	513.260000000000
333.340000000000	513.160000000000
333.440000000000	513.080000000000
333.540000000000	512.990000000000
333.640000000000	512.910000000000
333.740000000000	512.830000000000
333.840000000000	512.750000000000
333.940000000000	512.670000000000
334	512.620000000000
334.010000000000	512.610000000000
334.020000000000	512.590000000000
334.050000000000	512.530000000000
334.140000000000	512.280000000000
334.240000000000	512
334.340000000000	511.710000000000
334.440000000000	511.410000000000
334.540000000000	511.100000000000
334.640000000000	510.800000000000
334.740000000000	510.490000000000
334.840000000000	510.180000000000
334.940000000000	509.870000000000
335	509.690000000000
335.010000000000	509.650000000000
335.020000000000	509.620000000000
335.050000000000	509.530000000000
335.140000000000	509.230000000000
335.240000000000	508.900000000000
335.340000000000	508.570000000000
335.440000000000	508.230000000000
335.540000000000	507.900000000000
335.640000000000	507.560000000000
335.740000000000	507.230000000000
335.840000000000	506.890000000000
335.940000000000	506.560000000000
336	506.350000000000
336.010000000000	506.330000000000
336.020000000000	506.310000000000
336.050000000000	506.260000000000
336.140000000000	506.180000000000
336.240000000000	506.120000000000
336.340000000000	506.070000000000
336.440000000000	506.020000000000
336.540000000000	505.980000000000
336.640000000000	505.940000000000
336.740000000000	505.910000000000
336.840000000000	505.870000000000
336.940000000000	505.840000000000
337	505.830000000000
337.010000000000	505.820000000000
337.020000000000	505.800000000000
337.050000000000	505.730000000000
337.140000000000	505.480000000000
337.240000000000	505.170000000000
337.340000000000	504.860000000000
337.440000000000	504.540000000000
337.540000000000	504.210000000000
337.640000000000	503.880000000000
337.740000000000	503.550000000000
337.840000000000	503.210000000000
337.940000000000	502.870000000000
338	502.670000000000
338.010000000000	502.640000000000
338.020000000000	502.620000000000
338.050000000000	502.560000000000
338.140000000000	502.400000000000
338.240000000000	502.240000000000
338.340000000000	502.080000000000
338.440000000000	501.930000000000
338.540000000000	501.790000000000
338.640000000000	501.640000000000
338.740000000000	501.500000000000
338.840000000000	501.360000000000
338.940000000000	501.220000000000
339	501.130000000000
339.010000000000	501.120000000000
339.020000000000	501.100000000000
339.050000000000	501.040000000000
339.140000000000	500.860000000000
339.240000000000	500.650000000000
339.340000000000	500.450000000000
339.440000000000	500.230000000000
339.540000000000	500.020000000000
339.640000000000	499.810000000000
339.740000000000	499.600000000000
339.840000000000	499.380000000000
339.940000000000	499.170000000000
340	499.040000000000
340.010000000000	499.020000000000
340.020000000000	498.990000000000
340.050000000000	498.900000000000
340.140000000000	498.620000000000
340.240000000000	498.300000000000
340.340000000000	497.970000000000
340.440000000000	497.640000000000
340.540000000000	497.310000000000
340.640000000000	496.970000000000
340.740000000000	496.640000000000
340.840000000000	496.300000000000
340.940000000000	495.960000000000
341	495.760000000000
341.010000000000	495.730000000000
341.020000000000	495.700000000000
341.050000000000	495.620000000000
341.140000000000	495.390000000000
341.240000000000	495.150000000000
341.340000000000	494.900000000000
341.440000000000	494.670000000000
341.540000000000	494.430000000000
341.640000000000	494.190000000000
341.740000000000	493.960000000000
341.840000000000	493.720000000000
341.940000000000	493.490000000000
342	493.350000000000
342.010000000000	493.330000000000
342.020000000000	493.310000000000
342.050000000000	493.240000000000
342.140000000000	493.040000000000
342.240000000000	492.820000000000
342.340000000000	492.600000000000
342.440000000000	492.390000000000
342.540000000000	492.170000000000
342.640000000000	491.950000000000
342.740000000000	491.740000000000
342.840000000000	491.520000000000
342.940000000000	491.310000000000
343	491.180000000000
343.010000000000	491.150000000000
343.020000000000	491.120000000000
343.050000000000	491.040000000000
343.140000000000	490.750000000000
343.240000000000	490.420000000000
343.340000000000	490.090000000000
343.440000000000	489.760000000000
343.540000000000	489.420000000000
343.640000000000	489.080000000000
343.740000000000	488.740000000000
343.840000000000	488.400000000000
343.940000000000	488.060000000000
344	487.860000000000
344.010000000000	487.830000000000
344.020000000000	487.810000000000
344.050000000000	487.770000000000
344.140000000000	487.710000000000
344.240000000000	487.660000000000
344.340000000000	487.630000000000
344.440000000000	487.610000000000
344.540000000000	487.580000000000
344.640000000000	487.570000000000
344.740000000000	487.550000000000
344.840000000000	487.540000000000
344.940000000000	487.530000000000
345	487.530000000000
345.010000000000	487.530000000000
345.020000000000	487.530000000000
345.050000000000	487.540000000000
345.140000000000	487.590000000000
345.240000000000	487.650000000000
345.340000000000	487.710000000000
345.440000000000	487.770000000000
345.540000000000	487.840000000000
345.640000000000	487.910000000000
345.740000000000	487.980000000000
345.840000000000	488.050000000000
345.940000000000	488.120000000000
346	488.160000000000
346.010000000000	488.150000000000
346.020000000000	488.140000000000
346.050000000000	488.060000000000
346.140000000000	487.730000000000
346.240000000000	487.320000000000
346.340000000000	486.890000000000
346.440000000000	486.450000000000
346.540000000000	486.010000000000
346.640000000000	485.550000000000
346.740000000000	485.090000000000
346.840000000000	484.630000000000
346.940000000000	484.160000000000
347	483.880000000000
347.010000000000	483.840000000000
347.020000000000	483.800000000000
347.050000000000	483.700000000000
347.140000000000	483.410000000000
347.240000000000	483.110000000000
347.340000000000	482.810000000000
347.440000000000	482.520000000000
347.540000000000	482.230000000000
347.640000000000	481.930000000000
347.740000000000	481.640000000000
347.840000000000	481.350000000000
347.940000000000	481.070000000000
348	480.890000000000
348.010000000000	480.870000000000
348.020000000000	480.850000000000
348.050000000000	480.820000000000
348.140000000000	480.750000000000
348.240000000000	480.700000000000
348.340000000000	480.650000000000
348.440000000000	480.610000000000
348.540000000000	480.580000000000
348.640000000000	480.550000000000
348.740000000000	480.530000000000
348.840000000000	480.500000000000
348.940000000000	480.480000000000
349	480.470000000000
349.010000000000	480.460000000000
349.020000000000	480.450000000000
349.050000000000	480.420000000000
349.140000000000	480.310000000000
349.240000000000	480.170000000000
349.340000000000	480.030000000000
349.440000000000	479.890000000000
349.540000000000	479.740000000000
349.640000000000	479.600000000000
349.740000000000	479.450000000000
349.840000000000	479.310000000000
349.940000000000	479.160000000000
350	479.070000000000
350.010000000000	479.060000000000
350.020000000000	479.040000000000
350.050000000000	478.990000000000
350.140000000000	478.810000000000
350.240000000000	478.610000000000
350.340000000000	478.410000000000
350.440000000000	478.210000000000
350.540000000000	478.010000000000
350.640000000000	477.810000000000
350.740000000000	477.600000000000
350.840000000000	477.400000000000
350.940000000000	477.200000000000
351	477.070000000000
351.010000000000	477.050000000000
351.020000000000	477.030000000000
351.050000000000	476.950000000000
351.140000000000	476.710000000000
351.240000000000	476.440000000000
351.340000000000	476.160000000000
351.440000000000	475.880000000000
351.540000000000	475.600000000000
351.640000000000	475.320000000000
351.740000000000	475.040000000000
351.840000000000	474.760000000000
351.940000000000	474.480000000000
352	474.310000000000
352.010000000000	474.280000000000
352.020000000000	474.260000000000
352.050000000000	474.210000000000
352.140000000000	474.080000000000
352.240000000000	473.960000000000
352.340000000000	473.830000000000
352.440000000000	473.720000000000
352.540000000000	473.600000000000
352.640000000000	473.490000000000
352.740000000000	473.380000000000
352.840000000000	473.270000000000
352.940000000000	473.160000000000
353	473.090000000000
353.010000000000	473.080000000000
353.020000000000	473.070000000000
353.050000000000	473.030000000000
353.140000000000	472.910000000000
353.240000000000	472.770000000000
353.340000000000	472.630000000000
353.440000000000	472.490000000000
353.540000000000	472.360000000000
353.640000000000	472.220000000000
353.740000000000	472.080000000000
353.840000000000	471.940000000000
353.940000000000	471.800000000000
354	471.720000000000
354.010000000000	471.690000000000
354.020000000000	471.670000000000
354.050000000000	471.560000000000
354.140000000000	471.190000000000
354.240000000000	470.750000000000
354.340000000000	470.290000000000
354.440000000000	469.830000000000
354.540000000000	469.360000000000
354.640000000000	468.890000000000
354.740000000000	468.420000000000
354.840000000000	467.940000000000
354.940000000000	467.460000000000
355	467.170000000000
355.010000000000	467.130000000000
355.020000000000	467.100000000000
355.050000000000	467.010000000000
355.140000000000	466.810000000000
355.240000000000	466.600000000000
355.340000000000	466.400000000000
355.440000000000	466.210000000000
355.540000000000	466.030000000000
355.640000000000	465.850000000000
355.740000000000	465.670000000000
355.840000000000	465.490000000000
355.940000000000	465.310000000000
356	465.200000000000
356.010000000000	465.180000000000
356.020000000000	465.160000000000
356.050000000000	465.080000000000
356.140000000000	464.830000000000
356.240000000000	464.550000000000
356.340000000000	464.260000000000
356.440000000000	463.970000000000
356.540000000000	463.670000000000
356.640000000000	463.380000000000
356.740000000000	463.090000000000
356.840000000000	462.790000000000
356.940000000000	462.490000000000
357	462.320000000000
357.010000000000	462.290000000000
357.020000000000	462.280000000000
357.050000000000	462.240000000000
357.140000000000	462.170000000000
357.240000000000	462.120000000000
357.340000000000	462.080000000000
357.440000000000	462.040000000000
357.540000000000	462.010000000000
357.640000000000	461.980000000000
357.740000000000	461.960000000000
357.840000000000	461.930000000000
357.940000000000	461.910000000000
358	461.900000000000
358.010000000000	461.890000000000
358.020000000000	461.880000000000
358.050000000000	461.810000000000
358.140000000000	461.580000000000
358.240000000000	461.300000000000
358.340000000000	461.010000000000
358.440000000000	460.710000000000
358.540000000000	460.410000000000
358.640000000000	460.110000000000
358.740000000000	459.800000000000
358.840000000000	459.490000000000
358.940000000000	459.180000000000
359	459
359.010000000000	458.970000000000
359.020000000000	458.950000000000
359.050000000000	458.890000000000
359.140000000000	458.740000000000
359.240000000000	458.590000000000
359.340000000000	458.450000000000
359.440000000000	458.310000000000
359.540000000000	458.170000000000
359.640000000000	458.040000000000
359.740000000000	457.900000000000
359.840000000000	457.770000000000
359.940000000000	457.640000000000
360	457.560000000000
360.010000000000	457.550000000000
360.020000000000	457.550000000000
360.050000000000	457.540000000000
360.140000000000	457.570000000000
360.240000000000	457.610000000000
360.340000000000	457.650000000000
360.440000000000	457.710000000000
360.540000000000	457.760000000000
360.640000000000	457.820000000000
360.740000000000	457.890000000000
360.840000000000	457.950000000000
360.940000000000	458.010000000000
361	458.050000000000
361.010000000000	458.050000000000
361.020000000000	458.030000000000
361.050000000000	457.960000000000
361.140000000000	457.670000000000
361.240000000000	457.310000000000
361.340000000000	456.930000000000
361.440000000000	456.550000000000
361.540000000000	456.150000000000
361.640000000000	455.750000000000
361.740000000000	455.350000000000
361.840000000000	454.940000000000
361.940000000000	454.540000000000
362	454.290000000000
362.010000000000	454.260000000000
362.020000000000	454.230000000000
362.050000000000	454.160000000000
362.140000000000	454.020000000000
362.240000000000	453.880000000000
362.340000000000	453.750000000000
362.440000000000	453.630000000000
362.540000000000	453.520000000000
362.640000000000	453.400000000000
362.740000000000	453.290000000000
362.840000000000	453.180000000000
362.940000000000	453.070000000000
363	453
363.010000000000	452.990000000000
363.020000000000	452.970000000000
363.050000000000	452.920000000000
363.140000000000	452.760000000000
363.240000000000	452.570000000000
363.340000000000	452.370000000000
363.440000000000	452.180000000000
363.540000000000	451.980000000000
363.640000000000	451.780000000000
363.740000000000	451.590000000000
363.840000000000	451.390000000000
363.940000000000	451.190000000000
364	451.070000000000
364.010000000000	451.060000000000
364.020000000000	451.040000000000
364.050000000000	451.010000000000
364.140000000000	450.940000000000
364.240000000000	450.880000000000
364.340000000000	450.820000000000
364.440000000000	450.760000000000
364.540000000000	450.710000000000
364.640000000000	450.650000000000
364.740000000000	450.600000000000
364.840000000000	450.550000000000
364.940000000000	450.500000000000
365	450.470000000000
365.010000000000	450.470000000000
365.020000000000	450.460000000000
365.050000000000	450.420000000000
365.140000000000	450.290000000000
365.240000000000	450.130000000000
365.340000000000	449.970000000000
365.440000000000	449.810000000000
365.540000000000	449.650000000000
365.640000000000	449.480000000000
365.740000000000	449.320000000000
365.840000000000	449.150000000000
365.940000000000	448.990000000000
366	448.890000000000
366.010000000000	448.870000000000
366.020000000000	448.850000000000
366.050000000000	448.800000000000
366.140000000000	448.640000000000
366.240000000000	448.460000000000
366.340000000000	448.270000000000
366.440000000000	448.090000000000
366.540000000000	447.910000000000
366.640000000000	447.720000000000
366.740000000000	447.540000000000
366.840000000000	447.350000000000
366.940000000000	447.170000000000
367	447.060000000000
367.010000000000	447.040000000000
367.020000000000	447.020000000000
367.050000000000	446.950000000000
367.140000000000	446.750000000000
367.240000000000	446.520000000000
367.340000000000	446.290000000000
367.440000000000	446.060000000000
367.540000000000	445.830000000000
367.640000000000	445.600000000000
367.740000000000	445.370000000000
367.840000000000	445.140000000000
367.940000000000	444.900000000000
368	444.760000000000
368.010000000000	444.740000000000
368.020000000000	444.720000000000
368.050000000000	444.650000000000
368.140000000000	444.440000000000
368.240000000000	444.220000000000
368.340000000000	443.990000000000
368.440000000000	443.770000000000
368.540000000000	443.540000000000
368.640000000000	443.310000000000
368.740000000000	443.090000000000
368.840000000000	442.860000000000
368.940000000000	442.640000000000
369	442.500000000000
369.010000000000	442.480000000000
369.020000000000	442.460000000000
369.050000000000	442.400000000000
369.140000000000	442.210000000000
369.240000000000	442.010000000000
369.340000000000	441.810000000000
369.440000000000	441.610000000000
369.540000000000	441.410000000000
369.640000000000	441.210000000000
369.740000000000	441.020000000000
369.840000000000	440.820000000000
369.940000000000	440.620000000000
370	440.500000000000
370.010000000000	440.480000000000
370.020000000000	440.460000000000
370.050000000000	440.420000000000
370.140000000000	440.280000000000
370.240000000000	440.140000000000
370.340000000000	440
370.440000000000	439.860000000000
370.540000000000	439.720000000000
370.640000000000	439.580000000000
370.740000000000	439.440000000000
370.840000000000	439.300000000000
370.940000000000	439.170000000000
371	439.080000000000
371.010000000000	439.070000000000
371.020000000000	439.050000000000
371.050000000000	438.980000000000
371.140000000000	438.780000000000
371.240000000000	438.540000000000
371.340000000000	438.290000000000
371.440000000000	438.050000000000
371.540000000000	437.800000000000
371.640000000000	437.550000000000
371.740000000000	437.300000000000
371.840000000000	437.050000000000
371.940000000000	436.790000000000
372	436.640000000000
372.010000000000	436.620000000000
372.020000000000	436.610000000000
372.050000000000	436.590000000000
372.140000000000	436.550000000000
372.240000000000	436.520000000000
372.340000000000	436.510000000000
372.440000000000	436.500000000000
372.540000000000	436.500000000000
372.640000000000	436.500000000000
372.740000000000	436.500000000000
372.840000000000	436.500000000000
372.940000000000	436.500000000000
373	436.510000000000
373.010000000000	436.500000000000
373.020000000000	436.480000000000
373.050000000000	436.400000000000
373.140000000000	436.100000000000
373.240000000000	435.740000000000
373.340000000000	435.370000000000
373.440000000000	434.980000000000
373.540000000000	434.600000000000
373.640000000000	434.200000000000
373.740000000000	433.800000000000
373.840000000000	433.400000000000
373.940000000000	433
374	432.760000000000
374.010000000000	432.730000000000
374.020000000000	432.700000000000
374.050000000000	432.630000000000
374.140000000000	432.460000000000
374.240000000000	432.290000000000
374.340000000000	432.130000000000
374.440000000000	431.970000000000
374.540000000000	431.820000000000
374.640000000000	431.670000000000
374.740000000000	431.520000000000
374.840000000000	431.380000000000
374.940000000000	431.230000000000
375	431.140000000000
375.010000000000	431.130000000000
375.020000000000	431.110000000000
375.050000000000	431.050000000000
375.140000000000	430.850000000000
375.240000000000	430.630000000000
375.340000000000	430.400000000000
375.440000000000	430.170000000000
375.540000000000	429.940000000000
375.640000000000	429.710000000000
375.740000000000	429.480000000000
375.840000000000	429.250000000000
375.940000000000	429.020000000000
376	428.880000000000
376.010000000000	428.860000000000
376.020000000000	428.840000000000
376.050000000000	428.800000000000
376.140000000000	428.710000000000
376.240000000000	428.610000000000
376.340000000000	428.520000000000
376.440000000000	428.430000000000
376.540000000000	428.340000000000
376.640000000000	428.260000000000
376.740000000000	428.180000000000
376.840000000000	428.090000000000
376.940000000000	428.010000000000
377	427.970000000000
377.010000000000	427.950000000000
377.020000000000	427.940000000000
377.050000000000	427.900000000000
377.140000000000	427.760000000000
377.240000000000	427.610000000000
377.340000000000	427.440000000000
377.440000000000	427.280000000000
377.540000000000	427.120000000000
377.640000000000	426.950000000000
377.740000000000	426.790000000000
377.840000000000	426.620000000000
377.940000000000	426.460000000000
378	426.360000000000
378.010000000000	426.340000000000
378.020000000000	426.330000000000
378.050000000000	426.280000000000
378.140000000000	426.140000000000
378.240000000000	426
378.340000000000	425.850000000000
378.440000000000	425.700000000000
378.540000000000	425.550000000000
378.640000000000	425.400000000000
378.740000000000	425.260000000000
378.840000000000	425.110000000000
378.940000000000	424.960000000000
379	424.870000000000
379.010000000000	424.860000000000
379.020000000000	424.840000000000
379.050000000000	424.790000000000
379.140000000000	424.610000000000
379.240000000000	424.420000000000
379.340000000000	424.220000000000
379.440000000000	424.030000000000
379.540000000000	423.830000000000
379.640000000000	423.630000000000
379.740000000000	423.430000000000
379.840000000000	423.230000000000
379.940000000000	423.030000000000
380	422.910000000000
380.010000000000	422.900000000000
380.020000000000	422.880000000000
380.050000000000	422.840000000000
380.140000000000	422.730000000000
380.240000000000	422.610000000000
380.340000000000	422.500000000000
380.440000000000	422.390000000000
380.540000000000	422.280000000000
380.640000000000	422.170000000000
380.740000000000	422.060000000000
380.840000000000	421.950000000000
380.940000000000	421.840000000000
381	421.780000000000
381.010000000000	421.770000000000
381.020000000000	421.760000000000
381.050000000000	421.730000000000
381.140000000000	421.640000000000
381.240000000000	421.540000000000
381.340000000000	421.440000000000
381.440000000000	421.340000000000
381.540000000000	421.240000000000
381.640000000000	421.140000000000
381.740000000000	421.040000000000
381.840000000000	420.950000000000
381.940000000000	420.850000000000
382	420.790000000000
382.010000000000	420.780000000000
382.020000000000	420.760000000000
382.050000000000	420.680000000000
382.140000000000	420.420000000000
382.240000000000	420.110000000000
382.340000000000	419.790000000000
382.440000000000	419.470000000000
382.540000000000	419.150000000000
382.640000000000	418.820000000000
382.740000000000	418.490000000000
382.840000000000	418.160000000000
382.940000000000	417.830000000000
383	417.630000000000
383.010000000000	417.600000000000
383.020000000000	417.580000000000
383.050000000000	417.540000000000
383.140000000000	417.450000000000
383.240000000000	417.380000000000
383.340000000000	417.320000000000
383.440000000000	417.260000000000
383.540000000000	417.200000000000
383.640000000000	417.150000000000
383.740000000000	417.110000000000
383.840000000000	417.060000000000
383.940000000000	417.010000000000
384	416.990000000000
384.010000000000	416.980000000000
384.020000000000	416.970000000000
384.050000000000	416.940000000000
384.140000000000	416.850000000000
384.240000000000	416.730000000000
384.340000000000	416.610000000000
384.440000000000	416.500000000000
384.540000000000	416.380000000000
384.640000000000	416.260000000000
384.740000000000	416.140000000000
384.840000000000	416.020000000000
384.940000000000	415.900000000000
385	415.820000000000
385.010000000000	415.810000000000
385.020000000000	415.800000000000
385.050000000000	415.760000000000
385.140000000000	415.660000000000
385.240000000000	415.540000000000
385.340000000000	415.420000000000
385.440000000000	415.300000000000
385.540000000000	415.170000000000
385.640000000000	415.050000000000
385.740000000000	414.930000000000
385.840000000000	414.810000000000
385.940000000000	414.690000000000
386	414.620000000000
386.010000000000	414.610000000000
386.020000000000	414.600000000000
386.050000000000	414.580000000000
386.140000000000	414.540000000000
386.240000000000	414.490000000000
386.340000000000	414.450000000000
386.440000000000	414.410000000000
386.540000000000	414.370000000000
386.640000000000	414.330000000000
386.740000000000	414.300000000000
386.840000000000	414.260000000000
386.940000000000	414.230000000000
387	414.210000000000
387.010000000000	414.190000000000
387.020000000000	414.170000000000
387.050000000000	414.090000000000
387.140000000000	413.790000000000
387.240000000000	413.430000000000
387.340000000000	413.060000000000
387.440000000000	412.680000000000
387.540000000000	412.300000000000
387.640000000000	411.910000000000
387.740000000000	411.520000000000
387.840000000000	411.120000000000
387.940000000000	410.730000000000
388	410.490000000000
388.010000000000	410.460000000000
388.020000000000	410.440000000000
388.050000000000	410.410000000000
388.140000000000	410.390000000000
388.240000000000	410.390000000000
388.340000000000	410.420000000000
388.440000000000	410.450000000000
388.540000000000	410.480000000000
388.640000000000	410.530000000000
388.740000000000	410.570000000000
388.840000000000	410.620000000000
388.940000000000	410.670000000000
389	410.700000000000
389.010000000000	410.690000000000
389.020000000000	410.680000000000
389.050000000000	410.610000000000
389.140000000000	410.350000000000
389.240000000000	410.030000000000
389.340000000000	409.700000000000
389.440000000000	409.360000000000
389.540000000000	409.020000000000
389.640000000000	408.660000000000
389.740000000000	408.310000000000
389.840000000000	407.960000000000
389.940000000000	407.600000000000
390	407.380000000000
390.010000000000	407.360000000000
390.020000000000	407.340000000000
390.050000000000	407.310000000000
390.140000000000	407.290000000000
390.240000000000	407.300000000000
390.340000000000	407.320000000000
390.440000000000	407.350000000000
390.540000000000	407.380000000000
390.640000000000	407.420000000000
390.740000000000	407.460000000000
390.840000000000	407.500000000000
390.940000000000	407.550000000000
391	407.570000000000
391.010000000000	407.570000000000
391.020000000000	407.560000000000
391.050000000000	407.520000000000
391.140000000000	407.360000000000
391.240000000000	407.160000000000
391.340000000000	406.950000000000
391.440000000000	406.740000000000
391.540000000000	406.520000000000
391.640000000000	406.300000000000
391.740000000000	406.080000000000
391.840000000000	405.850000000000
391.940000000000	405.630000000000
392	405.490000000000
392.010000000000	405.470000000000
392.020000000000	405.450000000000
392.050000000000	405.380000000000
392.140000000000	405.190000000000
392.240000000000	404.980000000000
392.340000000000	404.770000000000
392.440000000000	404.560000000000
392.540000000000	404.350000000000
392.640000000000	404.140000000000
392.740000000000	403.930000000000
392.840000000000	403.720000000000
392.940000000000	403.500000000000
393	403.380000000000
393.010000000000	403.360000000000
393.020000000000	403.350000000000
393.050000000000	403.320000000000
393.140000000000	403.250000000000
393.240000000000	403.190000000000
393.340000000000	403.130000000000
393.440000000000	403.080000000000
393.540000000000	403.030000000000
393.640000000000	402.990000000000
393.740000000000	402.940000000000
393.840000000000	402.890000000000
393.940000000000	402.850000000000
394	402.830000000000
394.010000000000	402.810000000000
394.020000000000	402.800000000000
394.050000000000	402.730000000000
394.140000000000	402.500000000000
394.240000000000	402.230000000000
394.340000000000	401.940000000000
394.440000000000	401.650000000000
394.540000000000	401.360000000000
394.640000000000	401.060000000000
394.740000000000	400.770000000000
394.840000000000	400.470000000000
394.940000000000	400.160000000000
395	399.980000000000
395.010000000000	399.960000000000
395.020000000000	399.940000000000
395.050000000000	399.910000000000
395.140000000000	399.830000000000
395.240000000000	399.770000000000
395.340000000000	399.720000000000
395.440000000000	399.670000000000
395.540000000000	399.630000000000
395.640000000000	399.590000000000
395.740000000000	399.550000000000
395.840000000000	399.520000000000
395.940000000000	399.480000000000
396	399.460000000000
396.010000000000	399.450000000000
396.020000000000	399.430000000000
396.050000000000	399.360000000000
396.140000000000	399.120000000000
396.240000000000	398.830000000000
396.340000000000	398.530000000000
396.440000000000	398.220000000000
396.540000000000	397.910000000000
396.640000000000	397.590000000000
396.740000000000	397.280000000000
396.840000000000	396.960000000000
396.940000000000	396.640000000000
397	396.450000000000
397.010000000000	396.420000000000
397.020000000000	396.400000000000
397.050000000000	396.340000000000
397.140000000000	396.210000000000
397.240000000000	396.080000000000
397.340000000000	395.950000000000
397.440000000000	395.830000000000
397.540000000000	395.720000000000
397.640000000000	395.600000000000
397.740000000000	395.480000000000
397.840000000000	395.370000000000
397.940000000000	395.260000000000
398	395.190000000000
398.010000000000	395.180000000000
398.020000000000	395.170000000000
398.050000000000	395.130000000000
398.140000000000	395.010000000000
398.240000000000	394.880000000000
398.340000000000	394.740000000000
398.440000000000	394.610000000000
398.540000000000	394.470000000000
398.640000000000	394.340000000000
398.740000000000	394.210000000000
398.840000000000	394.070000000000
398.940000000000	393.940000000000
399	393.860000000000
399.010000000000	393.850000000000
399.020000000000	393.840000000000
399.050000000000	393.820000000000
399.140000000000	393.780000000000
399.240000000000	393.740000000000
399.340000000000	393.710000000000
399.440000000000	393.680000000000
399.540000000000	393.650000000000
399.640000000000	393.620000000000
399.740000000000	393.590000000000
399.840000000000	393.570000000000
399.940000000000	393.540000000000
400	393.530000000000
400.010000000000	393.520000000000
400.020000000000	393.510000000000
400.050000000000	393.460000000000
400.140000000000	393.300000000000
400.240000000000	393.100000000000
400.340000000000	392.900000000000
400.440000000000	392.690000000000
400.540000000000	392.480000000000
400.640000000000	392.270000000000
400.740000000000	392.060000000000
400.840000000000	391.840000000000
400.940000000000	391.630000000000
401	391.500000000000
401.010000000000	391.480000000000
401.020000000000	391.460000000000
401.050000000000	391.420000000000
401.140000000000	391.320000000000
401.240000000000	391.200000000000
401.340000000000	391.100000000000
401.440000000000	390.990000000000
401.540000000000	390.890000000000
401.640000000000	390.790000000000
401.740000000000	390.690000000000
401.840000000000	390.580000000000
401.940000000000	390.480000000000
402	390.420000000000
402.010000000000	390.410000000000
402.020000000000	390.400000000000
402.050000000000	390.360000000000
402.140000000000	390.240000000000
402.240000000000	390.100000000000
402.340000000000	389.960000000000
402.440000000000	389.820000000000
402.540000000000	389.670000000000
402.640000000000	389.530000000000
402.740000000000	389.390000000000
402.840000000000	389.240000000000
402.940000000000	389.100000000000
403	389.010000000000
403.010000000000	389
403.020000000000	388.990000000000
403.050000000000	388.950000000000
403.140000000000	388.860000000000
403.240000000000	388.760000000000
403.340000000000	388.660000000000
403.440000000000	388.560000000000
403.540000000000	388.460000000000
403.640000000000	388.360000000000
403.740000000000	388.260000000000
403.840000000000	388.170000000000
403.940000000000	388.070000000000
404	388.010000000000
404.010000000000	388
404.020000000000	387.980000000000
404.050000000000	387.930000000000
404.140000000000	387.740000000000
404.240000000000	387.530000000000
404.340000000000	387.310000000000
404.440000000000	387.090000000000
404.540000000000	386.860000000000
404.640000000000	386.640000000000
404.740000000000	386.410000000000
404.840000000000	386.180000000000
404.940000000000	385.960000000000
405	385.820000000000
405.010000000000	385.800000000000
405.020000000000	385.780000000000
405.050000000000	385.730000000000
405.140000000000	385.610000000000
405.240000000000	385.480000000000
405.340000000000	385.350000000000
405.440000000000	385.220000000000
405.540000000000	385.090000000000
405.640000000000	384.970000000000
405.740000000000	384.850000000000
405.840000000000	384.720000000000
405.940000000000	384.600000000000
406	384.530000000000
406.010000000000	384.510000000000
406.020000000000	384.500000000000
406.050000000000	384.460000000000
406.140000000000	384.350000000000
406.240000000000	384.230000000000
406.340000000000	384.110000000000
406.440000000000	383.990000000000
406.540000000000	383.870000000000
406.640000000000	383.750000000000
406.740000000000	383.630000000000
406.840000000000	383.500000000000
406.940000000000	383.380000000000
407	383.310000000000
407.010000000000	383.300000000000
407.020000000000	383.290000000000
407.050000000000	383.250000000000
407.140000000000	383.140000000000
407.240000000000	383.020000000000
407.340000000000	382.900000000000
407.440000000000	382.780000000000
407.540000000000	382.660000000000
407.640000000000	382.540000000000
407.740000000000	382.420000000000
407.840000000000	382.300000000000
407.940000000000	382.180000000000
408	382.110000000000
408.010000000000	382.100000000000
408.020000000000	382.090000000000
408.050000000000	382.080000000000
408.140000000000	382.050000000000
408.240000000000	382.020000000000
408.340000000000	382.010000000000
408.440000000000	381.990000000000
408.540000000000	381.970000000000
408.640000000000	381.960000000000
408.740000000000	381.950000000000
408.840000000000	381.940000000000
408.940000000000	381.920000000000
409	381.920000000000
409.010000000000	381.910000000000
409.020000000000	381.900000000000
409.050000000000	381.860000000000
409.140000000000	381.710000000000
409.240000000000	381.520000000000
409.340000000000	381.330000000000
409.440000000000	381.140000000000
409.540000000000	380.940000000000
409.640000000000	380.740000000000
409.740000000000	380.540000000000
409.840000000000	380.340000000000
409.940000000000	380.130000000000
410	380.010000000000
410.010000000000	379.990000000000
410.020000000000	379.980000000000
410.050000000000	379.930000000000
410.140000000000	379.810000000000
410.240000000000	379.690000000000
410.340000000000	379.560000000000
410.440000000000	379.430000000000
410.540000000000	379.310000000000
410.640000000000	379.190000000000
410.740000000000	379.070000000000
410.840000000000	378.940000000000
410.940000000000	378.820000000000
411	378.750000000000
411.010000000000	378.730000000000
411.020000000000	378.710000000000
411.050000000000	378.650000000000
411.140000000000	378.440000000000
411.240000000000	378.200000000000
411.340000000000	377.960000000000
411.440000000000	377.710000000000
411.540000000000	377.460000000000
411.640000000000	377.210000000000
411.740000000000	376.950000000000
411.840000000000	376.700000000000
411.940000000000	376.440000000000
412	376.290000000000
412.010000000000	376.270000000000
412.020000000000	376.240000000000
412.050000000000	376.170000000000
412.140000000000	375.960000000000
412.240000000000	375.730000000000
412.340000000000	375.490000000000
412.440000000000	375.260000000000
412.540000000000	375.030000000000
412.640000000000	374.800000000000
412.740000000000	374.560000000000
412.840000000000	374.330000000000
412.940000000000	374.100000000000
413	373.960000000000
413.010000000000	373.940000000000
413.020000000000	373.920000000000
413.050000000000	373.870000000000
413.140000000000	373.740000000000
413.240000000000	373.610000000000
413.340000000000	373.480000000000
413.440000000000	373.350000000000
413.540000000000	373.220000000000
413.640000000000	373.090000000000
413.740000000000	372.970000000000
413.840000000000	372.840000000000
413.940000000000	372.720000000000
414	372.640000000000
414.010000000000	372.630000000000
414.020000000000	372.630000000000
414.050000000000	372.600000000000
414.140000000000	372.550000000000
414.240000000000	372.500000000000
414.340000000000	372.450000000000
414.440000000000	372.400000000000
414.540000000000	372.360000000000
414.640000000000	372.310000000000
414.740000000000	372.270000000000
414.840000000000	372.220000000000
414.940000000000	372.180000000000
415	372.150000000000
415.010000000000	372.150000000000
415.020000000000	372.140000000000
415.050000000000	372.100000000000
415.140000000000	371.960000000000
415.240000000000	371.790000000000
415.340000000000	371.630000000000
415.440000000000	371.460000000000
415.540000000000	371.280000000000
415.640000000000	371.110000000000
415.740000000000	370.940000000000
415.840000000000	370.760000000000
415.940000000000	370.580000000000
416	370.480000000000
416.010000000000	370.460000000000
416.020000000000	370.450000000000
416.050000000000	370.410000000000
416.140000000000	370.290000000000
416.240000000000	370.160000000000
416.340000000000	370.040000000000
416.440000000000	369.920000000000
416.540000000000	369.790000000000
416.640000000000	369.670000000000
416.740000000000	369.550000000000
416.840000000000	369.430000000000
416.940000000000	369.310000000000
417	369.230000000000
417.010000000000	369.220000000000
417.020000000000	369.210000000000
417.050000000000	369.190000000000
417.140000000000	369.120000000000
417.240000000000	369.050000000000
417.340000000000	368.980000000000
417.440000000000	368.910000000000
417.540000000000	368.840000000000
417.640000000000	368.770000000000
417.740000000000	368.710000000000
417.840000000000	368.640000000000
417.940000000000	368.570000000000
418	368.530000000000
418.010000000000	368.530000000000
418.020000000000	368.520000000000
418.050000000000	368.490000000000
418.140000000000	368.380000000000
418.240000000000	368.260000000000
418.340000000000	368.140000000000
418.440000000000	368.020000000000
418.540000000000	367.900000000000
418.640000000000	367.770000000000
418.740000000000	367.650000000000
418.840000000000	367.520000000000
418.940000000000	367.400000000000
419	367.330000000000
419.010000000000	367.310000000000
419.020000000000	367.300000000000
419.050000000000	367.270000000000
419.140000000000	367.160000000000
419.240000000000	367.040000000000
419.340000000000	366.930000000000
419.440000000000	366.810000000000
419.540000000000	366.690000000000
419.640000000000	366.580000000000
419.740000000000	366.460000000000
419.840000000000	366.340000000000
419.940000000000	366.230000000000
420	366.160000000000
420.010000000000	366.150000000000
420.020000000000	366.140000000000
420.050000000000	366.110000000000
420.140000000000	366.050000000000
420.240000000000	365.980000000000
420.340000000000	365.910000000000
420.440000000000	365.850000000000
420.540000000000	365.790000000000
420.640000000000	365.720000000000
420.740000000000	365.660000000000
420.840000000000	365.600000000000
420.940000000000	365.540000000000
421	365.500000000000
421.010000000000	365.490000000000
421.020000000000	365.470000000000
421.050000000000	365.420000000000
421.140000000000	365.240000000000
421.240000000000	365.030000000000
421.340000000000	364.820000000000
421.440000000000	364.600000000000
421.540000000000	364.380000000000
421.640000000000	364.150000000000
421.740000000000	363.930000000000
421.840000000000	363.700000000000
421.940000000000	363.470000000000
422	363.340000000000
422.010000000000	363.320000000000
422.020000000000	363.300000000000
422.050000000000	363.250000000000
422.140000000000	363.130000000000
422.240000000000	363
422.340000000000	362.870000000000
422.440000000000	362.740000000000
422.540000000000	362.620000000000
422.640000000000	362.500000000000
422.740000000000	362.370000000000
422.840000000000	362.250000000000
422.940000000000	362.130000000000
423	362.060000000000
423.010000000000	362.040000000000
423.020000000000	362.030000000000
423.050000000000	361.990000000000
423.140000000000	361.890000000000
423.240000000000	361.760000000000
423.340000000000	361.640000000000
423.440000000000	361.520000000000
423.540000000000	361.400000000000
423.640000000000	361.280000000000
423.740000000000	361.160000000000
423.840000000000	361.040000000000
423.940000000000	360.920000000000
424	360.850000000000
424.010000000000	360.840000000000
424.020000000000	360.830000000000
424.050000000000	360.790000000000
424.140000000000	360.700000000000
424.240000000000	360.600000000000
424.340000000000	360.500000000000
424.440000000000	360.400000000000
424.540000000000	360.300000000000
424.640000000000	360.200000000000
424.740000000000	360.110000000000
424.840000000000	360.010000000000
424.940000000000	359.910000000000
425	359.850000000000
425.010000000000	359.840000000000
425.020000000000	359.830000000000
425.050000000000	359.800000000000
425.140000000000	359.690000000000
425.240000000000	359.570000000000
425.340000000000	359.460000000000
425.440000000000	359.340000000000
425.540000000000	359.220000000000
425.640000000000	359.100000000000
425.740000000000	358.980000000000
425.840000000000	358.860000000000
425.940000000000	358.740000000000
426	358.670000000000
426.010000000000	358.660000000000
426.020000000000	358.650000000000
426.050000000000	358.610000000000
426.140000000000	358.500000000000
426.240000000000	358.390000000000
426.340000000000	358.270000000000
426.440000000000	358.150000000000
426.540000000000	358.030000000000
426.640000000000	357.910000000000
426.740000000000	357.790000000000
426.840000000000	357.670000000000
426.940000000000	357.550000000000
427	357.480000000000
427.010000000000	357.460000000000
427.020000000000	357.450000000000
427.050000000000	357.390000000000
427.140000000000	357.200000000000
427.240000000000	356.980000000000
427.340000000000	356.760000000000
427.440000000000	356.540000000000
427.540000000000	356.310000000000
427.640000000000	356.090000000000
427.740000000000	355.860000000000
427.840000000000	355.630000000000
427.940000000000	355.400000000000
428	355.260000000000
428.010000000000	355.250000000000
428.020000000000	355.230000000000
428.050000000000	355.200000000000
428.140000000000	355.120000000000
428.240000000000	355.040000000000
428.340000000000	354.970000000000
428.440000000000	354.900000000000
428.540000000000	354.830000000000
428.640000000000	354.770000000000
428.740000000000	354.700000000000
428.840000000000	354.640000000000
428.940000000000	354.580000000000
429	354.540000000000
429.010000000000	354.540000000000
429.020000000000	354.530000000000
429.050000000000	354.510000000000
429.140000000000	354.450000000000
429.240000000000	354.370000000000
429.340000000000	354.300000000000
429.440000000000	354.230000000000
429.540000000000	354.160000000000
429.640000000000	354.090000000000
429.740000000000	354.020000000000
429.840000000000	353.950000000000
429.940000000000	353.880000000000
430	353.830000000000
430.010000000000	353.830000000000
430.020000000000	353.820000000000
430.050000000000	353.790000000000
430.140000000000	353.690000000000
430.240000000000	353.570000000000
430.340000000000	353.460000000000
430.440000000000	353.340000000000
430.540000000000	353.220000000000
430.640000000000	353.110000000000
430.740000000000	352.990000000000
430.840000000000	352.870000000000
430.940000000000	352.750000000000
431	352.680000000000
431.010000000000	352.670000000000
431.020000000000	352.660000000000
431.050000000000	352.620000000000
431.140000000000	352.520000000000
431.240000000000	352.400000000000
431.340000000000	352.280000000000
431.440000000000	352.160000000000
431.540000000000	352.040000000000
431.640000000000	351.920000000000
431.740000000000	351.800000000000
431.840000000000	351.680000000000
431.940000000000	351.570000000000
432	351.490000000000
432.010000000000	351.480000000000
432.020000000000	351.460000000000
432.050000000000	351.410000000000
432.140000000000	351.240000000000
432.240000000000	351.040000000000
432.340000000000	350.840000000000
432.440000000000	350.640000000000
432.540000000000	350.440000000000
432.640000000000	350.230000000000
432.740000000000	350.030000000000
432.840000000000	349.820000000000
432.940000000000	349.620000000000
433	349.490000000000
433.010000000000	349.480000000000
433.020000000000	349.460000000000
433.050000000000	349.420000000000
433.140000000000	349.320000000000
433.240000000000	349.210000000000
433.340000000000	349.100000000000
433.440000000000	349
433.540000000000	348.900000000000
433.640000000000	348.800000000000
433.740000000000	348.700000000000
433.840000000000	348.600000000000
433.940000000000	348.500000000000
434	348.440000000000
434.010000000000	348.430000000000
434.020000000000	348.420000000000
434.050000000000	348.380000000000
434.140000000000	348.270000000000
434.240000000000	348.150000000000
434.340000000000	348.020000000000
434.440000000000	347.900000000000
434.540000000000	347.770000000000
434.640000000000	347.640000000000
434.740000000000	347.520000000000
434.840000000000	347.390000000000
434.940000000000	347.260000000000
435	347.190000000000
435.010000000000	347.180000000000
435.020000000000	347.160000000000
435.050000000000	347.120000000000
435.140000000000	347
435.240000000000	346.860000000000
435.340000000000	346.730000000000
435.440000000000	346.590000000000
435.540000000000	346.450000000000
435.640000000000	346.320000000000
435.740000000000	346.180000000000
435.840000000000	346.040000000000
435.940000000000	345.910000000000
436	345.820000000000
436.010000000000	345.810000000000
436.020000000000	345.800000000000
436.050000000000	345.760000000000
436.140000000000	345.650000000000
436.240000000000	345.530000000000
436.340000000000	345.410000000000
436.440000000000	345.290000000000
436.540000000000	345.160000000000
436.640000000000	345.040000000000
436.740000000000	344.920000000000
436.840000000000	344.800000000000
436.940000000000	344.680000000000
437	344.610000000000
437.010000000000	344.600000000000
437.020000000000	344.590000000000
437.050000000000	344.550000000000
437.140000000000	344.440000000000
437.240000000000	344.320000000000
437.340000000000	344.200000000000
437.440000000000	344.080000000000
437.540000000000	343.960000000000
437.640000000000	343.840000000000
437.740000000000	343.720000000000
437.840000000000	343.600000000000
437.940000000000	343.480000000000
438	343.410000000000
438.010000000000	343.400000000000
438.020000000000	343.390000000000
438.050000000000	343.350000000000
438.140000000000	343.240000000000
438.240000000000	343.120000000000
438.340000000000	343
438.440000000000	342.880000000000
438.540000000000	342.760000000000
438.640000000000	342.640000000000
438.740000000000	342.520000000000
438.840000000000	342.400000000000
438.940000000000	342.280000000000
439	342.210000000000
439.010000000000	342.200000000000
439.020000000000	342.190000000000
439.050000000000	342.150000000000
439.140000000000	342.040000000000
439.240000000000	341.920000000000
439.340000000000	341.800000000000
439.440000000000	341.680000000000
439.540000000000	341.560000000000
439.640000000000	341.440000000000
439.740000000000	341.320000000000
439.840000000000	341.200000000000
439.940000000000	341.080000000000
440	341.010000000000
440.010000000000	341
440.020000000000	340.990000000000
440.050000000000	340.960000000000
440.140000000000	340.870000000000
440.240000000000	340.770000000000
440.340000000000	340.670000000000
440.440000000000	340.570000000000
440.540000000000	340.470000000000
440.640000000000	340.370000000000
440.740000000000	340.270000000000
440.840000000000	340.180000000000
440.940000000000	340.080000000000
441	340.020000000000
441.010000000000	340.010000000000
441.020000000000	340
441.050000000000	339.960000000000
441.140000000000	339.860000000000
441.240000000000	339.740000000000
441.340000000000	339.630000000000
441.440000000000	339.510000000000
441.540000000000	339.390000000000
441.640000000000	339.270000000000
441.740000000000	339.150000000000
441.840000000000	339.030000000000
441.940000000000	338.910000000000
442	338.840000000000
442.010000000000	338.830000000000
442.020000000000	338.820000000000
442.050000000000	338.780000000000
442.140000000000	338.670000000000
442.240000000000	338.550000000000
442.340000000000	338.440000000000
442.440000000000	338.320000000000
442.540000000000	338.200000000000
442.640000000000	338.080000000000
442.740000000000	337.960000000000
442.840000000000	337.840000000000
442.940000000000	337.720000000000
443	337.650000000000
443.010000000000	337.630000000000
443.020000000000	337.620000000000
443.050000000000	337.570000000000
443.140000000000	337.410000000000
443.240000000000	337.220000000000
443.340000000000	337.040000000000
443.440000000000	336.850000000000
443.540000000000	336.660000000000
443.640000000000	336.470000000000
443.740000000000	336.280000000000
443.840000000000	336.090000000000
443.940000000000	335.890000000000
444	335.780000000000
444.010000000000	335.760000000000
444.020000000000	335.750000000000
444.050000000000	335.720000000000
444.140000000000	335.660000000000
444.240000000000	335.590000000000
444.340000000000	335.540000000000
444.440000000000	335.480000000000
444.540000000000	335.430000000000
444.640000000000	335.370000000000
444.740000000000	335.320000000000
444.840000000000	335.270000000000
444.940000000000	335.220000000000
445	335.190000000000
445.010000000000	335.190000000000
445.020000000000	335.180000000000
445.050000000000	335.150000000000
445.140000000000	335.050000000000
445.240000000000	334.940000000000
445.340000000000	334.820000000000
445.440000000000	334.710000000000
445.540000000000	334.590000000000
445.640000000000	334.470000000000
445.740000000000	334.360000000000
445.840000000000	334.240000000000
445.940000000000	334.120000000000
446	334.050000000000
446.010000000000	334.040000000000
446.020000000000	334.020000000000
446.050000000000	333.990000000000
446.140000000000	333.880000000000
446.240000000000	333.760000000000
446.340000000000	333.640000000000
446.440000000000	333.520000000000
446.540000000000	333.400000000000
446.640000000000	333.290000000000
446.740000000000	333.170000000000
446.840000000000	333.050000000000
446.940000000000	332.930000000000
447	332.860000000000
447.010000000000	332.840000000000
447.020000000000	332.830000000000
447.050000000000	332.800000000000
447.140000000000	332.690000000000
447.240000000000	332.570000000000
447.340000000000	332.450000000000
447.440000000000	332.330000000000
447.540000000000	332.210000000000
447.640000000000	332.090000000000
447.740000000000	331.970000000000
447.840000000000	331.850000000000
447.940000000000	331.730000000000
448	331.660000000000
452.840000000000	611.690000000000
452.940000000000	611.550000000000
453	611.470000000000
453.010000000000	611.460000000000
453.020000000000	611.440000000000
453.050000000000	611.400000000000
453.140000000000	611.290000000000
453.240000000000	611.160000000000
453.340000000000	611.040000000000
453.440000000000	610.910000000000
453.540000000000	610.780000000000
453.640000000000	610.660000000000
453.740000000000	610.530000000000
453.840000000000	610.410000000000
453.940000000000	610.290000000000
454	610.210000000000
454.010000000000	610.200000000000
454.020000000000	610.190000000000
454.050000000000	610.150000000000
454.140000000000	610.030000000000
454.240000000000	609.910000000000
454.340000000000	609.780000000000
454.440000000000	609.650000000000
454.540000000000	609.520000000000
454.640000000000	609.390000000000
454.740000000000	609.270000000000
454.840000000000	609.140000000000
454.940000000000	609.010000000000
455	608.930000000000
455.010000000000	608.920000000000
455.020000000000	608.910000000000
455.050000000000	608.880000000000
455.140000000000	608.790000000000
455.240000000000	608.690000000000
455.340000000000	608.590000000000
455.440000000000	608.490000000000
455.540000000000	608.390000000000
455.640000000000	608.300000000000
455.740000000000	608.200000000000
455.840000000000	608.110000000000
455.940000000000	608.010000000000
456	607.950000000000
456.010000000000	607.940000000000
456.020000000000	607.930000000000
456.050000000000	607.870000000000
456.140000000000	607.690000000000
456.240000000000	607.480000000000
456.340000000000	607.270000000000
456.440000000000	607.050000000000
456.540000000000	606.820000000000
456.640000000000	606.600000000000
456.740000000000	606.380000000000
456.840000000000	606.150000000000
456.940000000000	605.920000000000
457	605.790000000000
457.010000000000	605.770000000000
457.020000000000	605.740000000000
457.050000000000	605.670000000000
457.140000000000	605.470000000000
457.240000000000	605.240000000000
457.340000000000	605.010000000000
457.440000000000	604.770000000000
457.540000000000	604.540000000000
457.640000000000	604.310000000000
457.740000000000	604.080000000000
457.840000000000	603.840000000000
457.940000000000	603.610000000000
458	603.470000000000
458.010000000000	603.450000000000
458.020000000000	603.430000000000
458.050000000000	603.380000000000
458.140000000000	603.250000000000
458.240000000000	603.120000000000
458.340000000000	602.990000000000
458.440000000000	602.860000000000
458.540000000000	602.730000000000
458.640000000000	602.610000000000
458.740000000000	602.490000000000
458.840000000000	602.360000000000
458.940000000000	602.240000000000
459	602.170000000000
459.010000000000	602.150000000000
459.020000000000	602.140000000000
459.050000000000	602.080000000000
459.140000000000	601.890000000000
459.240000000000	601.670000000000
459.340000000000	601.440000000000
459.440000000000	601.220000000000
459.540000000000	600.990000000000
459.640000000000	600.760000000000
459.740000000000	600.530000000000
459.840000000000	600.300000000000
459.940000000000	600.070000000000
460	599.930000000000
460.010000000000	599.910000000000
460.020000000000	599.890000000000
460.050000000000	599.840000000000
460.140000000000	599.700000000000
460.240000000000	599.550000000000
460.340000000000	599.410000000000
460.440000000000	599.270000000000
460.540000000000	599.140000000000
460.640000000000	599
460.740000000000	598.870000000000
460.840000000000	598.730000000000
460.940000000000	598.600000000000
461	598.520000000000
461.010000000000	598.500000000000
461.020000000000	598.490000000000
461.050000000000	598.430000000000
461.140000000000	598.270000000000
461.240000000000	598.080000000000
461.340000000000	597.890000000000
461.440000000000	597.700000000000
461.540000000000	597.510000000000
461.640000000000	597.310000000000
461.740000000000	597.120000000000
461.840000000000	596.930000000000
461.940000000000	596.730000000000
462	596.620000000000
462.010000000000	596.600000000000
462.020000000000	596.580000000000
462.050000000000	596.510000000000
462.140000000000	596.310000000000
462.240000000000	596.090000000000
462.340000000000	595.860000000000
462.440000000000	595.630000000000
462.540000000000	595.400000000000
462.640000000000	595.180000000000
462.740000000000	594.950000000000
462.840000000000	594.720000000000
462.940000000000	594.490000000000
463	594.350000000000
463.010000000000	594.330000000000
463.020000000000	594.300000000000
463.050000000000	594.240000000000
463.140000000000	594.030000000000
463.240000000000	593.800000000000
463.340000000000	593.570000000000
463.440000000000	593.340000000000
463.540000000000	593.110000000000
463.640000000000	592.880000000000
463.740000000000	592.650000000000
463.840000000000	592.410000000000
463.940000000000	592.180000000000
464	592.040000000000
464.010000000000	592.020000000000
464.020000000000	592.010000000000
464.050000000000	591.960000000000
464.140000000000	591.820000000000
464.240000000000	591.690000000000
464.340000000000	591.550000000000
464.440000000000	591.420000000000
464.540000000000	591.290000000000
464.640000000000	591.160000000000
464.740000000000	591.040000000000
464.840000000000	590.910000000000
464.940000000000	590.780000000000
465	590.710000000000
465.010000000000	590.690000000000
465.020000000000	590.670000000000
465.050000000000	590.600000000000
465.140000000000	590.360000000000
465.240000000000	590.080000000000
465.340000000000	589.790000000000
465.440000000000	589.490000000000
465.540000000000	589.190000000000
465.640000000000	588.890000000000
465.740000000000	588.590000000000
465.840000000000	588.290000000000
465.940000000000	587.990000000000
466	587.800000000000
466.010000000000	587.780000000000
466.020000000000	587.750000000000
466.050000000000	587.690000000000
466.140000000000	587.540000000000
466.240000000000	587.390000000000
466.340000000000	587.240000000000
466.440000000000	587.090000000000
466.540000000000	586.950000000000
466.640000000000	586.810000000000
466.740000000000	586.670000000000
466.840000000000	586.530000000000
466.940000000000	586.400000000000
467	586.320000000000
467.010000000000	586.300000000000
467.020000000000	586.280000000000
467.050000000000	586.230000000000
467.140000000000	586.080000000000
467.240000000000	585.900000000000
467.340000000000	585.710000000000
467.440000000000	585.530000000000
467.540000000000	585.350000000000
467.640000000000	585.160000000000
467.740000000000	584.980000000000
467.840000000000	584.800000000000
467.940000000000	584.610000000000
468	584.500000000000
468.010000000000	584.480000000000
468.020000000000	584.460000000000
468.050000000000	584.410000000000
468.140000000000	584.260000000000
468.240000000000	584.090000000000
468.340000000000	583.920000000000
468.440000000000	583.750000000000
468.540000000000	583.580000000000
468.640000000000	583.410000000000
468.740000000000	583.240000000000
468.840000000000	583.070000000000
468.940000000000	582.900000000000
469	582.800000000000
469.010000000000	582.780000000000
469.020000000000	582.770000000000
469.050000000000	582.730000000000
469.140000000000	582.610000000000
469.240000000000	582.480000000000
469.340000000000	582.350000000000
469.440000000000	582.230000000000
469.540000000000	582.100000000000
469.640000000000	581.980000000000
469.740000000000	581.850000000000
469.840000000000	581.730000000000
469.940000000000	581.610000000000
470	581.530000000000
470.010000000000	581.520000000000
470.020000000000	581.500000000000
470.050000000000	581.430000000000
470.140000000000	581.200000000000
470.240000000000	580.940000000000
470.340000000000	580.660000000000
470.440000000000	580.390000000000
470.540000000000	580.110000000000
470.640000000000	579.830000000000
470.740000000000	579.540000000000
470.840000000000	579.260000000000
470.940000000000	578.980000000000
471	578.800000000000
471.010000000000	578.780000000000
471.020000000000	578.760000000000
471.050000000000	578.720000000000
471.140000000000	578.610000000000
471.240000000000	578.520000000000
471.340000000000	578.430000000000
471.440000000000	578.340000000000
471.540000000000	578.260000000000
471.640000000000	578.180000000000
471.740000000000	578.100000000000
471.840000000000	578.030000000000
471.940000000000	577.960000000000
472	577.910000000000
472.010000000000	577.900000000000
472.020000000000	577.890000000000
472.050000000000	577.840000000000
472.140000000000	577.680000000000
472.240000000000	577.490000000000
472.340000000000	577.300000000000
472.440000000000	577.110000000000
472.540000000000	576.910000000000
472.640000000000	576.710000000000
472.740000000000	576.510000000000
472.840000000000	576.310000000000
472.940000000000	576.110000000000
473	575.990000000000
473.010000000000	575.980000000000
473.020000000000	575.960000000000
473.050000000000	575.910000000000
473.140000000000	575.790000000000
473.240000000000	575.660000000000
473.340000000000	575.530000000000
473.440000000000	575.400000000000
473.540000000000	575.280000000000
473.640000000000	575.150000000000
473.740000000000	575.030000000000
473.840000000000	574.910000000000
473.940000000000	574.780000000000
474	574.710000000000
474.010000000000	574.690000000000
474.020000000000	574.680000000000
474.050000000000	574.610000000000
474.140000000000	574.390000000000
474.240000000000	574.140000000000
474.340000000000	573.880000000000
474.440000000000	573.610000000000
474.540000000000	573.340000000000
474.640000000000	573.070000000000
474.740000000000	572.800000000000
474.840000000000	572.530000000000
474.940000000000	572.260000000000
475	572.100000000000
475.010000000000	572.070000000000
475.020000000000	572.050000000000
475.050000000000	571.990000000000
475.140000000000	571.830000000000
475.240000000000	571.670000000000
475.340000000000	571.500000000000
475.440000000000	571.340000000000
475.540000000000	571.190000000000
475.640000000000	571.030000000000
475.740000000000	570.880000000000
475.840000000000	570.720000000000
475.940000000000	570.570000000000
476	570.480000000000
476.010000000000	570.460000000000
476.020000000000	570.450000000000
476.050000000000	570.420000000000
476.140000000000	570.360000000000
476.240000000000	570.300000000000
476.340000000000	570.240000000000
476.440000000000	570.180000000000
476.540000000000	570.130000000000
476.640000000000	570.080000000000
476.740000000000	570.030000000000
476.840000000000	569.980000000000
476.940000000000	569.930000000000
477	569.900000000000
477.010000000000	569.890000000000
477.020000000000	569.880000000000
477.050000000000	569.830000000000
477.140000000000	569.680000000000
477.240000000000	569.490000000000
477.340000000000	569.300000000000
477.440000000000	569.100000000000
477.540000000000	568.900000000000
477.640000000000	568.700000000000
477.740000000000	568.500000000000
477.840000000000	568.300000000000
477.940000000000	568.090000000000
478	567.970000000000
478.010000000000	567.950000000000
478.020000000000	567.940000000000
478.050000000000	567.890000000000
478.140000000000	567.770000000000
478.240000000000	567.640000000000
478.340000000000	567.510000000000
478.440000000000	567.380000000000
478.540000000000	567.260000000000
478.640000000000	567.140000000000
478.740000000000	567.010000000000
478.840000000000	566.890000000000
478.940000000000	566.770000000000
479	566.700000000000
479.010000000000	566.680000000000
479.020000000000	566.670000000000
479.050000000000	566.630000000000
479.140000000000	566.520000000000
479.240000000000	566.400000000000
479.340000000000	566.280000000000
479.440000000000	566.160000000000
479.540000000000	566.040000000000
479.640000000000	565.920000000000
479.740000000000	565.800000000000
479.840000000000	565.680000000000
479.940000000000	565.560000000000
480	565.490000000000
480.010000000000	565.470000000000
480.020000000000	565.460000000000
480.050000000000	565.410000000000
480.140000000000	565.270000000000
480.240000000000	565.110000000000
480.340000000000	564.950000000000
480.440000000000	564.790000000000
480.540000000000	564.630000000000
480.640000000000	564.460000000000
480.740000000000	564.300000000000
480.840000000000	564.130000000000
480.940000000000	563.970000000000
481	563.870000000000
481.010000000000	563.850000000000
481.020000000000	563.840000000000
481.050000000000	563.810000000000
481.140000000000	563.720000000000
481.240000000000	563.640000000000
481.340000000000	563.560000000000
481.440000000000	563.480000000000
481.540000000000	563.400000000000
481.640000000000	563.320000000000
481.740000000000	563.240000000000
481.840000000000	563.170000000000
481.940000000000	563.090000000000
482	563.050000000000
482.010000000000	563.030000000000
482.020000000000	563.010000000000
482.050000000000	562.920000000000
482.140000000000	562.600000000000
482.240000000000	562.220000000000
482.340000000000	561.830000000000
482.440000000000	561.420000000000
482.540000000000	561.010000000000
482.640000000000	560.600000000000
482.740000000000	560.180000000000
482.840000000000	559.760000000000
482.940000000000	559.340000000000
483	559.090000000000
483.010000000000	559.050000000000
483.020000000000	559.020000000000
483.050000000000	558.950000000000
483.140000000000	558.790000000000
483.240000000000	558.640000000000
483.340000000000	558.500000000000
483.440000000000	558.360000000000
483.540000000000	558.230000000000
483.640000000000	558.100000000000
483.740000000000	557.980000000000
483.840000000000	557.850000000000
483.940000000000	557.730000000000
484	557.660000000000
484.010000000000	557.650000000000
484.020000000000	557.630000000000
484.050000000000	557.590000000000
484.140000000000	557.470000000000
484.240000000000	557.320000000000
484.340000000000	557.180000000000
484.440000000000	557.040000000000
484.540000000000	556.900000000000
484.640000000000	556.760000000000
484.740000000000	556.620000000000
484.840000000000	556.470000000000
484.940000000000	556.330000000000
485	556.250000000000
485.010000000000	556.230000000000
485.020000000000	556.210000000000
485.050000000000	556.160000000000
485.140000000000	555.980000000000
485.240000000000	555.780000000000
485.340000000000	555.580000000000
485.440000000000	555.370000000000
485.540000000000	555.170000000000
485.640000000000	554.960000000000
485.740000000000	554.750000000000
485.840000000000	554.540000000000
485.940000000000	554.330000000000
486	554.210000000000
486.010000000000	554.190000000000
486.020000000000	554.170000000000
486.050000000000	554.100000000000
486.140000000000	553.900000000000
486.240000000000	553.670000000000
486.340000000000	553.440000000000
486.440000000000	553.220000000000
486.540000000000	552.990000000000
486.640000000000	552.760000000000
486.740000000000	552.530000000000
486.840000000000	552.300000000000
486.940000000000	552.070000000000
487	551.930000000000
487.010000000000	551.910000000000
487.020000000000	551.900000000000
487.050000000000	551.850000000000
487.140000000000	551.720000000000
487.240000000000	551.580000000000
487.340000000000	551.450000000000
487.440000000000	551.320000000000
487.540000000000	551.190000000000
487.640000000000	551.060000000000
487.740000000000	550.940000000000
487.840000000000	550.810000000000
487.940000000000	550.690000000000
488	550.610000000000
488.010000000000	550.600000000000
488.020000000000	550.590000000000
488.050000000000	550.550000000000
488.140000000000	550.440000000000
488.240000000000	550.320000000000
488.340000000000	550.190000000000
488.440000000000	550.070000000000
488.540000000000	549.950000000000
488.640000000000	549.830000000000
488.740000000000	549.700000000000
488.840000000000	549.580000000000
488.940000000000	549.460000000000
489	549.390000000000
489.010000000000	549.380000000000
489.020000000000	549.360000000000
489.050000000000	549.320000000000
489.140000000000	549.190000000000
489.240000000000	549.040000000000
489.340000000000	548.900000000000
489.440000000000	548.750000000000
489.540000000000	548.600000000000
489.640000000000	548.450000000000
489.740000000000	548.300000000000
489.840000000000	548.150000000000
489.940000000000	548
490	547.910000000000
490.010000000000	547.900000000000
490.020000000000	547.880000000000
490.050000000000	547.830000000000
490.140000000000	547.680000000000
490.240000000000	547.500000000000
490.340000000000	547.330000000000
490.440000000000	547.150000000000
490.540000000000	546.980000000000
490.640000000000	546.800000000000
490.740000000000	546.630000000000
490.840000000000	546.450000000000
490.940000000000	546.270000000000
491	546.170000000000
491.010000000000	546.150000000000
491.020000000000	546.130000000000
491.050000000000	546.090000000000
491.140000000000	545.970000000000
491.240000000000	545.850000000000
491.340000000000	545.720000000000
491.440000000000	545.590000000000
491.540000000000	545.470000000000
491.640000000000	545.350000000000
491.740000000000	545.230000000000
491.840000000000	545.100000000000
491.940000000000	544.980000000000
492	544.910000000000
492.010000000000	544.890000000000
492.020000000000	544.880000000000
492.050000000000	544.820000000000
492.140000000000	544.640000000000
492.240000000000	544.420000000000
492.340000000000	544.200000000000
492.440000000000	543.980000000000
492.540000000000	543.760000000000
492.640000000000	543.530000000000
492.740000000000	543.310000000000
492.840000000000	543.080000000000
492.940000000000	542.860000000000
493	542.720000000000
493.010000000000	542.700000000000
493.020000000000	542.680000000000
493.050000000000	542.630000000000
493.140000000000	542.510000000000
493.240000000000	542.370000000000
493.340000000000	542.240000000000
493.440000000000	542.120000000000
493.540000000000	541.990000000000
493.640000000000	541.860000000000
493.740000000000	541.740000000000
493.840000000000	541.620000000000
493.940000000000	541.490000000000
494	541.420000000000
494.010000000000	541.410000000000
494.020000000000	541.390000000000
494.050000000000	541.330000000000
494.140000000000	541.150000000000
494.240000000000	540.930000000000
494.340000000000	540.710000000000
494.440000000000	540.490000000000
494.540000000000	540.260000000000
494.640000000000	540.040000000000
494.740000000000	539.810000000000
494.840000000000	539.590000000000
494.940000000000	539.360000000000
495	539.220000000000
495.010000000000	539.200000000000
495.020000000000	539.190000000000
495.050000000000	539.140000000000
495.140000000000	539.030000000000
495.240000000000	538.910000000000
495.340000000000	538.800000000000
495.440000000000	538.690000000000
495.540000000000	538.590000000000
495.640000000000	538.480000000000
495.740000000000	538.380000000000
495.840000000000	538.280000000000
495.940000000000	538.180000000000
496	538.120000000000
496.010000000000	538.110000000000
496.020000000000	538.100000000000
496.050000000000	538.060000000000
496.140000000000	537.950000000000
496.240000000000	537.830000000000
496.340000000000	537.710000000000
496.440000000000	537.590000000000
496.540000000000	537.470000000000
496.640000000000	537.350000000000
496.740000000000	537.230000000000
496.840000000000	537.110000000000
496.940000000000	536.990000000000
497	536.920000000000
497.010000000000	536.900000000000
497.020000000000	536.890000000000
497.050000000000	536.840000000000
497.140000000000	536.690000000000
497.240000000000	536.510000000000
497.340000000000	536.340000000000
497.440000000000	536.160000000000
497.540000000000	535.980000000000
497.640000000000	535.800000000000
497.740000000000	535.620000000000
497.840000000000	535.440000000000
497.940000000000	535.260000000000
498	535.150000000000
498.010000000000	535.130000000000
498.020000000000	535.120000000000
498.050000000000	535.110000000000
498.140000000000	535.090000000000
498.240000000000	535.090000000000
498.340000000000	535.090000000000
498.440000000000	535.100000000000
498.540000000000	535.120000000000
498.640000000000	535.130000000000
498.740000000000	535.150000000000
498.840000000000	535.170000000000
498.940000000000	535.190000000000
499	535.200000000000
499.010000000000	535.200000000000
499.020000000000	535.190000000000
499.050000000000	535.150000000000
499.140000000000	534.990000000000
499.240000000000	534.800000000000
499.340000000000	534.590000000000
499.440000000000	534.390000000000
499.540000000000	534.170000000000
499.640000000000	533.960000000000
499.740000000000	533.740000000000
499.840000000000	533.520000000000
499.940000000000	533.300000000000
500	533.170000000000
500.010000000000	533.140000000000
500.020000000000	533.120000000000
500.050000000000	533.050000000000
500.140000000000	532.850000000000
500.240000000000	532.630000000000
500.340000000000	532.410000000000
500.440000000000	532.180000000000
500.540000000000	531.950000000000
500.640000000000	531.730000000000
500.740000000000	531.500000000000
500.840000000000	531.280000000000
500.940000000000	531.050000000000
501	530.910000000000
501.010000000000	530.890000000000
501.020000000000	530.880000000000
501.050000000000	530.850000000000
501.140000000000	530.800000000000
501.240000000000	530.760000000000
501.340000000000	530.730000000000
501.440000000000	530.700000000000
501.540000000000	530.680000000000
501.640000000000	530.660000000000
501.740000000000	530.640000000000
501.840000000000	530.620000000000
501.940000000000	530.600000000000
502	530.590000000000
502.010000000000	530.590000000000
502.020000000000	530.580000000000
502.050000000000	530.560000000000
502.140000000000	530.470000000000
502.240000000000	530.360000000000
502.340000000000	530.250000000000
502.440000000000	530.140000000000
502.540000000000	530.020000000000
502.640000000000	529.910000000000
502.740000000000	529.790000000000
502.840000000000	529.670000000000
502.940000000000	529.560000000000
503	529.490000000000
503.010000000000	529.470000000000
503.020000000000	529.460000000000
503.050000000000	529.410000000000
503.140000000000	529.240000000000
503.240000000000	529.050000000000
503.340000000000	528.850000000000
503.440000000000	528.650000000000
503.540000000000	528.450000000000
503.640000000000	528.250000000000
503.740000000000	528.050000000000
503.840000000000	527.850000000000
503.940000000000	527.650000000000
504	527.520000000000
504.010000000000	527.500000000000
504.020000000000	527.480000000000
504.050000000000	527.420000000000
504.140000000000	527.220000000000
504.240000000000	526.990000000000
504.340000000000	526.770000000000
504.440000000000	526.540000000000
504.540000000000	526.320000000000
504.640000000000	526.090000000000
504.740000000000	525.870000000000
504.840000000000	525.640000000000
504.940000000000	525.410000000000
505	525.280000000000
505.010000000000	525.250000000000
505.020000000000	525.240000000000
505.050000000000	525.180000000000
505.140000000000	525.040000000000
505.240000000000	524.890000000000
505.340000000000	524.740000000000
505.440000000000	524.600000000000
505.540000000000	524.450000000000
505.640000000000	524.310000000000
505.740000000000	524.160000000000
505.840000000000	524.020000000000
505.940000000000	523.880000000000
506	523.790000000000
506.010000000000	523.780000000000
506.020000000000	523.770000000000
506.050000000000	523.730000000000
506.140000000000	523.620000000000
506.240000000000	523.500000000000
506.340000000000	523.380000000000
506.440000000000	523.260000000000
506.540000000000	523.140000000000
506.640000000000	523.030000000000
506.740000000000	522.910000000000
506.840000000000	522.790000000000
506.940000000000	522.680000000000
507	522.610000000000
507.010000000000	522.590000000000
507.020000000000	522.580000000000
507.050000000000	522.520000000000
507.140000000000	522.350000000000
507.240000000000	522.150000000000
507.340000000000	521.950000000000
507.440000000000	521.740000000000
507.540000000000	521.530000000000
507.640000000000	521.320000000000
507.740000000000	521.110000000000
507.840000000000	520.900000000000
507.940000000000	520.690000000000
508	520.560000000000
508.010000000000	520.540000000000
508.020000000000	520.520000000000
508.050000000000	520.460000000000
508.140000000000	520.270000000000
508.240000000000	520.070000000000
508.340000000000	519.860000000000
508.440000000000	519.650000000000
508.540000000000	519.450000000000
508.640000000000	519.240000000000
508.740000000000	519.030000000000
508.840000000000	518.830000000000
508.940000000000	518.620000000000
509	518.500000000000
509.010000000000	518.480000000000
509.020000000000	518.460000000000
509.050000000000	518.410000000000
509.140000000000	518.290000000000
509.240000000000	518.160000000000
509.340000000000	518.030000000000
509.440000000000	517.900000000000
509.540000000000	517.770000000000
509.640000000000	517.650000000000
509.740000000000	517.520000000000
509.840000000000	517.400000000000
509.940000000000	517.280000000000
510	517.210000000000
510.010000000000	517.190000000000
510.020000000000	517.180000000000
510.050000000000	517.140000000000
510.140000000000	517.030000000000
510.240000000000	516.910000000000
510.340000000000	516.790000000000
510.440000000000	516.670000000000
510.540000000000	516.550000000000
510.640000000000	516.430000000000
510.740000000000	516.310000000000
510.840000000000	516.190000000000
510.940000000000	516.070000000000
511	515.990000000000
511.010000000000	515.980000000000
511.020000000000	515.970000000000
511.050000000000	515.950000000000
511.140000000000	515.910000000000
511.240000000000	515.860000000000
511.340000000000	515.820000000000
511.440000000000	515.780000000000
511.540000000000	515.740000000000
511.640000000000	515.700000000000
511.740000000000	515.660000000000
511.840000000000	515.630000000000
511.940000000000	515.590000000000
512	515.570000000000
512.010000000000	515.560000000000
512.020000000000	515.550000000000
512.050000000000	515.500000000000
512.140000000000	515.310000000000
512.240000000000	515.090000000000
512.340000000000	514.860000000000
512.440000000000	514.620000000000
512.540000000000	514.380000000000
512.640000000000	514.140000000000
512.740000000000	513.890000000000
512.840000000000	513.640000000000
512.940000000000	513.400000000000
513	513.250000000000
513.010000000000	513.230000000000
513.020000000000	513.200000000000
513.050000000000	513.150000000000
513.140000000000	512.990000000000
513.240000000000	512.820000000000
513.340000000000	512.650000000000
513.440000000000	512.480000000000
513.540000000000	512.320000000000
513.640000000000	512.160000000000
513.740000000000	511.990000000000
513.840000000000	511.830000000000
513.940000000000	511.670000000000
514	511.570000000000
514.010000000000	511.560000000000
514.020000000000	511.550000000000
514.050000000000	511.520000000000
514.140000000000	511.470000000000
514.240000000000	511.420000000000
514.340000000000	511.370000000000
514.440000000000	511.330000000000
514.540000000000	511.290000000000
514.640000000000	511.260000000000
514.740000000000	511.220000000000
514.840000000000	511.190000000000
514.940000000000	511.150000000000
515	511.130000000000
515.010000000000	511.120000000000
515.020000000000	511.110000000000
515.050000000000	511.070000000000
515.140000000000	510.900000000000
515.240000000000	510.690000000000
515.340000000000	510.480000000000
515.440000000000	510.270000000000
515.540000000000	510.050000000000
515.640000000000	509.830000000000
515.740000000000	509.610000000000
515.840000000000	509.390000000000
515.940000000000	509.160000000000
516	509.030000000000
516.010000000000	509.010000000000
516.020000000000	508.990000000000
516.050000000000	508.950000000000
516.140000000000	508.830000000000
516.240000000000	508.710000000000
516.340000000000	508.590000000000
516.440000000000	508.470000000000
516.540000000000	508.360000000000
516.640000000000	508.240000000000
516.740000000000	508.130000000000
516.840000000000	508.020000000000
516.940000000000	507.910000000000
517	507.840000000000
517.010000000000	507.830000000000
517.020000000000	507.820000000000
517.050000000000	507.780000000000
517.140000000000	507.670000000000
517.240000000000	507.540000000000
517.340000000000	507.410000000000
517.440000000000	507.280000000000
517.540000000000	507.140000000000
517.640000000000	507.010000000000
517.740000000000	506.880000000000
517.840000000000	506.750000000000
517.940000000000	506.620000000000
518	506.540000000000
518.010000000000	506.530000000000
518.020000000000	506.510000000000
518.050000000000	506.460000000000
518.140000000000	506.290000000000
518.240000000000	506.090000000000
518.340000000000	505.890000000000
518.440000000000	505.700000000000
518.540000000000	505.490000000000
518.640000000000	505.290000000000
518.740000000000	505.090000000000
518.840000000000	504.890000000000
518.940000000000	504.690000000000
519	504.560000000000
519.010000000000	504.550000000000
519.020000000000	504.530000000000
519.050000000000	504.480000000000
519.140000000000	504.360000000000
519.240000000000	504.230000000000
519.340000000000	504.100000000000
519.440000000000	503.980000000000
519.540000000000	503.860000000000
519.640000000000	503.730000000000
519.740000000000	503.610000000000
519.840000000000	503.490000000000
519.940000000000	503.370000000000
520	503.290000000000
520.010000000000	503.290000000000
520.020000000000	503.280000000000
520.050000000000	503.260000000000
520.140000000000	503.230000000000
520.240000000000	503.200000000000
520.340000000000	503.180000000000
520.440000000000	503.160000000000
520.540000000000	503.140000000000
520.640000000000	503.130000000000
520.740000000000	503.110000000000
520.840000000000	503.100000000000
520.940000000000	503.080000000000
521	503.070000000000
521.010000000000	503.070000000000
521.020000000000	503.060000000000
521.050000000000	503.040000000000
521.140000000000	502.950000000000
521.240000000000	502.840000000000
521.340000000000	502.720000000000
521.440000000000	502.610000000000
521.540000000000	502.490000000000
521.640000000000	502.370000000000
521.740000000000	502.250000000000
521.840000000000	502.130000000000
521.940000000000	502.010000000000
522	501.940000000000
522.010000000000	501.920000000000
522.020000000000	501.910000000000
522.050000000000	501.850000000000
522.140000000000	501.670000000000
522.240000000000	501.470000000000
522.340000000000	501.260000000000
522.440000000000	501.050000000000
522.540000000000	500.840000000000
522.640000000000	500.630000000000
522.740000000000	500.410000000000
522.840000000000	500.200000000000
522.940000000000	499.980000000000
523	499.850000000000
523.010000000000	499.830000000000
523.020000000000	499.820000000000
523.050000000000	499.770000000000
523.140000000000	499.650000000000
523.240000000000	499.520000000000
523.340000000000	499.390000000000
523.440000000000	499.270000000000
523.540000000000	499.140000000000
523.640000000000	499.020000000000
523.740000000000	498.900000000000
523.840000000000	498.780000000000
523.940000000000	498.660000000000
524	498.590000000000
524.010000000000	498.570000000000
524.020000000000	498.560000000000
524.050000000000	498.530000000000
524.140000000000	498.440000000000
524.240000000000	498.340000000000
524.340000000000	498.240000000000
524.440000000000	498.140000000000
524.540000000000	498.040000000000
524.640000000000	497.940000000000
524.740000000000	497.840000000000
524.840000000000	497.750000000000
524.940000000000	497.650000000000
525	497.590000000000
525.010000000000	497.580000000000
525.020000000000	497.570000000000
525.050000000000	497.540000000000
525.140000000000	497.430000000000
525.240000000000	497.320000000000
525.340000000000	497.200000000000
525.440000000000	497.080000000000
525.540000000000	496.970000000000
525.640000000000	496.850000000000
525.740000000000	496.730000000000
525.840000000000	496.610000000000
525.940000000000	496.500000000000
526	496.430000000000
526.010000000000	496.410000000000
526.020000000000	496.400000000000
526.050000000000	496.340000000000
526.140000000000	496.160000000000
526.240000000000	495.950000000000
526.340000000000	495.730000000000
526.440000000000	495.510000000000
526.540000000000	495.290000000000
526.640000000000	495.070000000000
526.740000000000	494.850000000000
526.840000000000	494.620000000000
526.940000000000	494.400000000000
527	494.270000000000
527.010000000000	494.250000000000
527.020000000000	494.230000000000
527.050000000000	494.180000000000
527.140000000000	494.050000000000
527.240000000000	493.920000000000
527.340000000000	493.790000000000
527.440000000000	493.670000000000
527.540000000000	493.550000000000
527.640000000000	493.420000000000
527.740000000000	493.300000000000
527.840000000000	493.180000000000
527.940000000000	493.060000000000
528	492.980000000000
528.010000000000	492.970000000000
528.020000000000	492.960000000000
528.050000000000	492.910000000000
528.140000000000	492.780000000000
528.240000000000	492.630000000000
528.340000000000	492.470000000000
528.440000000000	492.320000000000
528.540000000000	492.160000000000
528.640000000000	492.010000000000
528.740000000000	491.850000000000
528.840000000000	491.700000000000
528.940000000000	491.540000000000
529	491.450000000000
529.010000000000	491.430000000000
529.020000000000	491.420000000000
529.050000000000	491.390000000000
529.140000000000	491.300000000000
529.240000000000	491.210000000000
529.340000000000	491.120000000000
529.440000000000	491.030000000000
529.540000000000	490.950000000000
529.640000000000	490.860000000000
529.740000000000	490.780000000000
529.840000000000	490.700000000000
529.940000000000	490.610000000000
530	490.560000000000
530.010000000000	490.550000000000
530.020000000000	490.540000000000
530.050000000000	490.490000000000
530.140000000000	490.320000000000
530.240000000000	490.120000000000
530.340000000000	489.920000000000
530.440000000000	489.710000000000
530.540000000000	489.510000000000
530.640000000000	489.300000000000
530.740000000000	489.090000000000
530.840000000000	488.880000000000
530.940000000000	488.660000000000
531	488.540000000000
531.010000000000	488.520000000000
531.020000000000	488.500000000000
531.050000000000	488.460000000000
531.140000000000	488.360000000000
531.240000000000	488.250000000000
531.340000000000	488.150000000000
531.440000000000	488.040000000000
531.540000000000	487.950000000000
531.640000000000	487.850000000000
531.740000000000	487.750000000000
531.840000000000	487.650000000000
531.940000000000	487.560000000000
532	487.500000000000
532.010000000000	487.490000000000
532.020000000000	487.480000000000
532.050000000000	487.440000000000
532.140000000000	487.330000000000
532.240000000000	487.200000000000
532.340000000000	487.060000000000
532.440000000000	486.930000000000
532.540000000000	486.790000000000
532.640000000000	486.660000000000
532.740000000000	486.530000000000
532.840000000000	486.390000000000
532.940000000000	486.260000000000
533	486.170000000000
533.010000000000	486.160000000000
533.020000000000	486.150000000000
533.050000000000	486.110000000000
533.140000000000	486
533.240000000000	485.880000000000
533.340000000000	485.760000000000
533.440000000000	485.640000000000
533.540000000000	485.520000000000
533.640000000000	485.400000000000
533.740000000000	485.280000000000
533.840000000000	485.160000000000
533.940000000000	485.040000000000
534	484.970000000000
534.010000000000	484.960000000000
534.020000000000	484.950000000000
534.050000000000	484.910000000000
534.140000000000	484.810000000000
534.240000000000	484.690000000000
534.340000000000	484.570000000000
534.440000000000	484.450000000000
534.540000000000	484.330000000000
534.640000000000	484.210000000000
534.740000000000	484.100000000000
534.840000000000	483.980000000000
534.940000000000	483.860000000000
535	483.790000000000
535.010000000000	483.780000000000
535.020000000000	483.760000000000
535.050000000000	483.730000000000
535.140000000000	483.620000000000
535.240000000000	483.500000000000
535.340000000000	483.380000000000
535.440000000000	483.270000000000
535.540000000000	483.150000000000
535.640000000000	483.030000000000
535.740000000000	482.910000000000
535.840000000000	482.790000000000
535.940000000000	482.670000000000
536	482.600000000000
536.010000000000	482.590000000000
536.020000000000	482.580000000000
536.050000000000	482.540000000000
536.140000000000	482.440000000000
536.240000000000	482.320000000000
536.340000000000	482.200000000000
536.440000000000	482.080000000000
536.540000000000	481.960000000000
536.640000000000	481.850000000000
536.740000000000	481.730000000000
536.840000000000	481.610000000000
536.940000000000	481.490000000000
537	481.420000000000
537.010000000000	481.410000000000
537.020000000000	481.390000000000
537.050000000000	481.330000000000
537.140000000000	481.150000000000
537.240000000000	480.940000000000
537.340000000000	480.720000000000
537.440000000000	480.500000000000
537.540000000000	480.280000000000
537.640000000000	480.060000000000
537.740000000000	479.830000000000
537.840000000000	479.610000000000
537.940000000000	479.380000000000
538	479.250000000000
538.010000000000	479.230000000000
538.020000000000	479.220000000000
538.050000000000	479.190000000000
538.140000000000	479.140000000000
538.240000000000	479.110000000000
538.340000000000	479.080000000000
538.440000000000	479.050000000000
538.540000000000	479.030000000000
538.640000000000	479.010000000000
538.740000000000	478.990000000000
538.840000000000	478.980000000000
538.940000000000	478.960000000000
539	478.960000000000
539.010000000000	478.950000000000
539.020000000000	478.940000000000
539.050000000000	478.910000000000
539.140000000000	478.780000000000
539.240000000000	478.620000000000
539.340000000000	478.460000000000
539.440000000000	478.300000000000
539.540000000000	478.140000000000
539.640000000000	477.970000000000
539.740000000000	477.800000000000
539.840000000000	477.630000000000
539.940000000000	477.460000000000
540	477.360000000000
540.010000000000	477.340000000000
540.020000000000	477.330000000000
540.050000000000	477.280000000000
540.140000000000	477.140000000000
540.240000000000	476.990000000000
540.340000000000	476.840000000000
540.440000000000	476.690000000000
540.540000000000	476.540000000000
540.640000000000	476.390000000000
540.740000000000	476.240000000000
540.840000000000	476.090000000000
540.940000000000	475.940000000000
541	475.840000000000
541.010000000000	475.830000000000
541.020000000000	475.820000000000
541.050000000000	475.800000000000
541.140000000000	475.770000000000
541.240000000000	475.740000000000
541.340000000000	475.710000000000
541.440000000000	475.690000000000
541.540000000000	475.670000000000
541.640000000000	475.660000000000
541.740000000000	475.640000000000
541.840000000000	475.620000000000
541.940000000000	475.610000000000
542	475.600000000000
542.010000000000	475.590000000000
542.020000000000	475.580000000000
542.050000000000	475.540000000000
542.140000000000	475.370000000000
542.240000000000	475.180000000000
542.340000000000	474.970000000000
542.440000000000	474.760000000000
542.540000000000	474.550000000000
542.640000000000	474.330000000000
542.740000000000	474.110000000000
542.840000000000	473.890000000000
542.940000000000	473.670000000000
543	473.540000000000
543.010000000000	473.520000000000
543.020000000000	473.500000000000
543.050000000000	473.460000000000
543.140000000000	473.330000000000
543.240000000000	473.200000000000
543.340000000000	473.080000000000
543.440000000000	472.950000000000
543.540000000000	472.830000000000
543.640000000000	472.710000000000
543.740000000000	472.590000000000
543.840000000000	472.470000000000
543.940000000000	472.350000000000
544	472.280000000000
544.010000000000	472.260000000000
544.020000000000	472.250000000000
544.050000000000	472.220000000000
544.140000000000	472.110000000000
544.240000000000	471.990000000000
544.340000000000	471.870000000000
544.440000000000	471.750000000000
544.540000000000	471.630000000000
544.640000000000	471.510000000000
544.740000000000	471.390000000000
544.840000000000	471.280000000000
544.940000000000	471.160000000000
545	471.090000000000
545.010000000000	471.070000000000
545.020000000000	471.060000000000
545.050000000000	471.030000000000
545.140000000000	470.920000000000
545.240000000000	470.800000000000
545.340000000000	470.680000000000
545.440000000000	470.560000000000
545.540000000000	470.450000000000
545.640000000000	470.330000000000
545.740000000000	470.210000000000
545.840000000000	470.090000000000
545.940000000000	469.970000000000
546	469.900000000000
546.010000000000	469.890000000000
546.020000000000	469.880000000000
546.050000000000	469.840000000000
546.140000000000	469.740000000000
546.240000000000	469.620000000000
546.340000000000	469.500000000000
546.440000000000	469.380000000000
546.540000000000	469.260000000000
546.640000000000	469.140000000000
546.740000000000	469.030000000000
546.840000000000	468.910000000000
546.940000000000	468.790000000000
547	468.720000000000
547.010000000000	468.710000000000
547.020000000000	468.700000000000
547.050000000000	468.670000000000
547.140000000000	468.580000000000
547.240000000000	468.480000000000
547.340000000000	468.380000000000
547.440000000000	468.280000000000
547.540000000000	468.180000000000
547.640000000000	468.090000000000
547.740000000000	467.990000000000
547.840000000000	467.890000000000
547.940000000000	467.800000000000
548	467.740000000000
548.010000000000	467.730000000000
548.020000000000	467.710000000000
548.050000000000	467.670000000000
548.140000000000	467.540000000000
548.240000000000	467.390000000000
548.340000000000	467.240000000000
548.440000000000	467.090000000000
548.540000000000	466.940000000000
548.640000000000	466.780000000000
548.740000000000	466.630000000000
548.840000000000	466.470000000000
548.940000000000	466.320000000000
549	466.230000000000
549.010000000000	466.210000000000
549.020000000000	466.190000000000
549.050000000000	466.140000000000
549.140000000000	465.980000000000
549.240000000000	465.790000000000
549.340000000000	465.610000000000
549.440000000000	465.420000000000
549.540000000000	465.240000000000
549.640000000000	465.050000000000
549.740000000000	464.860000000000
549.840000000000	464.680000000000
549.940000000000	464.490000000000
550	464.380000000000
550.010000000000	464.360000000000
550.020000000000	464.340000000000
550.050000000000	464.300000000000
550.140000000000	464.180000000000
550.240000000000	464.050000000000
550.340000000000	463.930000000000
550.440000000000	463.810000000000
550.540000000000	463.680000000000
550.640000000000	463.560000000000
550.740000000000	463.440000000000
550.840000000000	463.320000000000
550.940000000000	463.200000000000
551	463.130000000000
551.010000000000	463.110000000000
551.020000000000	463.100000000000
551.050000000000	463.050000000000
551.140000000000	462.900000000000
551.240000000000	462.730000000000
551.340000000000	462.560000000000
551.440000000000	462.390000000000
551.540000000000	462.210000000000
551.640000000000	462.040000000000
551.740000000000	461.860000000000
551.840000000000	461.690000000000
551.940000000000	461.510000000000
552	461.410000000000
552.010000000000	461.390000000000
552.020000000000	461.370000000000
552.050000000000	461.320000000000
552.140000000000	461.170000000000
552.240000000000	461
552.340000000000	460.830000000000
552.440000000000	460.660000000000
552.540000000000	460.480000000000
552.640000000000	460.310000000000
552.740000000000	460.140000000000
552.840000000000	459.970000000000
552.940000000000	459.800000000000
553	459.700000000000
553.010000000000	459.690000000000
553.020000000000	459.680000000000
553.050000000000	459.660000000000
553.140000000000	459.620000000000
553.240000000000	459.590000000000
553.340000000000	459.560000000000
553.440000000000	459.540000000000
553.540000000000	459.520000000000
553.640000000000	459.510000000000
553.740000000000	459.490000000000
553.840000000000	459.480000000000
553.940000000000	459.460000000000
554	459.450000000000
554.010000000000	459.450000000000
554.020000000000	459.440000000000
554.050000000000	459.420000000000
554.140000000000	459.330000000000
554.240000000000	459.220000000000
554.340000000000	459.110000000000
554.440000000000	459
554.540000000000	458.890000000000
554.640000000000	458.770000000000
554.740000000000	458.660000000000
554.840000000000	458.540000000000
554.940000000000	458.430000000000
555	458.360000000000
555.010000000000	458.350000000000
555.020000000000	458.340000000000
555.050000000000	458.310000000000
555.140000000000	458.220000000000
555.240000000000	458.120000000000
555.340000000000	458.020000000000
555.440000000000	457.930000000000
555.540000000000	457.830000000000
555.640000000000	457.730000000000
555.740000000000	457.640000000000
555.840000000000	457.540000000000
555.940000000000	457.450000000000
556	457.390000000000
556.010000000000	457.380000000000
556.020000000000	457.370000000000
556.050000000000	457.330000000000
556.140000000000	457.230000000000
556.240000000000	457.120000000000
556.340000000000	457
556.440000000000	456.890000000000
556.540000000000	456.770000000000
556.640000000000	456.650000000000
556.740000000000	456.540000000000
556.840000000000	456.420000000000
556.940000000000	456.300000000000
557	456.230000000000
557.010000000000	456.220000000000
557.020000000000	456.210000000000
557.050000000000	456.190000000000
557.140000000000	456.140000000000
557.240000000000	456.090000000000
557.340000000000	456.040000000000
557.440000000000	455.990000000000
557.540000000000	455.940000000000
557.640000000000	455.900000000000
557.740000000000	455.850000000000
557.840000000000	455.810000000000
557.940000000000	455.760000000000
558	455.740000000000
558.010000000000	455.730000000000
558.020000000000	455.720000000000
558.050000000000	455.680000000000
558.140000000000	455.530000000000
558.240000000000	455.360000000000
558.340000000000	455.180000000000
558.440000000000	455
558.540000000000	454.810000000000
558.640000000000	454.630000000000
558.740000000000	454.440000000000
558.840000000000	454.250000000000
558.940000000000	454.070000000000
559	453.950000000000
559.010000000000	453.930000000000
559.020000000000	453.920000000000
559.050000000000	453.880000000000
559.140000000000	453.760000000000
559.240000000000	453.630000000000
559.340000000000	453.510000000000
559.440000000000	453.390000000000
559.540000000000	453.270000000000
559.640000000000	453.150000000000
559.740000000000	453.030000000000
559.840000000000	452.910000000000
559.940000000000	452.790000000000
560	452.720000000000
560.010000000000	452.710000000000
560.020000000000	452.700000000000
560.050000000000	452.660000000000
560.140000000000	452.550000000000
560.240000000000	452.440000000000
560.340000000000	452.320000000000
560.440000000000	452.200000000000
560.540000000000	452.080000000000
560.640000000000	451.960000000000
560.740000000000	451.840000000000
560.840000000000	451.730000000000
560.940000000000	451.610000000000
561	451.540000000000
561.010000000000	451.530000000000
561.020000000000	451.520000000000
561.050000000000	451.500000000000
561.140000000000	451.470000000000
561.240000000000	451.440000000000
561.340000000000	451.420000000000
561.440000000000	451.390000000000
561.540000000000	451.370000000000
561.640000000000	451.350000000000
561.740000000000	451.330000000000
561.840000000000	451.310000000000
561.940000000000	451.290000000000
562	451.280000000000
562.010000000000	451.280000000000
562.020000000000	451.270000000000
562.050000000000	451.220000000000
562.140000000000	451.060000000000
562.240000000000	450.870000000000
562.340000000000	450.670000000000
562.440000000000	450.460000000000
562.540000000000	450.250000000000
562.640000000000	450.040000000000
562.740000000000	449.830000000000
562.840000000000	449.620000000000
562.940000000000	449.400000000000
563	449.270000000000
563.010000000000	449.260000000000
563.020000000000	449.240000000000
563.050000000000	449.200000000000
563.140000000000	449.090000000000
563.240000000000	448.990000000000
563.340000000000	448.880000000000
563.440000000000	448.780000000000
563.540000000000	448.680000000000
563.640000000000	448.580000000000
563.740000000000	448.480000000000
563.840000000000	448.380000000000
563.940000000000	448.280000000000
564	448.230000000000
564.010000000000	448.220000000000
564.020000000000	448.200000000000
564.050000000000	448.170000000000
564.140000000000	448.070000000000
564.240000000000	447.950000000000
564.340000000000	447.830000000000
564.440000000000	447.720000000000
564.540000000000	447.600000000000
564.640000000000	447.480000000000
564.740000000000	447.360000000000
564.840000000000	447.250000000000
564.940000000000	447.130000000000
565	447.060000000000
565.010000000000	447.050000000000
565.020000000000	447.040000000000
565.050000000000	447.030000000000
565.140000000000	447
565.240000000000	446.980000000000
565.340000000000	446.960000000000
565.440000000000	446.940000000000
565.540000000000	446.930000000000
565.640000000000	446.910000000000
565.740000000000	446.900000000000
565.840000000000	446.890000000000
565.940000000000	446.880000000000
566	446.870000000000
566.010000000000	446.870000000000
566.020000000000	446.860000000000
566.050000000000	446.810000000000
566.140000000000	446.650000000000
566.240000000000	446.450000000000
566.340000000000	446.240000000000
566.440000000000	446.030000000000
566.540000000000	445.820000000000
566.640000000000	445.600000000000
566.740000000000	445.380000000000
566.840000000000	445.160000000000
566.940000000000	444.940000000000
567	444.810000000000
567.010000000000	444.790000000000
567.020000000000	444.780000000000
567.050000000000	444.750000000000
567.140000000000	444.700000000000
567.240000000000	444.660000000000
567.340000000000	444.620000000000
567.440000000000	444.590000000000
567.540000000000	444.570000000000
567.640000000000	444.540000000000
567.740000000000	444.520000000000
567.840000000000	444.490000000000
567.940000000000	444.470000000000
568	444.460000000000
568.010000000000	444.450000000000
568.020000000000	444.450000000000
568.050000000000	444.420000000000
568.140000000000	444.340000000000
568.240000000000	444.240000000000
568.340000000000	444.140000000000
568.440000000000	444.040000000000
568.540000000000	443.930000000000
568.640000000000	443.830000000000
568.740000000000	443.720000000000
568.840000000000	443.620000000000
568.940000000000	443.510000000000
569	443.450000000000
569.010000000000	443.440000000000
569.020000000000	443.420000000000
569.050000000000	443.370000000000
569.140000000000	443.190000000000
569.240000000000	442.980000000000
569.340000000000	442.760000000000
569.440000000000	442.540000000000
569.540000000000	442.320000000000
569.640000000000	442.100000000000
569.740000000000	441.880000000000
569.840000000000	441.660000000000
569.940000000000	441.440000000000
570	441.300000000000
570.010000000000	441.280000000000
570.020000000000	441.270000000000
570.050000000000	441.240000000000
570.140000000000	441.200000000000
570.240000000000	441.170000000000
570.340000000000	441.140000000000
570.440000000000	441.120000000000
570.540000000000	441.100000000000
570.640000000000	441.080000000000
570.740000000000	441.060000000000
570.840000000000	441.050000000000
570.940000000000	441.040000000000
571	441.030000000000
571.010000000000	441.020000000000
571.020000000000	441.010000000000
571.050000000000	440.970000000000
571.140000000000	440.800000000000
571.240000000000	440.610000000000
571.340000000000	440.400000000000
571.440000000000	440.190000000000
571.540000000000	439.980000000000
571.640000000000	439.770000000000
571.740000000000	439.550000000000
571.840000000000	439.340000000000
571.940000000000	439.120000000000
572	438.990000000000
572.010000000000	438.970000000000
572.020000000000	438.960000000000
572.050000000000	438.930000000000
572.140000000000	438.890000000000
572.240000000000	438.850000000000
572.340000000000	438.820000000000
572.440000000000	438.790000000000
572.540000000000	438.770000000000
572.640000000000	438.750000000000
572.740000000000	438.730000000000
572.840000000000	438.710000000000
572.940000000000	438.690000000000
573	438.680000000000
573.010000000000	438.680000000000
573.020000000000	438.670000000000
573.050000000000	438.650000000000
573.140000000000	438.580000000000
573.240000000000	438.490000000000
573.340000000000	438.400000000000
573.440000000000	438.310000000000
573.540000000000	438.220000000000
573.640000000000	438.130000000000
573.740000000000	438.030000000000
573.840000000000	437.940000000000
573.940000000000	437.850000000000
574	437.790000000000
574.010000000000	437.780000000000
574.020000000000	437.770000000000
574.050000000000	437.740000000000
574.140000000000	437.640000000000
574.240000000000	437.520000000000
574.340000000000	437.410000000000
574.440000000000	437.290000000000
574.540000000000	437.180000000000
574.640000000000	437.060000000000
574.740000000000	436.950000000000
574.840000000000	436.830000000000
574.940000000000	436.720000000000
575	436.650000000000
575.010000000000	436.640000000000
575.020000000000	436.620000000000
575.050000000000	436.590000000000
575.140000000000	436.480000000000
575.240000000000	436.370000000000
575.340000000000	436.250000000000
575.440000000000	436.130000000000
575.540000000000	436.020000000000
575.640000000000	435.900000000000
575.740000000000	435.790000000000
575.840000000000	435.670000000000
575.940000000000	435.550000000000
576	435.480000000000
576.010000000000	435.470000000000
576.020000000000	435.460000000000
576.050000000000	435.420000000000
576.140000000000	435.320000000000
576.240000000000	435.200000000000
576.340000000000	435.080000000000
576.440000000000	434.970000000000
576.540000000000	434.850000000000
576.640000000000	434.730000000000
576.740000000000	434.620000000000
576.840000000000	434.500000000000
576.940000000000	434.380000000000
577	434.310000000000
577.010000000000	434.300000000000
577.020000000000	434.280000000000
577.050000000000	434.230000000000
577.140000000000	434.060000000000
577.240000000000	433.870000000000
577.340000000000	433.680000000000
577.440000000000	433.480000000000
577.540000000000	433.290000000000
577.640000000000	433.090000000000
577.740000000000	432.890000000000
577.840000000000	432.690000000000
577.940000000000	432.490000000000
578	432.370000000000
578.010000000000	432.350000000000
578.020000000000	432.340000000000
578.050000000000	432.310000000000
578.140000000000	432.250000000000
578.240000000000	432.200000000000
578.340000000000	432.150000000000
578.440000000000	432.110000000000
578.540000000000	432.070000000000
578.640000000000	432.020000000000
578.740000000000	431.990000000000
578.840000000000	431.950000000000
578.940000000000	431.910000000000
579	431.890000000000
579.010000000000	431.880000000000
579.020000000000	431.880000000000
579.050000000000	431.850000000000
579.140000000000	431.760000000000
579.240000000000	431.650000000000
579.340000000000	431.540000000000
579.440000000000	431.420000000000
579.540000000000	431.310000000000
579.640000000000	431.190000000000
579.740000000000	431.080000000000
579.840000000000	430.960000000000
579.940000000000	430.850000000000
580	430.780000000000
580.010000000000	430.770000000000
580.020000000000	430.750000000000
580.050000000000	430.720000000000
580.140000000000	430.610000000000
580.240000000000	430.500000000000
580.340000000000	430.380000000000
580.440000000000	430.260000000000
580.540000000000	430.150000000000
580.640000000000	430.030000000000
580.740000000000	429.910000000000
580.840000000000	429.800000000000
580.940000000000	429.680000000000
581	429.610000000000
581.010000000000	429.600000000000
581.020000000000	429.590000000000
581.050000000000	429.550000000000
581.140000000000	429.450000000000
581.240000000000	429.330000000000
581.340000000000	429.210000000000
581.440000000000	429.090000000000
581.540000000000	428.980000000000
581.640000000000	428.860000000000
581.740000000000	428.740000000000
581.840000000000	428.630000000000
581.940000000000	428.510000000000
582	428.440000000000
582.010000000000	428.430000000000
582.020000000000	428.420000000000
582.050000000000	428.380000000000
582.140000000000	428.290000000000
582.240000000000	428.200000000000
582.340000000000	428.100000000000
582.440000000000	428
582.540000000000	427.910000000000
582.640000000000	427.810000000000
582.740000000000	427.710000000000
582.840000000000	427.620000000000
582.940000000000	427.520000000000
583	427.460000000000
583.010000000000	427.450000000000
583.020000000000	427.440000000000
583.050000000000	427.410000000000
583.140000000000	427.310000000000
583.240000000000	427.190000000000
583.340000000000	427.080000000000
583.440000000000	426.960000000000
583.540000000000	426.840000000000
583.640000000000	426.730000000000
583.740000000000	426.610000000000
583.840000000000	426.490000000000
583.940000000000	426.380000000000
584	426.310000000000
584.010000000000	426.300000000000
584.020000000000	426.290000000000
584.050000000000	426.270000000000
584.140000000000	426.240000000000
584.240000000000	426.200000000000
584.340000000000	426.170000000000
584.440000000000	426.140000000000
584.540000000000	426.110000000000
584.640000000000	426.090000000000
584.740000000000	426.060000000000
584.840000000000	426.040000000000
584.940000000000	426.010000000000
585	426
585.010000000000	425.990000000000
585.020000000000	425.980000000000
585.050000000000	425.940000000000
585.140000000000	425.780000000000
585.240000000000	425.590000000000
585.340000000000	425.400000000000
585.440000000000	425.200000000000
585.540000000000	424.990000000000
585.640000000000	424.790000000000
585.740000000000	424.590000000000
585.840000000000	424.380000000000
585.940000000000	424.170000000000
586	424.050000000000
586.010000000000	424.030000000000
586.020000000000	424.010000000000
586.050000000000	423.970000000000
586.140000000000	423.850000000000
586.240000000000	423.720000000000
586.340000000000	423.600000000000
586.440000000000	423.470000000000
586.540000000000	423.350000000000
586.640000000000	423.230000000000
586.740000000000	423.110000000000
586.840000000000	422.990000000000
586.940000000000	422.870000000000
587	422.800000000000
587.010000000000	422.790000000000
587.020000000000	422.790000000000
587.050000000000	422.770000000000
587.140000000000	422.740000000000
587.240000000000	422.720000000000
587.340000000000	422.700000000000
587.440000000000	422.690000000000
587.540000000000	422.670000000000
587.640000000000	422.660000000000
587.740000000000	422.650000000000
587.840000000000	422.630000000000
587.940000000000	422.620000000000
588	422.620000000000
588.010000000000	422.610000000000
588.020000000000	422.610000000000
588.050000000000	422.580000000000
588.140000000000	422.500000000000
588.240000000000	422.390000000000
588.340000000000	422.280000000000
588.440000000000	422.170000000000
588.540000000000	422.060000000000
588.640000000000	421.950000000000
588.740000000000	421.840000000000
588.840000000000	421.720000000000
588.940000000000	421.610000000000
589	421.540000000000
589.010000000000	421.530000000000
589.020000000000	421.510000000000
589.050000000000	421.480000000000
589.140000000000	421.380000000000
589.240000000000	421.260000000000
589.340000000000	421.150000000000
589.440000000000	421.030000000000
589.540000000000	420.910000000000
589.640000000000	420.800000000000
589.740000000000	420.680000000000
589.840000000000	420.560000000000
589.940000000000	420.450000000000
590	420.380000000000
590.010000000000	420.370000000000
590.020000000000	420.360000000000
590.050000000000	420.350000000000
590.140000000000	420.310000000000
590.240000000000	420.280000000000
590.340000000000	420.250000000000
590.440000000000	420.220000000000
590.540000000000	420.200000000000
590.640000000000	420.180000000000
590.740000000000	420.150000000000
590.840000000000	420.130000000000
590.940000000000	420.110000000000
591	420.090000000000
591.010000000000	420.090000000000
591.020000000000	420.080000000000
591.050000000000	420.040000000000
591.140000000000	419.900000000000
591.240000000000	419.730000000000
591.340000000000	419.550000000000
591.440000000000	419.370000000000
591.540000000000	419.180000000000
591.640000000000	419
591.740000000000	418.810000000000
591.840000000000	418.630000000000
591.940000000000	418.440000000000
592	418.330000000000
592.010000000000	418.310000000000
592.020000000000	418.290000000000
592.050000000000	418.250000000000
592.140000000000	418.140000000000
592.240000000000	418.010000000000
592.340000000000	417.890000000000
592.440000000000	417.770000000000
592.540000000000	417.650000000000
592.640000000000	417.540000000000
592.740000000000	417.420000000000
592.840000000000	417.300000000000
592.940000000000	417.180000000000
593	417.110000000000
593.010000000000	417.100000000000
593.020000000000	417.100000000000
593.050000000000	417.080000000000
593.140000000000	417.060000000000
593.240000000000	417.030000000000
593.340000000000	417.010000000000
593.440000000000	417
593.540000000000	416.980000000000
593.640000000000	416.970000000000
593.740000000000	416.960000000000
593.840000000000	416.940000000000
593.940000000000	416.930000000000
594	416.930000000000
594.010000000000	416.920000000000
594.020000000000	416.920000000000
594.050000000000	416.890000000000
594.140000000000	416.810000000000
594.240000000000	416.700000000000
594.340000000000	416.590000000000
594.440000000000	416.480000000000
594.540000000000	416.370000000000
594.640000000000	416.260000000000
594.740000000000	416.150000000000
594.840000000000	416.030000000000
594.940000000000	415.920000000000
595	415.850000000000
595.010000000000	415.840000000000
595.020000000000	415.830000000000
595.050000000000	415.790000000000
595.140000000000	415.690000000000
595.240000000000	415.570000000000
595.340000000000	415.460000000000
595.440000000000	415.340000000000
595.540000000000	415.230000000000
595.640000000000	415.110000000000
595.740000000000	414.990000000000
595.840000000000	414.880000000000
595.940000000000	414.760000000000
596	414.690000000000
596.010000000000	414.680000000000
596.020000000000	414.680000000000
596.050000000000	414.660000000000
596.140000000000	414.640000000000
596.240000000000	414.620000000000
596.340000000000	414.600000000000
596.440000000000	414.590000000000
596.540000000000	414.570000000000
596.640000000000	414.560000000000
596.740000000000	414.550000000000
596.840000000000	414.540000000000
596.940000000000	414.530000000000
597	414.530000000000
597.010000000000	414.520000000000
597.020000000000	414.510000000000
597.050000000000	414.470000000000
597.140000000000	414.300000000000
597.240000000000	414.100000000000
597.340000000000	413.890000000000
597.440000000000	413.680000000000
597.540000000000	413.470000000000
597.640000000000	413.250000000000
597.740000000000	413.030000000000
597.840000000000	412.810000000000
597.940000000000	412.590000000000
598	412.460000000000
598.010000000000	412.440000000000
598.020000000000	412.430000000000
598.050000000000	412.400000000000
598.140000000000	412.360000000000
598.240000000000	412.330000000000
598.340000000000	412.300000000000
598.440000000000	412.280000000000
598.540000000000	412.270000000000
598.640000000000	412.250000000000
598.740000000000	412.240000000000
598.840000000000	412.220000000000
598.940000000000	412.210000000000
599	412.210000000000
599.010000000000	412.200000000000
599.020000000000	412.190000000000
599.050000000000	412.140000000000
599.140000000000	411.970000000000
599.240000000000	411.770000000000
599.340000000000	411.560000000000
599.440000000000	411.350000000000
599.540000000000	411.130000000000
599.640000000000	410.920000000000
599.740000000000	410.690000000000
599.840000000000	410.470000000000
599.940000000000	410.250000000000
600	410.120000000000
600.010000000000	410.100000000000
600.020000000000	410.090000000000
600.050000000000	410.060000000000
600.140000000000	410.020000000000
600.240000000000	409.990000000000
600.340000000000	409.960000000000
600.440000000000	409.940000000000
600.540000000000	409.920000000000
600.640000000000	409.910000000000
600.740000000000	409.890000000000
600.840000000000	409.880000000000
600.940000000000	409.870000000000
601	409.860000000000
601.010000000000	409.860000000000
601.020000000000	409.850000000000
601.050000000000	409.830000000000
601.140000000000	409.740000000000
601.240000000000	409.630000000000
601.340000000000	409.530000000000
601.440000000000	409.410000000000
601.540000000000	409.300000000000
601.640000000000	409.190000000000
601.740000000000	409.070000000000
601.840000000000	408.960000000000
601.940000000000	408.840000000000
602	408.780000000000
602.010000000000	408.760000000000
602.020000000000	408.750000000000
602.050000000000	408.720000000000
602.140000000000	408.640000000000
602.240000000000	408.540000000000
602.340000000000	408.440000000000
602.440000000000	408.350000000000
602.540000000000	408.250000000000
602.640000000000	408.160000000000
602.740000000000	408.060000000000
602.840000000000	407.970000000000
602.940000000000	407.870000000000
603	407.810000000000
603.010000000000	407.800000000000
603.020000000000	407.790000000000
603.050000000000	407.760000000000
603.140000000000	407.660000000000
603.240000000000	407.550000000000
603.340000000000	407.430000000000
603.440000000000	407.320000000000
603.540000000000	407.200000000000
603.640000000000	407.080000000000
603.740000000000	406.970000000000
603.840000000000	406.850000000000
603.940000000000	406.730000000000
604	406.660000000000
604.010000000000	406.650000000000
604.020000000000	406.640000000000
604.050000000000	406.610000000000
604.140000000000	406.500000000000
604.240000000000	406.380000000000
604.340000000000	406.270000000000
604.440000000000	406.150000000000
604.540000000000	406.030000000000
604.640000000000	405.920000000000
604.740000000000	405.800000000000
604.840000000000	405.680000000000
604.940000000000	405.570000000000
605	405.500000000000
605.010000000000	405.480000000000
605.020000000000	405.470000000000
605.050000000000	405.440000000000
605.140000000000	405.330000000000
605.240000000000	405.210000000000
605.340000000000	405.100000000000
605.440000000000	404.980000000000
605.540000000000	404.860000000000
605.640000000000	404.750000000000
605.740000000000	404.630000000000
605.840000000000	404.510000000000
605.940000000000	404.390000000000
606	404.320000000000
606.010000000000	404.310000000000
606.020000000000	404.290000000000
606.050000000000	404.240000000000
606.140000000000	404.060000000000
606.240000000000	403.860000000000
606.340000000000	403.650000000000
606.440000000000	403.440000000000
606.540000000000	403.220000000000
606.640000000000	403.010000000000
606.740000000000	402.800000000000
606.840000000000	402.580000000000
606.940000000000	402.360000000000
607	402.230000000000
607.010000000000	402.220000000000
607.020000000000	402.210000000000
607.050000000000	402.200000000000
607.140000000000	402.220000000000
607.240000000000	402.250000000000
607.340000000000	402.300000000000
607.440000000000	402.350000000000
607.540000000000	402.410000000000
607.640000000000	402.460000000000
607.740000000000	402.530000000000
607.840000000000	402.590000000000
607.940000000000	402.650000000000
608	402.690000000000
608.010000000000	402.690000000000
608.020000000000	402.690000000000
608.050000000000	402.650000000000
608.140000000000	402.510000000000
608.240000000000	402.340000000000
608.340000000000	402.150000000000
608.440000000000	401.960000000000
608.540000000000	401.770000000000
608.640000000000	401.570000000000
608.740000000000	401.380000000000
608.840000000000	401.180000000000
608.940000000000	400.980000000000
609	400.860000000000
609.010000000000	400.840000000000
609.020000000000	400.830000000000
609.050000000000	400.810000000000
609.140000000000	400.770000000000
609.240000000000	400.740000000000
609.340000000000	400.720000000000
609.440000000000	400.700000000000
609.540000000000	400.690000000000
609.640000000000	400.670000000000
609.740000000000	400.660000000000
609.840000000000	400.650000000000
609.940000000000	400.640000000000
610	400.630000000000
610.010000000000	400.630000000000
610.020000000000	400.620000000000
610.050000000000	400.600000000000
610.140000000000	400.510000000000
610.240000000000	400.400000000000
610.340000000000	400.290000000000
610.440000000000	400.170000000000
610.540000000000	400.060000000000
610.640000000000	399.940000000000
610.740000000000	399.820000000000
610.840000000000	399.700000000000
610.940000000000	399.590000000000
611	399.520000000000
611.010000000000	399.500000000000
611.020000000000	399.490000000000
611.050000000000	399.460000000000
611.140000000000	399.360000000000
611.240000000000	399.240000000000
611.340000000000	399.130000000000
611.440000000000	399.020000000000
611.540000000000	398.900000000000
611.640000000000	398.790000000000
611.740000000000	398.680000000000
611.840000000000	398.560000000000
611.940000000000	398.450000000000
612	398.380000000000
612.010000000000	398.370000000000
612.020000000000	398.360000000000
612.050000000000	398.330000000000
612.140000000000	398.240000000000
612.240000000000	398.140000000000
612.340000000000	398.050000000000
612.440000000000	397.950000000000
612.540000000000	397.850000000000
612.640000000000	397.760000000000
612.740000000000	397.660000000000
612.840000000000	397.570000000000
612.940000000000	397.470000000000
613	397.410000000000
613.010000000000	397.400000000000
613.020000000000	397.390000000000
613.050000000000	397.360000000000
613.140000000000	397.260000000000
613.240000000000	397.140000000000
613.340000000000	397.030000000000
613.440000000000	396.910000000000
613.540000000000	396.800000000000
613.640000000000	396.680000000000
613.740000000000	396.560000000000
613.840000000000	396.450000000000
613.940000000000	396.330000000000
614	396.260000000000
614.010000000000	396.250000000000
614.020000000000	396.240000000000
614.050000000000	396.230000000000
614.140000000000	396.210000000000
614.240000000000	396.190000000000
614.340000000000	396.170000000000
614.440000000000	396.150000000000
614.540000000000	396.140000000000
614.640000000000	396.130000000000
614.740000000000	396.120000000000
614.840000000000	396.110000000000
614.940000000000	396.100000000000
615	396.100000000000
615.010000000000	396.090000000000
615.020000000000	396.090000000000
615.050000000000	396.060000000000
615.140000000000	395.980000000000
615.240000000000	395.870000000000
615.340000000000	395.760000000000
615.440000000000	395.650000000000
615.540000000000	395.540000000000
615.640000000000	395.430000000000
615.740000000000	395.320000000000
615.840000000000	395.200000000000
615.940000000000	395.090000000000
616	395.020000000000
616.010000000000	395.010000000000
616.020000000000	395
616.050000000000	394.960000000000
616.140000000000	394.860000000000
616.240000000000	394.740000000000
616.340000000000	394.630000000000
616.440000000000	394.510000000000
616.540000000000	394.400000000000
616.640000000000	394.280000000000
616.740000000000	394.160000000000
616.840000000000	394.050000000000
616.940000000000	393.930000000000
617	393.860000000000
617.010000000000	393.850000000000
617.020000000000	393.840000000000
617.050000000000	393.800000000000
617.140000000000	393.700000000000
617.240000000000	393.580000000000
617.340000000000	393.460000000000
617.440000000000	393.350000000000
617.540000000000	393.230000000000
617.640000000000	393.110000000000
617.740000000000	393
617.840000000000	392.880000000000
617.940000000000	392.760000000000
618	392.690000000000
618.010000000000	392.680000000000
618.020000000000	392.670000000000
618.050000000000	392.650000000000
618.140000000000	392.590000000000
618.240000000000	392.530000000000
618.340000000000	392.460000000000
618.440000000000	392.400000000000
618.540000000000	392.350000000000
618.640000000000	392.290000000000
618.740000000000	392.230000000000
618.840000000000	392.170000000000
618.940000000000	392.120000000000
619	392.080000000000
619.010000000000	392.070000000000
619.020000000000	392.070000000000
619.050000000000	392.040000000000
619.140000000000	391.970000000000
619.240000000000	391.890000000000
619.340000000000	391.800000000000
619.440000000000	391.720000000000
619.540000000000	391.630000000000
619.640000000000	391.550000000000
619.740000000000	391.460000000000
619.840000000000	391.380000000000
619.940000000000	391.290000000000
620	391.240000000000
620.010000000000	391.230000000000
620.020000000000	391.210000000000
620.050000000000	391.160000000000
620.140000000000	391
620.240000000000	390.800000000000
620.340000000000	390.610000000000
620.440000000000	390.410000000000
620.540000000000	390.200000000000
620.640000000000	390
620.740000000000	389.800000000000
620.840000000000	389.590000000000
620.940000000000	389.380000000000
621	389.260000000000
621.010000000000	389.240000000000
621.020000000000	389.230000000000
621.050000000000	389.210000000000
621.140000000000	389.170000000000
621.240000000000	389.140000000000
621.340000000000	389.120000000000
621.440000000000	389.100000000000
621.540000000000	389.080000000000
621.640000000000	389.070000000000
621.740000000000	389.050000000000
621.840000000000	389.040000000000
621.940000000000	389.030000000000
622	389.020000000000
622.010000000000	389.020000000000
622.020000000000	389.020000000000
622.050000000000	389.010000000000
622.140000000000	389
622.240000000000	388.980000000000
622.340000000000	388.960000000000
622.440000000000	388.940000000000
622.540000000000	388.920000000000
622.640000000000	388.900000000000
622.740000000000	388.880000000000
622.840000000000	388.860000000000
622.940000000000	388.840000000000
623	388.830000000000
623.010000000000	388.820000000000
623.020000000000	388.820000000000
623.050000000000	388.800000000000
623.140000000000	388.710000000000
623.240000000000	388.610000000000
623.340000000000	388.510000000000
623.440000000000	388.410000000000
623.540000000000	388.300000000000
623.640000000000	388.190000000000
623.740000000000	388.090000000000
623.840000000000	387.980000000000
623.940000000000	387.870000000000
624	387.800000000000
624.010000000000	387.790000000000
624.020000000000	387.780000000000
624.050000000000	387.760000000000
624.140000000000	387.680000000000
624.240000000000	387.590000000000
624.340000000000	387.500000000000
624.440000000000	387.410000000000
624.540000000000	387.320000000000
624.640000000000	387.230000000000
624.740000000000	387.140000000000
624.840000000000	387.060000000000
624.940000000000	386.970000000000
625	386.920000000000
625.010000000000	386.910000000000
625.020000000000	386.900000000000
625.050000000000	386.860000000000
625.140000000000	386.770000000000
625.240000000000	386.660000000000
625.340000000000	386.540000000000
625.440000000000	386.430000000000
625.540000000000	386.320000000000
625.640000000000	386.210000000000
625.740000000000	386.090000000000
625.840000000000	385.980000000000
625.940000000000	385.870000000000
626	385.800000000000
626.010000000000	385.790000000000
626.020000000000	385.780000000000
626.050000000000	385.770000000000
626.140000000000	385.740000000000
626.240000000000	385.720000000000
626.340000000000	385.700000000000
626.440000000000	385.690000000000
626.540000000000	385.670000000000
626.640000000000	385.660000000000
626.740000000000	385.650000000000
626.840000000000	385.640000000000
626.940000000000	385.630000000000
627	385.620000000000
627.010000000000	385.620000000000
627.020000000000	385.600000000000
627.050000000000	385.560000000000
627.140000000000	385.390000000000
627.240000000000	385.190000000000
627.340000000000	384.980000000000
627.440000000000	384.770000000000
627.540000000000	384.560000000000
627.640000000000	384.340000000000
627.740000000000	384.120000000000
627.840000000000	383.900000000000
627.940000000000	383.680000000000
628	383.540000000000
628.010000000000	383.530000000000
628.020000000000	383.510000000000
628.050000000000	383.490000000000
628.140000000000	383.450000000000
628.240000000000	383.420000000000
628.340000000000	383.390000000000
628.440000000000	383.370000000000
628.540000000000	383.360000000000
628.640000000000	383.340000000000
628.740000000000	383.330000000000
628.840000000000	383.310000000000
628.940000000000	383.300000000000
629	383.300000000000
629.010000000000	383.290000000000
629.020000000000	383.290000000000
629.050000000000	383.260000000000
629.140000000000	383.170000000000
629.240000000000	383.070000000000
629.340000000000	382.960000000000
629.440000000000	382.850000000000
629.540000000000	382.730000000000
629.640000000000	382.620000000000
629.740000000000	382.510000000000
629.840000000000	382.390000000000
629.940000000000	382.280000000000
630	382.210000000000
630.010000000000	382.200000000000
630.020000000000	382.180000000000
630.050000000000	382.150000000000
630.140000000000	382.050000000000
630.240000000000	381.930000000000
630.340000000000	381.810000000000
630.440000000000	381.700000000000
630.540000000000	381.580000000000
630.640000000000	381.460000000000
630.740000000000	381.350000000000
630.840000000000	381.230000000000
630.940000000000	381.110000000000
631	381.040000000000
631.010000000000	381.040000000000
631.020000000000	381.030000000000
631.050000000000	381.020000000000
631.140000000000	380.990000000000
631.240000000000	380.970000000000
631.340000000000	380.960000000000
631.440000000000	380.940000000000
631.540000000000	380.930000000000
631.640000000000	380.920000000000
631.740000000000	380.910000000000
631.840000000000	380.900000000000
631.940000000000	380.890000000000
632	380.890000000000
632.010000000000	380.880000000000
632.020000000000	380.880000000000
632.050000000000	380.850000000000
632.140000000000	380.770000000000
632.240000000000	380.660000000000
632.340000000000	380.550000000000
632.440000000000	380.440000000000
632.540000000000	380.330000000000
632.640000000000	380.220000000000
632.740000000000	380.110000000000
632.840000000000	379.990000000000
632.940000000000	379.880000000000
633	379.810000000000
633.010000000000	379.800000000000
633.020000000000	379.790000000000
633.050000000000	379.750000000000
633.140000000000	379.650000000000
633.240000000000	379.530000000000
633.340000000000	379.420000000000
633.440000000000	379.300000000000
633.540000000000	379.190000000000
633.640000000000	379.070000000000
633.740000000000	378.950000000000
633.840000000000	378.840000000000
633.940000000000	378.720000000000
634	378.650000000000
634.010000000000	378.640000000000
634.020000000000	378.640000000000
634.050000000000	378.620000000000
634.140000000000	378.600000000000
634.240000000000	378.580000000000
634.340000000000	378.560000000000
634.440000000000	378.550000000000
634.540000000000	378.540000000000
634.640000000000	378.530000000000
634.740000000000	378.520000000000
634.840000000000	378.510000000000
634.940000000000	378.500000000000
635	378.500000000000
635.010000000000	378.490000000000
635.020000000000	378.490000000000
635.050000000000	378.470000000000
635.140000000000	378.400000000000
635.240000000000	378.310000000000
635.340000000000	378.230000000000
635.440000000000	378.140000000000
635.540000000000	378.050000000000
635.640000000000	377.960000000000
635.740000000000	377.860000000000
635.840000000000	377.770000000000
635.940000000000	377.680000000000
636	377.620000000000
636.010000000000	377.620000000000
636.020000000000	377.610000000000
636.050000000000	377.590000000000
636.140000000000	377.530000000000
636.240000000000	377.460000000000
636.340000000000	377.390000000000
636.440000000000	377.330000000000
636.540000000000	377.260000000000
636.640000000000	377.200000000000
636.740000000000	377.130000000000
636.840000000000	377.070000000000
636.940000000000	377.010000000000
637	376.970000000000
637.010000000000	376.960000000000
637.020000000000	376.950000000000
637.050000000000	376.930000000000
637.140000000000	376.870000000000
637.240000000000	376.800000000000
637.340000000000	376.730000000000
637.440000000000	376.660000000000
637.540000000000	376.580000000000
637.640000000000	376.510000000000
637.740000000000	376.440000000000
637.840000000000	376.370000000000
637.940000000000	376.300000000000
638	376.260000000000
638.010000000000	376.250000000000
638.020000000000	376.250000000000
638.050000000000	376.240000000000
638.140000000000	376.240000000000
638.240000000000	376.230000000000
638.340000000000	376.240000000000
638.440000000000	376.240000000000
638.540000000000	376.240000000000
638.640000000000	376.250000000000
638.740000000000	376.260000000000
638.840000000000	376.260000000000
638.940000000000	376.270000000000
639	376.280000000000
639.010000000000	376.270000000000
639.020000000000	376.260000000000
639.050000000000	376.210000000000
639.140000000000	376.030000000000
639.240000000000	375.810000000000
639.340000000000	375.580000000000
639.440000000000	375.340000000000
639.540000000000	375.100000000000
639.640000000000	374.860000000000
639.740000000000	374.620000000000
639.840000000000	374.370000000000
639.940000000000	374.130000000000
640	373.980000000000
640.010000000000	373.960000000000
640.020000000000	373.940000000000
640.050000000000	373.880000000000
640.140000000000	373.710000000000
640.240000000000	373.530000000000
640.340000000000	373.350000000000
640.440000000000	373.180000000000
640.540000000000	373
640.640000000000	372.820000000000
640.740000000000	372.650000000000
640.840000000000	372.470000000000
640.940000000000	372.300000000000
641	372.190000000000
641.010000000000	372.180000000000
641.020000000000	372.160000000000
641.050000000000	372.140000000000
641.140000000000	372.070000000000
641.240000000000	372
641.340000000000	371.940000000000
641.440000000000	371.880000000000
641.540000000000	371.830000000000
641.640000000000	371.770000000000
641.740000000000	371.720000000000
641.840000000000	371.660000000000
641.940000000000	371.610000000000
642	371.580000000000
642.010000000000	371.570000000000
642.020000000000	371.560000000000
642.050000000000	371.520000000000
642.140000000000	371.370000000000
642.240000000000	371.200000000000
642.340000000000	371.020000000000
642.440000000000	370.850000000000
642.540000000000	370.670000000000
642.640000000000	370.490000000000
642.740000000000	370.300000000000
642.840000000000	370.120000000000
642.940000000000	369.940000000000
643	369.830000000000
643.010000000000	369.810000000000
643.020000000000	369.800000000000
643.050000000000	369.780000000000
643.140000000000	369.730000000000
643.240000000000	369.680000000000
643.340000000000	369.640000000000
643.440000000000	369.610000000000
643.540000000000	369.570000000000
643.640000000000	369.540000000000
643.740000000000	369.510000000000
643.840000000000	369.480000000000
643.940000000000	369.450000000000
644	369.430000000000
644.010000000000	369.430000000000
644.020000000000	369.420000000000
644.050000000000	369.390000000000
644.140000000000	369.300000000000
644.240000000000	369.190000000000
644.340000000000	369.080000000000
644.440000000000	368.970000000000
644.540000000000	368.850000000000
644.640000000000	368.740000000000
644.740000000000	368.620000000000
644.840000000000	368.510000000000
644.940000000000	368.390000000000
645	368.320000000000
645.010000000000	368.310000000000
645.020000000000	368.310000000000
645.050000000000	368.290000000000
645.140000000000	368.270000000000
645.240000000000	368.250000000000
645.340000000000	368.230000000000
645.440000000000	368.220000000000
645.540000000000	368.210000000000
645.640000000000	368.200000000000
645.740000000000	368.190000000000
645.840000000000	368.180000000000
645.940000000000	368.170000000000
646	368.170000000000
646.010000000000	368.160000000000
646.020000000000	368.160000000000
646.050000000000	368.140000000000
646.140000000000	368.070000000000
646.240000000000	367.980000000000
646.340000000000	367.890000000000
646.440000000000	367.800000000000
646.540000000000	367.710000000000
646.640000000000	367.620000000000
646.740000000000	367.530000000000
646.840000000000	367.440000000000
646.940000000000	367.340000000000
647	367.290000000000
647.010000000000	367.280000000000
647.020000000000	367.270000000000
647.050000000000	367.240000000000
647.140000000000	367.140000000000
647.240000000000	367.020000000000
647.340000000000	366.910000000000
647.440000000000	366.790000000000
647.540000000000	366.680000000000
647.640000000000	366.560000000000
647.740000000000	366.450000000000
647.840000000000	366.330000000000
647.940000000000	366.220000000000
648	366.150000000000
648.010000000000	366.140000000000
648.020000000000	366.130000000000
648.050000000000	366.120000000000
648.140000000000	366.090000000000
648.240000000000	366.080000000000
648.340000000000	366.060000000000
648.440000000000	366.050000000000
648.540000000000	366.040000000000
648.640000000000	366.030000000000
648.740000000000	366.020000000000
648.840000000000	366.010000000000
648.940000000000	366
649	365.990000000000
649.010000000000	365.990000000000
649.020000000000	365.990000000000
649.050000000000	365.960000000000
649.140000000000	365.870000000000
649.240000000000	365.770000000000
649.340000000000	365.660000000000
649.440000000000	365.550000000000
649.540000000000	365.440000000000
649.640000000000	365.330000000000
649.740000000000	365.210000000000
649.840000000000	365.100000000000
649.940000000000	364.990000000000
650	364.920000000000
650.010000000000	364.900000000000
650.020000000000	364.890000000000
650.050000000000	364.860000000000
650.140000000000	364.760000000000
650.240000000000	364.640000000000
650.340000000000	364.520000000000
650.440000000000	364.410000000000
650.540000000000	364.290000000000
650.640000000000	364.180000000000
650.740000000000	364.060000000000
650.840000000000	363.940000000000
650.940000000000	363.830000000000
651	363.760000000000
651.010000000000	363.750000000000
651.020000000000	363.730000000000
651.050000000000	363.700000000000
651.140000000000	363.590000000000
651.240000000000	363.480000000000
651.340000000000	363.360000000000
651.440000000000	363.240000000000
651.540000000000	363.130000000000
651.640000000000	363.010000000000
651.740000000000	362.890000000000
651.840000000000	362.780000000000
651.940000000000	362.660000000000
652	362.590000000000
652.010000000000	362.580000000000
652.020000000000	362.570000000000
652.050000000000	362.560000000000
652.140000000000	362.530000000000
652.240000000000	362.520000000000
652.340000000000	362.500000000000
652.440000000000	362.490000000000
652.540000000000	362.470000000000
652.640000000000	362.460000000000
652.740000000000	362.450000000000
652.840000000000	362.450000000000
652.940000000000	362.440000000000
653	362.430000000000
653.010000000000	362.430000000000
653.020000000000	362.420000000000
653.050000000000	362.400000000000
653.140000000000	362.310000000000
653.240000000000	362.200000000000
653.340000000000	362.090000000000
653.440000000000	361.980000000000
653.540000000000	361.870000000000
653.640000000000	361.750000000000
653.740000000000	361.640000000000
653.840000000000	361.520000000000
653.940000000000	361.410000000000
654	361.340000000000
654.010000000000	361.330000000000
654.020000000000	361.310000000000
654.050000000000	361.280000000000
654.140000000000	361.180000000000
654.240000000000	361.060000000000
654.340000000000	360.950000000000
654.440000000000	360.830000000000
654.540000000000	360.720000000000
654.640000000000	360.600000000000
654.740000000000	360.490000000000
654.840000000000	360.370000000000
654.940000000000	360.260000000000
655	360.190000000000
655.010000000000	360.180000000000
655.020000000000	360.170000000000
655.050000000000	360.160000000000
655.140000000000	360.140000000000
655.240000000000	360.120000000000
655.340000000000	360.100000000000
655.440000000000	360.090000000000
655.540000000000	360.080000000000
655.640000000000	360.070000000000
655.740000000000	360.060000000000
655.840000000000	360.050000000000
655.940000000000	360.040000000000
656	360.040000000000
656.010000000000	360.030000000000
656.020000000000	360.030000000000
656.050000000000	360
656.140000000000	359.920000000000
656.240000000000	359.810000000000
656.340000000000	359.700000000000
656.440000000000	359.590000000000
656.540000000000	359.480000000000
656.640000000000	359.370000000000
656.740000000000	359.260000000000
656.840000000000	359.140000000000
656.940000000000	359.030000000000
657	358.960000000000
657.010000000000	358.950000000000
657.020000000000	358.940000000000
657.050000000000	358.900000000000
657.140000000000	358.800000000000
657.240000000000	358.680000000000
657.340000000000	358.570000000000
657.440000000000	358.450000000000
657.540000000000	358.330000000000
657.640000000000	358.220000000000
657.740000000000	358.100000000000
657.840000000000	357.990000000000
657.940000000000	357.870000000000
658	357.800000000000
658.010000000000	357.790000000000
658.020000000000	357.780000000000
658.050000000000	357.770000000000
658.140000000000	357.750000000000
658.240000000000	357.730000000000
658.340000000000	357.710000000000
658.440000000000	357.700000000000
658.540000000000	357.690000000000
658.640000000000	357.680000000000
658.740000000000	357.670000000000
658.840000000000	357.660000000000
658.940000000000	357.650000000000
659	357.650000000000
659.010000000000	357.650000000000
659.020000000000	357.640000000000
659.050000000000	357.620000000000
659.140000000000	357.550000000000
659.240000000000	357.460000000000
659.340000000000	357.380000000000
659.440000000000	357.290000000000
659.540000000000	357.200000000000
659.640000000000	357.110000000000
659.740000000000	357.010000000000
659.840000000000	356.920000000000
659.940000000000	356.830000000000
660	356.770000000000
660.010000000000	356.760000000000
660.020000000000	356.750000000000
660.050000000000	356.720000000000
660.140000000000	356.620000000000
660.240000000000	356.510000000000
660.340000000000	356.390000000000
660.440000000000	356.280000000000
660.540000000000	356.160000000000
660.640000000000	356.050000000000
660.740000000000	355.930000000000
660.840000000000	355.820000000000
660.940000000000	355.700000000000
661	355.630000000000
661.010000000000	355.620000000000
661.020000000000	355.610000000000
661.050000000000	355.580000000000
661.140000000000	355.470000000000
661.240000000000	355.350000000000
661.340000000000	355.240000000000
661.440000000000	355.120000000000
661.540000000000	355
661.640000000000	354.890000000000
661.740000000000	354.770000000000
661.840000000000	354.650000000000
661.940000000000	354.540000000000
662	354.470000000000
662.010000000000	354.460000000000
662.020000000000	354.450000000000
662.050000000000	354.420000000000
662.140000000000	354.330000000000
662.240000000000	354.240000000000
662.340000000000	354.140000000000
662.440000000000	354.050000000000
662.540000000000	353.960000000000
662.640000000000	353.870000000000
662.740000000000	353.770000000000
662.840000000000	353.680000000000
662.940000000000	353.590000000000
663	353.540000000000
663.010000000000	353.530000000000
663.020000000000	353.520000000000
663.050000000000	353.510000000000
663.140000000000	353.480000000000
663.240000000000	353.450000000000
663.340000000000	353.420000000000
663.440000000000	353.400000000000
663.540000000000	353.370000000000
663.640000000000	353.350000000000
663.740000000000	353.320000000000
663.840000000000	353.300000000000
663.940000000000	353.280000000000
664	353.260000000000
664.010000000000	353.260000000000
664.020000000000	353.250000000000
664.050000000000	353.220000000000
664.140000000000	353.130000000000
664.240000000000	353.010000000000
664.340000000000	352.890000000000
664.440000000000	352.770000000000
664.540000000000	352.650000000000
664.640000000000	352.520000000000
664.740000000000	352.400000000000
664.840000000000	352.270000000000
664.940000000000	352.150000000000
665	352.070000000000
665.010000000000	352.060000000000
665.020000000000	352.050000000000
665.050000000000	352.040000000000
665.140000000000	352.020000000000
665.240000000000	352
665.340000000000	351.980000000000
665.440000000000	351.970000000000
665.540000000000	351.960000000000
665.640000000000	351.950000000000
665.740000000000	351.940000000000
665.840000000000	351.930000000000
665.940000000000	351.920000000000
666	351.920000000000
666.010000000000	351.920000000000
666.020000000000	351.910000000000
666.050000000000	351.890000000000
666.140000000000	351.800000000000
666.240000000000	351.690000000000
666.340000000000	351.590000000000
666.440000000000	351.480000000000
666.540000000000	351.360000000000
666.640000000000	351.250000000000
666.740000000000	351.140000000000
666.840000000000	351.020000000000
666.940000000000	350.910000000000
667	350.840000000000
667.010000000000	350.830000000000
667.020000000000	350.830000000000
667.050000000000	350.810000000000
667.140000000000	350.790000000000
667.240000000000	350.770000000000
667.340000000000	350.760000000000
667.440000000000	350.750000000000
667.540000000000	350.740000000000
667.640000000000	350.730000000000
667.740000000000	350.720000000000
667.840000000000	350.710000000000
667.940000000000	350.710000000000
668	350.700000000000
668.010000000000	350.700000000000
668.020000000000	350.690000000000
668.050000000000	350.670000000000
668.140000000000	350.580000000000
668.240000000000	350.480000000000
668.340000000000	350.370000000000
668.440000000000	350.260000000000
668.540000000000	350.150000000000
668.640000000000	350.040000000000
668.740000000000	349.920000000000
668.840000000000	349.810000000000
668.940000000000	349.700000000000
669	349.630000000000
669.010000000000	349.620000000000
669.020000000000	349.610000000000
669.050000000000	349.570000000000
669.140000000000	349.470000000000
669.240000000000	349.350000000000
669.340000000000	349.240000000000
669.440000000000	349.120000000000
669.540000000000	349.010000000000
669.640000000000	348.890000000000
669.740000000000	348.770000000000
669.840000000000	348.660000000000
669.940000000000	348.540000000000
670	348.470000000000
670.010000000000	348.460000000000
670.020000000000	348.450000000000
670.050000000000	348.420000000000
670.140000000000	348.340000000000
670.240000000000	348.240000000000
670.340000000000	348.150000000000
670.440000000000	348.060000000000
670.540000000000	347.970000000000
670.640000000000	347.880000000000
670.740000000000	347.790000000000
670.840000000000	347.700000000000
670.940000000000	347.610000000000
671	347.560000000000
671.010000000000	347.550000000000
671.020000000000	347.550000000000
671.050000000000	347.540000000000
671.140000000000	347.510000000000
671.240000000000	347.490000000000
671.340000000000	347.470000000000
671.440000000000	347.460000000000
671.540000000000	347.440000000000
671.640000000000	347.430000000000
671.740000000000	347.410000000000
671.840000000000	347.400000000000
671.940000000000	347.390000000000
672	347.380000000000
672.010000000000	347.380000000000
672.020000000000	347.370000000000
672.050000000000	347.360000000000
672.140000000000	347.290000000000
672.240000000000	347.220000000000
672.340000000000	347.150000000000
672.440000000000	347.070000000000
672.540000000000	346.990000000000
672.640000000000	346.910000000000
672.740000000000	346.840000000000
672.840000000000	346.760000000000
672.940000000000	346.680000000000
673	346.630000000000
673.010000000000	346.620000000000
673.020000000000	346.610000000000
673.050000000000	346.570000000000
673.140000000000	346.450000000000
673.240000000000	346.300000000000
673.340000000000	346.160000000000
673.440000000000	346.010000000000
673.540000000000	345.860000000000
673.640000000000	345.710000000000
673.740000000000	345.560000000000
673.840000000000	345.410000000000
673.940000000000	345.260000000000
674	345.170000000000
674.010000000000	345.160000000000
674.020000000000	345.150000000000
674.050000000000	345.140000000000
674.140000000000	345.110000000000
674.240000000000	345.090000000000
674.340000000000	345.070000000000
674.440000000000	345.050000000000
674.540000000000	345.040000000000
674.640000000000	345.030000000000
674.740000000000	345.020000000000
674.840000000000	345.010000000000
674.940000000000	345
675	345
675.010000000000	345
675.020000000000	344.990000000000
675.050000000000	344.970000000000
675.140000000000	344.880000000000
675.240000000000	344.770000000000
675.340000000000	344.660000000000
675.440000000000	344.550000000000
675.540000000000	344.440000000000
675.640000000000	344.330000000000
675.740000000000	344.210000000000
675.840000000000	344.100000000000
675.940000000000	343.990000000000
676	343.920000000000
676.010000000000	343.910000000000
676.020000000000	343.890000000000
676.050000000000	343.860000000000
676.140000000000	343.760000000000
676.240000000000	343.640000000000
676.340000000000	343.520000000000
676.440000000000	343.410000000000
676.540000000000	343.290000000000
676.640000000000	343.180000000000
676.740000000000	343.060000000000
676.840000000000	342.940000000000
676.940000000000	342.830000000000
677	342.760000000000
677.010000000000	342.750000000000
677.020000000000	342.740000000000
677.050000000000	342.730000000000
677.140000000000	342.710000000000
677.240000000000	342.690000000000
677.340000000000	342.670000000000
677.440000000000	342.660000000000
677.540000000000	342.650000000000
677.640000000000	342.640000000000
677.740000000000	342.630000000000
677.840000000000	342.620000000000
677.940000000000	342.610000000000
678	342.610000000000
678.010000000000	342.610000000000
678.020000000000	342.610000000000
678.050000000000	342.610000000000
678.140000000000	342.600000000000
678.240000000000	342.590000000000
678.340000000000	342.590000000000
678.440000000000	342.580000000000
678.540000000000	342.580000000000
678.640000000000	342.570000000000
678.740000000000	342.560000000000
678.840000000000	342.560000000000
678.940000000000	342.550000000000
679	342.550000000000
679.010000000000	342.550000000000
679.020000000000	342.540000000000
679.050000000000	342.520000000000
679.140000000000	342.430000000000
679.240000000000	342.330000000000
679.340000000000	342.220000000000
679.440000000000	342.110000000000
679.540000000000	342
679.640000000000	341.890000000000
679.740000000000	341.780000000000
679.840000000000	341.670000000000
679.940000000000	341.550000000000
680	341.490000000000
680.010000000000	341.470000000000
680.020000000000	341.460000000000
680.050000000000	341.430000000000
680.140000000000	341.330000000000
680.240000000000	341.210000000000
680.340000000000	341.100000000000
680.440000000000	340.980000000000
680.540000000000	340.870000000000
680.640000000000	340.750000000000
680.740000000000	340.630000000000
680.840000000000	340.520000000000
680.940000000000	340.400000000000
681	340.330000000000
681.010000000000	340.320000000000
681.020000000000	340.310000000000
681.050000000000	340.260000000000
681.140000000000	340.130000000000
681.240000000000	339.970000000000
681.340000000000	339.810000000000
681.440000000000	339.650000000000
681.540000000000	339.490000000000
681.640000000000	339.330000000000
681.740000000000	339.170000000000
681.840000000000	339.010000000000
681.940000000000	338.850000000000
682	338.750000000000
682.010000000000	338.740000000000
682.020000000000	338.720000000000
682.050000000000	338.690000000000
682.140000000000	338.610000000000
682.240000000000	338.530000000000
682.340000000000	338.450000000000
682.440000000000	338.380000000000
682.540000000000	338.300000000000
682.640000000000	338.220000000000
682.740000000000	338.150000000000
682.840000000000	338.080000000000
682.940000000000	338
683	337.960000000000
683.010000000000	337.950000000000
683.020000000000	337.950000000000
683.050000000000	337.930000000000
683.140000000000	337.900000000000
683.240000000000	337.870000000000
683.340000000000	337.840000000000
683.440000000000	337.810000000000
683.540000000000	337.790000000000
683.640000000000	337.760000000000
683.740000000000	337.730000000000
683.840000000000	337.710000000000
683.940000000000	337.680000000000
684	337.670000000000
684.010000000000	337.660000000000
684.020000000000	337.660000000000
684.050000000000	337.640000000000
684.140000000000	337.580000000000
684.240000000000	337.510000000000
684.340000000000	337.440000000000
684.440000000000	337.360000000000
684.540000000000	337.290000000000
684.640000000000	337.220000000000
684.740000000000	337.140000000000
684.840000000000	337.070000000000
684.940000000000	336.990000000000
685	336.950000000000
685.010000000000	336.940000000000
685.020000000000	336.930000000000
685.050000000000	336.900000000000
685.140000000000	336.800000000000
685.240000000000	336.690000000000
685.340000000000	336.570000000000
685.440000000000	336.460000000000
685.540000000000	336.350000000000
685.640000000000	336.230000000000
685.740000000000	336.120000000000
685.840000000000	336
685.940000000000	335.880000000000
686	335.820000000000
686.010000000000	335.800000000000
686.020000000000	335.790000000000
686.050000000000	335.760000000000
686.140000000000	335.650000000000
686.240000000000	335.540000000000
686.340000000000	335.420000000000
686.440000000000	335.300000000000
686.540000000000	335.190000000000
686.640000000000	335.070000000000
686.740000000000	334.950000000000
686.840000000000	334.830000000000
686.940000000000	334.720000000000
687	334.650000000000
687.010000000000	334.640000000000
687.020000000000	334.630000000000
687.050000000000	334.620000000000
687.140000000000	334.600000000000
687.240000000000	334.580000000000
687.340000000000	334.560000000000
687.440000000000	334.550000000000
687.540000000000	334.540000000000
687.640000000000	334.530000000000
687.740000000000	334.520000000000
687.840000000000	334.510000000000
687.940000000000	334.500000000000
688	334.500000000000
688.010000000000	334.500000000000
688.020000000000	334.500000000000
688.050000000000	334.490000000000
688.140000000000	334.490000000000
688.240000000000	334.480000000000
688.340000000000	334.480000000000
688.440000000000	334.470000000000
688.540000000000	334.460000000000
688.640000000000	334.460000000000
688.740000000000	334.450000000000
688.840000000000	334.450000000000
688.940000000000	334.440000000000
689	334.440000000000
689.010000000000	334.440000000000
689.020000000000	334.430000000000
689.050000000000	334.410000000000
689.140000000000	334.320000000000
689.240000000000	334.220000000000
689.340000000000	334.110000000000
689.440000000000	334
689.540000000000	333.890000000000
689.640000000000	333.780000000000
689.740000000000	333.670000000000
689.840000000000	333.550000000000
689.940000000000	333.440000000000
690	333.370000000000
690.010000000000	333.360000000000
690.020000000000	333.350000000000
690.050000000000	333.330000000000
690.140000000000	333.290000000000
690.240000000000	333.250000000000
690.340000000000	333.210000000000
690.440000000000	333.170000000000
690.540000000000	333.130000000000
690.640000000000	333.090000000000
690.740000000000	333.050000000000
690.840000000000	333.010000000000
690.940000000000	332.980000000000
691	332.950000000000
691.010000000000	332.950000000000
691.020000000000	332.940000000000
691.050000000000	332.910000000000
691.140000000000	332.820000000000
691.240000000000	332.720000000000
691.340000000000	332.610000000000
691.440000000000	332.500000000000
691.540000000000	332.390000000000
691.640000000000	332.270000000000
691.740000000000	332.160000000000
691.840000000000	332.050000000000
691.940000000000	331.930000000000
692	331.870000000000
692.010000000000	331.850000000000
692.020000000000	331.840000000000
692.050000000000	331.820000000000
692.140000000000	331.730000000000
692.240000000000	331.650000000000
692.340000000000	331.560000000000
692.440000000000	331.470000000000
692.540000000000	331.380000000000
692.640000000000	331.290000000000
692.740000000000	331.210000000000
692.840000000000	331.120000000000
692.940000000000	331.030000000000
693	330.980000000000
693.010000000000	330.970000000000
693.020000000000	330.960000000000
693.050000000000	330.930000000000
693.140000000000	330.830000000000
693.240000000000	330.710000000000
693.340000000000	330.600000000000
693.440000000000	330.480000000000
693.540000000000	330.370000000000
693.640000000000	330.250000000000
693.740000000000	330.140000000000
693.840000000000	330.020000000000
693.940000000000	329.910000000000
694	329.840000000000
694.010000000000	329.820000000000
694.020000000000	329.810000000000
694.050000000000	329.780000000000
694.140000000000	329.680000000000
694.240000000000	329.560000000000
694.340000000000	329.450000000000
694.440000000000	329.340000000000
694.540000000000	329.220000000000
694.640000000000	329.110000000000
694.740000000000	329
694.840000000000	328.880000000000
694.940000000000	328.770000000000
695	328.700000000000
695.010000000000	328.690000000000
695.020000000000	328.680000000000
695.050000000000	328.670000000000
695.140000000000	328.650000000000
695.240000000000	328.620000000000
695.340000000000	328.610000000000
695.440000000000	328.590000000000
695.540000000000	328.570000000000
695.640000000000	328.560000000000
695.740000000000	328.550000000000
695.840000000000	328.540000000000
695.940000000000	328.520000000000
696	328.520000000000
696.010000000000	328.510000000000
696.020000000000	328.510000000000
696.050000000000	328.480000000000
696.140000000000	328.390000000000
696.240000000000	328.290000000000
696.340000000000	328.180000000000
696.440000000000	328.070000000000
696.540000000000	327.950000000000
696.640000000000	327.840000000000
696.740000000000	327.730000000000
696.840000000000	327.610000000000
696.940000000000	327.500000000000
697	327.430000000000
697.010000000000	327.420000000000
697.020000000000	327.410000000000
697.050000000000	327.400000000000
697.140000000000	327.380000000000
697.240000000000	327.360000000000
697.340000000000	327.350000000000
697.440000000000	327.340000000000
697.540000000000	327.330000000000
697.640000000000	327.320000000000
697.740000000000	327.310000000000
697.840000000000	327.300000000000
697.940000000000	327.290000000000
698	327.290000000000
698.010000000000	327.290000000000
698.020000000000	327.280000000000
698.050000000000	327.260000000000
698.140000000000	327.190000000000
698.240000000000	327.110000000000
698.340000000000	327.020000000000
698.440000000000	326.930000000000
698.540000000000	326.840000000000
698.640000000000	326.750000000000
698.740000000000	326.660000000000
698.840000000000	326.560000000000
698.940000000000	326.470000000000
699	326.420000000000
699.010000000000	326.410000000000
699.020000000000	326.400000000000
699.050000000000	326.390000000000
699.140000000000	326.380000000000
699.240000000000	326.360000000000
699.340000000000	326.350000000000
699.440000000000	326.340000000000
699.540000000000	326.330000000000
699.640000000000	326.320000000000
699.740000000000	326.320000000000
699.840000000000	326.310000000000
699.940000000000	326.300000000000
700	326.300000000000
700.010000000000	326.300000000000
700.020000000000	326.300000000000
700.050000000000	326.300000000000
700.140000000000	326.290000000000
700.240000000000	326.280000000000
700.340000000000	326.270000000000
700.440000000000	326.260000000000
700.540000000000	326.260000000000
700.640000000000	326.250000000000
700.740000000000	326.240000000000
700.840000000000	326.230000000000
700.940000000000	326.230000000000
701	326.220000000000
701.010000000000	326.220000000000
701.020000000000	326.210000000000
701.050000000000	326.190000000000
701.140000000000	326.110000000000
701.240000000000	326.010000000000
701.340000000000	325.900000000000
701.440000000000	325.800000000000
701.540000000000	325.690000000000
701.640000000000	325.580000000000
701.740000000000	325.470000000000
701.840000000000	325.360000000000
701.940000000000	325.250000000000
702	325.190000000000
702.010000000000	325.180000000000
702.020000000000	325.160000000000
702.050000000000	325.130000000000
702.140000000000	325.030000000000
702.240000000000	324.910000000000
702.340000000000	324.800000000000
702.440000000000	324.680000000000
702.540000000000	324.570000000000
702.640000000000	324.450000000000
702.740000000000	324.340000000000
702.840000000000	324.220000000000
702.940000000000	324.110000000000
703	324.040000000000
703.010000000000	324.030000000000
703.020000000000	324.010000000000
703.050000000000	323.980000000000
703.140000000000	323.870000000000
703.240000000000	323.760000000000
703.340000000000	323.640000000000
703.440000000000	323.530000000000
703.540000000000	323.410000000000
703.640000000000	323.290000000000
703.740000000000	323.180000000000
703.840000000000	323.060000000000
703.940000000000	322.940000000000
704	322.870000000000
704.010000000000	322.860000000000
704.020000000000	322.860000000000
704.050000000000	322.840000000000
704.140000000000	322.820000000000
704.240000000000	322.800000000000
704.340000000000	322.790000000000
704.440000000000	322.780000000000
704.540000000000	322.770000000000
704.640000000000	322.760000000000
704.740000000000	322.750000000000
704.840000000000	322.740000000000
704.940000000000	322.730000000000
705	322.730000000000
705.010000000000	322.730000000000
705.020000000000	322.720000000000
705.050000000000	322.710000000000
705.140000000000	322.670000000000
705.240000000000	322.620000000000
705.340000000000	322.570000000000
705.440000000000	322.520000000000
705.540000000000	322.470000000000
705.640000000000	322.420000000000
705.740000000000	322.370000000000
705.840000000000	322.310000000000
705.940000000000	322.260000000000
706	322.230000000000
706.010000000000	322.220000000000
706.020000000000	322.220000000000
706.050000000000	322.200000000000
706.140000000000	322.140000000000
706.240000000000	322.080000000000
706.340000000000	322.010000000000
706.440000000000	321.940000000000
706.540000000000	321.880000000000
706.640000000000	321.810000000000
706.740000000000	321.740000000000
706.840000000000	321.670000000000
706.940000000000	321.610000000000
707	321.570000000000
707.010000000000	321.560000000000
707.020000000000	321.550000000000
707.050000000000	321.520000000000
707.140000000000	321.420000000000
707.240000000000	321.320000000000
707.340000000000	321.200000000000
707.440000000000	321.090000000000
707.540000000000	320.980000000000
707.640000000000	320.870000000000
707.740000000000	320.750000000000
707.840000000000	320.640000000000
707.940000000000	320.530000000000
708	320.460000000000
708.010000000000	320.450000000000
708.020000000000	320.440000000000
708.050000000000	320.430000000000
708.140000000000	320.410000000000
708.240000000000	320.390000000000
708.340000000000	320.370000000000
708.440000000000	320.360000000000
708.540000000000	320.350000000000
708.640000000000	320.340000000000
708.740000000000	320.330000000000
708.840000000000	320.320000000000
708.940000000000	320.320000000000
709	320.310000000000
709.010000000000	320.310000000000
709.020000000000	320.300000000000
709.050000000000	320.280000000000
709.140000000000	320.190000000000
709.240000000000	320.080000000000
709.340000000000	319.980000000000
709.440000000000	319.870000000000
709.540000000000	319.750000000000
709.640000000000	319.640000000000
709.740000000000	319.530000000000
709.840000000000	319.410000000000
709.940000000000	319.300000000000
710	319.230000000000
710.010000000000	319.220000000000
710.020000000000	319.210000000000
710.050000000000	319.180000000000
710.140000000000	319.100000000000
710.240000000000	319.020000000000
710.340000000000	318.930000000000
710.440000000000	318.850000000000
710.540000000000	318.770000000000
710.640000000000	318.680000000000
710.740000000000	318.600000000000
710.840000000000	318.520000000000
710.940000000000	318.430000000000
711	318.380000000000
711.010000000000	318.370000000000
711.020000000000	318.360000000000
711.050000000000	318.330000000000
711.140000000000	318.230000000000
711.240000000000	318.110000000000
711.340000000000	317.990000000000
711.440000000000	317.870000000000
711.540000000000	317.750000000000
711.640000000000	317.630000000000
711.740000000000	317.510000000000
711.840000000000	317.390000000000
711.940000000000	317.260000000000
712	317.190000000000
712.010000000000	317.180000000000
712.020000000000	317.170000000000
712.050000000000	317.150000000000
712.140000000000	317.110000000000
712.240000000000	317.070000000000
712.340000000000	317.030000000000
712.440000000000	316.990000000000
712.540000000000	316.950000000000
712.640000000000	316.910000000000
712.740000000000	316.880000000000
712.840000000000	316.840000000000
712.940000000000	316.800000000000
713	316.780000000000
713.010000000000	316.780000000000
713.020000000000	316.780000000000
713.050000000000	316.760000000000
713.140000000000	316.730000000000
713.240000000000	316.690000000000
713.340000000000	316.660000000000
713.440000000000	316.620000000000
713.540000000000	316.580000000000
713.640000000000	316.540000000000
713.740000000000	316.510000000000
713.840000000000	316.470000000000
713.940000000000	316.430000000000
714	316.410000000000
714.010000000000	316.410000000000
714.020000000000	316.400000000000
714.050000000000	316.380000000000
714.140000000000	316.320000000000
714.240000000000	316.260000000000
714.340000000000	316.190000000000
714.440000000000	316.120000000000
714.540000000000	316.050000000000
714.640000000000	315.980000000000
714.740000000000	315.910000000000
714.840000000000	315.840000000000
714.940000000000	315.770000000000
715	315.730000000000
715.010000000000	315.720000000000
715.020000000000	315.710000000000
715.050000000000	315.680000000000
715.140000000000	315.580000000000
715.240000000000	315.470000000000
715.340000000000	315.360000000000
715.440000000000	315.250000000000
715.540000000000	315.130000000000
715.640000000000	315.020000000000
715.740000000000	314.900000000000
715.840000000000	314.790000000000
715.940000000000	314.670000000000
716	314.600000000000
716.010000000000	314.590000000000
716.020000000000	314.590000000000
716.050000000000	314.570000000000
716.140000000000	314.550000000000
716.240000000000	314.530000000000
716.340000000000	314.520000000000
716.440000000000	314.510000000000
716.540000000000	314.500000000000
716.640000000000	314.490000000000
716.740000000000	314.480000000000
716.840000000000	314.480000000000
716.940000000000	314.470000000000
717	314.470000000000
717.010000000000	314.470000000000
717.020000000000	314.460000000000
717.050000000000	314.460000000000
717.140000000000	314.460000000000
717.240000000000	314.450000000000
717.340000000000	314.450000000000
717.440000000000	314.440000000000
717.540000000000	314.440000000000
717.640000000000	314.430000000000
717.740000000000	314.430000000000
717.840000000000	314.420000000000
717.940000000000	314.420000000000
718	314.420000000000
718.010000000000	314.410000000000
718.020000000000	314.410000000000
718.050000000000	314.380000000000
718.140000000000	314.300000000000
718.240000000000	314.190000000000
718.340000000000	314.090000000000
718.440000000000	313.980000000000
718.540000000000	313.870000000000
718.640000000000	313.750000000000
718.740000000000	313.640000000000
718.840000000000	313.530000000000
718.940000000000	313.410000000000
719	313.350000000000
719.010000000000	313.340000000000
719.020000000000	313.330000000000
719.050000000000	313.300000000000
719.140000000000	313.220000000000
719.240000000000	313.140000000000
719.340000000000	313.050000000000
719.440000000000	312.970000000000
719.540000000000	312.890000000000
719.640000000000	312.800000000000
719.740000000000	312.720000000000
719.840000000000	312.640000000000
719.940000000000	312.550000000000
720	312.500000000000
720.010000000000	312.500000000000
720.020000000000	312.490000000000
720.050000000000	312.470000000000
720.140000000000	312.430000000000
720.240000000000	312.390000000000
720.340000000000	312.350000000000
720.440000000000	312.310000000000
720.540000000000	312.260000000000
720.640000000000	312.220000000000
720.740000000000	312.180000000000
720.840000000000	312.150000000000
720.940000000000	312.110000000000
721	312.080000000000
721.010000000000	312.080000000000
721.020000000000	312.070000000000
721.050000000000	312.040000000000
721.140000000000	311.950000000000
721.240000000000	311.840000000000
721.340000000000	311.730000000000
721.440000000000	311.620000000000
721.540000000000	311.500000000000
721.640000000000	311.390000000000
721.740000000000	311.280000000000
721.840000000000	311.160000000000
721.940000000000	311.050000000000
722	310.980000000000
722.010000000000	310.960000000000
722.020000000000	310.950000000000
722.050000000000	310.920000000000
722.140000000000	310.810000000000
722.240000000000	310.700000000000
722.340000000000	310.580000000000
722.440000000000	310.470000000000
722.540000000000	310.350000000000
722.640000000000	310.230000000000
722.740000000000	310.120000000000
722.840000000000	310
722.940000000000	309.880000000000
723	309.810000000000
723.010000000000	309.800000000000
723.020000000000	309.790000000000
723.050000000000	309.750000000000
723.140000000000	309.650000000000
723.240000000000	309.530000000000
723.340000000000	309.410000000000
723.440000000000	309.300000000000
723.540000000000	309.180000000000
723.640000000000	309.060000000000
723.740000000000	308.940000000000
723.840000000000	308.820000000000
723.940000000000	308.710000000000
724	308.640000000000
724.010000000000	308.620000000000
724.020000000000	308.610000000000
724.050000000000	308.580000000000
724.140000000000	308.470000000000
724.240000000000	308.350000000000
724.340000000000	308.240000000000
724.440000000000	308.120000000000
724.540000000000	308
724.640000000000	307.880000000000
724.740000000000	307.760000000000
724.840000000000	307.650000000000
724.940000000000	307.530000000000
725	307.460000000000
725.010000000000	307.450000000000
725.020000000000	307.440000000000
725.050000000000	307.430000000000
725.140000000000	307.400000000000
725.240000000000	307.390000000000
725.340000000000	307.370000000000
725.440000000000	307.360000000000
725.540000000000	307.350000000000
725.640000000000	307.340000000000
725.740000000000	307.330000000000
725.840000000000	307.320000000000
725.940000000000	307.310000000000
726	307.310000000000
726.010000000000	307.310000000000
726.020000000000	307.310000000000
726.050000000000	307.300000000000
726.140000000000	307.300000000000
726.240000000000	307.290000000000
726.340000000000	307.280000000000
726.440000000000	307.280000000000
726.540000000000	307.270000000000
726.640000000000	307.270000000000
726.740000000000	307.260000000000
726.840000000000	307.260000000000
726.940000000000	307.250000000000
727	307.250000000000
727.010000000000	307.250000000000
727.020000000000	307.240000000000
727.050000000000	307.220000000000
727.140000000000	307.150000000000
727.240000000000	307.070000000000
727.340000000000	306.980000000000
727.440000000000	306.890000000000
727.540000000000	306.800000000000
727.640000000000	306.710000000000
727.740000000000	306.620000000000
727.840000000000	306.530000000000
727.940000000000	306.430000000000
728	306.380000000000
728.010000000000	306.370000000000
728.020000000000	306.370000000000
728.050000000000	306.360000000000
728.140000000000	306.340000000000
728.240000000000	306.330000000000
728.340000000000	306.310000000000
728.440000000000	306.310000000000
728.540000000000	306.300000000000
728.640000000000	306.290000000000
728.740000000000	306.280000000000
728.840000000000	306.280000000000
728.940000000000	306.270000000000
729	306.270000000000
729.010000000000	306.270000000000
729.020000000000	306.260000000000
729.050000000000	306.240000000000
729.140000000000	306.150000000000
729.240000000000	306.040000000000
729.340000000000	305.930000000000
729.440000000000	305.820000000000
729.540000000000	305.710000000000
729.640000000000	305.600000000000
729.740000000000	305.490000000000
729.840000000000	305.370000000000
729.940000000000	305.260000000000
730	305.190000000000
730.010000000000	305.180000000000
730.020000000000	305.170000000000
730.050000000000	305.160000000000
730.140000000000	305.140000000000
730.240000000000	305.120000000000
730.340000000000	305.110000000000
730.440000000000	305.100000000000
730.540000000000	305.090000000000
730.640000000000	305.080000000000
730.740000000000	305.070000000000
730.840000000000	305.060000000000
730.940000000000	305.050000000000
731	305.040000000000
731.010000000000	305.040000000000
731.020000000000	305.040000000000
731.050000000000	305.010000000000
731.140000000000	304.920000000000
731.240000000000	304.820000000000
731.340000000000	304.710000000000
731.440000000000	304.610000000000
731.540000000000	304.500000000000
731.640000000000	304.380000000000
731.740000000000	304.270000000000
731.840000000000	304.160000000000
731.940000000000	304.050000000000
732	303.980000000000
732.010000000000	303.970000000000
732.020000000000	303.960000000000
732.050000000000	303.920000000000
732.140000000000	303.820000000000
732.240000000000	303.700000000000
732.340000000000	303.590000000000
732.440000000000	303.470000000000
732.540000000000	303.360000000000
732.640000000000	303.240000000000
732.740000000000	303.120000000000
732.840000000000	303.010000000000
732.940000000000	302.890000000000
733	302.820000000000
733.010000000000	302.810000000000
733.020000000000	302.800000000000
733.050000000000	302.790000000000
733.140000000000	302.770000000000
733.240000000000	302.750000000000
733.340000000000	302.740000000000
733.440000000000	302.730000000000
733.540000000000	302.720000000000
733.640000000000	302.710000000000
733.740000000000	302.700000000000
733.840000000000	302.690000000000
733.940000000000	302.690000000000
734	302.680000000000
734.010000000000	302.680000000000
734.020000000000	302.670000000000
734.050000000000	302.650000000000
734.140000000000	302.560000000000
734.240000000000	302.450000000000
734.340000000000	302.340000000000
734.440000000000	302.230000000000
734.540000000000	302.120000000000
734.640000000000	302.010000000000
734.740000000000	301.890000000000
734.840000000000	301.780000000000
734.940000000000	301.660000000000
735	301.590000000000
735.010000000000	301.590000000000
735.020000000000	301.580000000000
735.050000000000	301.570000000000
735.140000000000	301.550000000000
735.240000000000	301.530000000000
735.340000000000	301.520000000000
735.440000000000	301.510000000000
735.540000000000	301.500000000000
735.640000000000	301.490000000000
735.740000000000	301.480000000000
735.840000000000	301.470000000000
735.940000000000	301.470000000000
736	301.460000000000
736.010000000000	301.460000000000
736.020000000000	301.460000000000
736.050000000000	301.460000000000
736.140000000000	301.460000000000
736.240000000000	301.450000000000
736.340000000000	301.450000000000
736.440000000000	301.440000000000
736.540000000000	301.440000000000
736.640000000000	301.430000000000
736.740000000000	301.430000000000
736.840000000000	301.420000000000
736.940000000000	301.420000000000
737	301.420000000000
737.010000000000	301.410000000000
737.020000000000	301.410000000000
737.050000000000	301.380000000000
737.140000000000	301.300000000000
737.240000000000	301.190000000000
737.340000000000	301.090000000000
737.440000000000	300.980000000000
737.540000000000	300.870000000000
737.640000000000	300.750000000000
737.740000000000	300.640000000000
737.840000000000	300.530000000000
737.940000000000	300.410000000000
738	300.340000000000
738.010000000000	300.340000000000
738.020000000000	300.330000000000
738.050000000000	300.320000000000
738.140000000000	300.300000000000
738.240000000000	300.280000000000
738.340000000000	300.270000000000
738.440000000000	300.260000000000
738.540000000000	300.250000000000
738.640000000000	300.250000000000
738.740000000000	300.240000000000
738.840000000000	300.230000000000
738.940000000000	300.230000000000
739	300.220000000000
739.010000000000	300.220000000000
739.020000000000	300.210000000000
739.050000000000	300.190000000000
739.140000000000	300.100000000000
739.240000000000	300
739.340000000000	299.890000000000
739.440000000000	299.780000000000
739.540000000000	299.670000000000
739.640000000000	299.550000000000
739.740000000000	299.440000000000
739.840000000000	299.330000000000
739.940000000000	299.210000000000
740	299.140000000000
740.010000000000	299.140000000000
740.020000000000	299.130000000000
740.050000000000	299.120000000000
740.140000000000	299.100000000000
740.240000000000	299.080000000000
740.340000000000	299.070000000000
740.440000000000	299.060000000000
740.540000000000	299.050000000000
740.640000000000	299.040000000000
740.740000000000	299.040000000000
740.840000000000	299.030000000000
740.940000000000	299.020000000000
741	299.020000000000
741.010000000000	299.020000000000
741.020000000000	299.010000000000
741.050000000000	298.990000000000
741.140000000000	298.900000000000
741.240000000000	298.790000000000
741.340000000000	298.690000000000
741.440000000000	298.580000000000
741.540000000000	298.460000000000
741.640000000000	298.350000000000
741.740000000000	298.240000000000
741.840000000000	298.120000000000
741.940000000000	298.010000000000
742	297.940000000000
742.010000000000	297.930000000000
742.020000000000	297.930000000000
742.050000000000	297.910000000000
742.140000000000	297.890000000000
742.240000000000	297.880000000000
742.340000000000	297.870000000000
742.440000000000	297.860000000000
742.540000000000	297.850000000000
742.640000000000	297.840000000000
742.740000000000	297.830000000000
742.840000000000	297.830000000000
742.940000000000	297.820000000000
743	297.820000000000
743.010000000000	297.810000000000
743.020000000000	297.810000000000
743.050000000000	297.780000000000
743.140000000000	297.690000000000
743.240000000000	297.590000000000
743.340000000000	297.480000000000
743.440000000000	297.370000000000
743.540000000000	297.260000000000
743.640000000000	297.150000000000
743.740000000000	297.030000000000
743.840000000000	296.920000000000
743.940000000000	296.800000000000
744	296.730000000000
744.010000000000	296.730000000000
744.020000000000	296.720000000000
744.050000000000	296.710000000000
744.140000000000	296.690000000000
744.240000000000	296.670000000000
744.340000000000	296.660000000000
744.440000000000	296.650000000000
744.540000000000	296.640000000000
744.640000000000	296.630000000000
744.740000000000	296.630000000000
744.840000000000	296.620000000000
744.940000000000	296.610000000000
745	296.610000000000
745.010000000000	296.610000000000
745.020000000000	296.600000000000
745.050000000000	296.580000000000
745.140000000000	296.510000000000
745.240000000000	296.430000000000
745.340000000000	296.340000000000
745.440000000000	296.250000000000
745.540000000000	296.160000000000
745.640000000000	296.070000000000
745.740000000000	295.980000000000
745.840000000000	295.880000000000
745.940000000000	295.790000000000
746	295.740000000000
746.010000000000	295.730000000000
746.020000000000	295.720000000000
746.050000000000	295.720000000000
746.140000000000	295.700000000000
746.240000000000	295.690000000000
746.340000000000	295.670000000000
746.440000000000	295.670000000000
746.540000000000	295.660000000000
746.640000000000	295.650000000000
746.740000000000	295.650000000000
746.840000000000	295.640000000000
746.940000000000	295.630000000000
747	295.630000000000
747.010000000000	295.630000000000
747.020000000000	295.620000000000
747.050000000000	295.600000000000
747.140000000000	295.510000000000
747.240000000000	295.410000000000
747.340000000000	295.300000000000
747.440000000000	295.190000000000
747.540000000000	295.080000000000
747.640000000000	294.960000000000
747.740000000000	294.850000000000
747.840000000000	294.740000000000
747.940000000000	294.620000000000
748	294.550000000000
748.010000000000	294.540000000000
748.020000000000	294.540000000000
748.050000000000	294.530000000000
748.140000000000	294.510000000000
748.240000000000	294.490000000000
748.340000000000	294.480000000000
748.440000000000	294.470000000000
748.540000000000	294.460000000000
748.640000000000	294.450000000000
748.740000000000	294.450000000000
748.840000000000	294.440000000000
748.940000000000	294.430000000000
749	294.430000000000
749.010000000000	294.430000000000
749.020000000000	294.420000000000
749.050000000000	294.400000000000
749.140000000000	294.310000000000
749.240000000000	294.200000000000
749.340000000000	294.090000000000
749.440000000000	293.980000000000
749.540000000000	293.870000000000
749.640000000000	293.760000000000
749.740000000000	293.650000000000
749.840000000000	293.530000000000
749.940000000000	293.420000000000
750	293.350000000000
750.010000000000	293.340000000000
750.020000000000	293.320000000000
750.050000000000	293.290000000000
750.140000000000	293.190000000000
750.240000000000	293.070000000000
750.340000000000	292.950000000000
750.440000000000	292.840000000000
750.540000000000	292.720000000000
750.640000000000	292.600000000000
750.740000000000	292.490000000000
750.840000000000	292.370000000000
750.940000000000	292.250000000000
751	292.180000000000
751.010000000000	292.180000000000
751.020000000000	292.170000000000
751.050000000000	292.160000000000
751.140000000000	292.140000000000
751.240000000000	292.120000000000
751.340000000000	292.100000000000
751.440000000000	292.090000000000
751.540000000000	292.080000000000
751.640000000000	292.080000000000
751.740000000000	292.070000000000
751.840000000000	292.060000000000
751.940000000000	292.050000000000
752	292.050000000000
752.010000000000	292.050000000000
752.020000000000	292.050000000000
752.050000000000	292.040000000000
752.140000000000	292.010000000000
752.240000000000	291.970000000000
752.340000000000	291.930000000000
752.440000000000	291.890000000000
752.540000000000	291.850000000000
752.640000000000	291.810000000000
752.740000000000	291.770000000000
752.840000000000	291.740000000000
752.940000000000	291.700000000000
753	291.670000000000
753.010000000000	291.670000000000
753.020000000000	291.660000000000
753.050000000000	291.640000000000
753.140000000000	291.580000000000
753.240000000000	291.500000000000
753.340000000000	291.420000000000
753.440000000000	291.340000000000
753.540000000000	291.260000000000
753.640000000000	291.180000000000
753.740000000000	291.100000000000
753.840000000000	291.020000000000
753.940000000000	290.940000000000
754	290.900000000000
754.010000000000	290.890000000000
754.020000000000	290.890000000000
754.050000000000	290.880000000000
754.140000000000	290.860000000000
754.240000000000	290.850000000000
754.340000000000	290.840000000000
754.440000000000	290.830000000000
754.540000000000	290.830000000000
754.640000000000	290.820000000000
754.740000000000	290.810000000000
754.840000000000	290.810000000000
754.940000000000	290.800000000000
755	290.800000000000
755.010000000000	290.790000000000
755.020000000000	290.790000000000
755.050000000000	290.750000000000
755.140000000000	290.610000000000
755.240000000000	290.440000000000
755.340000000000	290.260000000000
755.440000000000	290.090000000000
755.540000000000	289.910000000000
755.640000000000	289.730000000000
755.740000000000	289.540000000000
755.840000000000	289.360000000000
755.940000000000	289.180000000000
756	289.070000000000
756.010000000000	289.050000000000
756.020000000000	289.050000000000
756.050000000000	289.040000000000
756.140000000000	289.070000000000
756.240000000000	289.110000000000
756.340000000000	289.150000000000
756.440000000000	289.210000000000
756.540000000000	289.260000000000
756.640000000000	289.320000000000
756.740000000000	289.380000000000
756.840000000000	289.440000000000
756.940000000000	289.500000000000
757	289.540000000000
757.010000000000	289.540000000000
757.020000000000	289.540000000000
757.050000000000	289.520000000000
757.140000000000	289.440000000000
757.240000000000	289.340000000000
757.340000000000	289.240000000000
757.440000000000	289.130000000000
757.540000000000	289.020000000000
757.640000000000	288.910000000000
757.740000000000	288.800000000000
757.840000000000	288.680000000000
757.940000000000	288.570000000000
758	288.500000000000
758.010000000000	288.490000000000
758.020000000000	288.490000000000
758.050000000000	288.470000000000
758.140000000000	288.430000000000
758.240000000000	288.390000000000
758.340000000000	288.350000000000
758.440000000000	288.310000000000
758.540000000000	288.280000000000
758.640000000000	288.240000000000
758.740000000000	288.210000000000
758.840000000000	288.170000000000
758.940000000000	288.140000000000
759	288.120000000000
759.010000000000	288.110000000000
759.020000000000	288.110000000000
759.050000000000	288.090000000000
759.140000000000	288.010000000000
759.240000000000	287.930000000000
759.340000000000	287.850000000000
759.440000000000	287.760000000000
759.540000000000	287.680000000000
759.640000000000	287.590000000000
759.740000000000	287.500000000000
759.840000000000	287.420000000000
759.940000000000	287.330000000000
760	287.280000000000
760.010000000000	287.270000000000
760.020000000000	287.270000000000
760.050000000000	287.260000000000
760.140000000000	287.240000000000
760.240000000000	287.230000000000
760.340000000000	287.220000000000
760.440000000000	287.210000000000
760.540000000000	287.200000000000
760.640000000000	287.190000000000
760.740000000000	287.190000000000
760.840000000000	287.180000000000
760.940000000000	287.180000000000
761	287.170000000000
761.010000000000	287.170000000000
761.020000000000	287.160000000000
761.050000000000	287.140000000000
761.140000000000	287.050000000000
761.240000000000	286.950000000000
761.340000000000	286.840000000000
761.440000000000	286.730000000000
761.540000000000	286.620000000000
761.640000000000	286.500000000000
761.740000000000	286.390000000000
761.840000000000	286.270000000000
761.940000000000	286.160000000000
762	286.090000000000
762.010000000000	286.080000000000
762.020000000000	286.070000000000
762.050000000000	286.040000000000
762.140000000000	285.950000000000
762.240000000000	285.860000000000
762.340000000000	285.770000000000
762.440000000000	285.670000000000
762.540000000000	285.580000000000
762.640000000000	285.490000000000
762.740000000000	285.390000000000
762.840000000000	285.300000000000
762.940000000000	285.210000000000
763	285.150000000000
763.010000000000	285.140000000000
763.020000000000	285.140000000000
763.050000000000	285.130000000000
763.140000000000	285.110000000000
763.240000000000	285.090000000000
763.340000000000	285.080000000000
763.440000000000	285.070000000000
763.540000000000	285.060000000000
763.640000000000	285.050000000000
763.740000000000	285.040000000000
763.840000000000	285.030000000000
763.940000000000	285.020000000000
764	285.020000000000
764.010000000000	285.020000000000
764.020000000000	285.010000000000
764.050000000000	284.980000000000
764.140000000000	284.900000000000
764.240000000000	284.790000000000
764.340000000000	284.680000000000
764.440000000000	284.570000000000
764.540000000000	284.460000000000
764.640000000000	284.340000000000
764.740000000000	284.230000000000
764.840000000000	284.110000000000
764.940000000000	284
765	283.930000000000
765.010000000000	283.920000000000
765.020000000000	283.910000000000
765.050000000000	283.900000000000
765.140000000000	283.880000000000
765.240000000000	283.870000000000
765.340000000000	283.850000000000
765.440000000000	283.840000000000
765.540000000000	283.830000000000
765.640000000000	283.830000000000
765.740000000000	283.820000000000
765.840000000000	283.810000000000
765.940000000000	283.810000000000
766	283.800000000000
766.010000000000	283.800000000000
766.020000000000	283.790000000000
766.050000000000	283.770000000000
766.140000000000	283.680000000000
766.240000000000	283.570000000000
766.340000000000	283.470000000000
766.440000000000	283.350000000000
766.540000000000	283.240000000000
766.640000000000	283.130000000000
766.740000000000	283.010000000000
766.840000000000	282.900000000000
766.940000000000	282.780000000000
767	282.710000000000
767.010000000000	282.700000000000
767.020000000000	282.700000000000
767.050000000000	282.690000000000
767.140000000000	282.670000000000
767.240000000000	282.650000000000
767.340000000000	282.640000000000
767.440000000000	282.630000000000
767.540000000000	282.620000000000
767.640000000000	282.610000000000
767.740000000000	282.610000000000
767.840000000000	282.600000000000
767.940000000000	282.590000000000
768	282.590000000000
768.010000000000	282.590000000000
768.020000000000	282.580000000000
768.050000000000	282.570000000000
768.140000000000	282.540000000000
768.240000000000	282.490000000000
768.340000000000	282.440000000000
768.440000000000	282.400000000000
768.540000000000	282.350000000000
768.640000000000	282.300000000000
768.740000000000	282.250000000000
768.840000000000	282.210000000000
768.940000000000	282.160000000000
769	282.130000000000
769.010000000000	282.120000000000
769.020000000000	282.120000000000
769.050000000000	282.100000000000
769.140000000000	282.040000000000
769.240000000000	281.970000000000
769.340000000000	281.900000000000
769.440000000000	281.830000000000
769.540000000000	281.760000000000
769.640000000000	281.690000000000
769.740000000000	281.620000000000
769.840000000000	281.540000000000
769.940000000000	281.470000000000
770	281.430000000000